-- MySQL dump 10.9
--
-- Host: localhost    Database: qcodo_api
-- ------------------------------------------------------
-- Server version	4.1.12-standard

/*!40101 SET @OLD_CHARACTER_SET_CLIENT=@@CHARACTER_SET_CLIENT */;
/*!40101 SET @OLD_CHARACTER_SET_RESULTS=@@CHARACTER_SET_RESULTS */;
/*!40101 SET @OLD_COLLATION_CONNECTION=@@COLLATION_CONNECTION */;
/*!40101 SET NAMES utf8 */;
/*!40014 SET @OLD_UNIQUE_CHECKS=@@UNIQUE_CHECKS, UNIQUE_CHECKS=0 */;
/*!40014 SET @OLD_FOREIGN_KEY_CHECKS=@@FOREIGN_KEY_CHECKS, FOREIGN_KEY_CHECKS=0 */;
/*!40101 SET @OLD_SQL_MODE=@@SQL_MODE, SQL_MODE='NO_AUTO_VALUE_ON_ZERO' */;
/*!40111 SET @OLD_SQL_NOTES=@@SQL_NOTES, SQL_NOTES=0 */;

--
-- Table structure for table `class_group`
--

DROP TABLE IF EXISTS `class_group`;
CREATE TABLE `class_group` (
  `id` int(10) unsigned NOT NULL auto_increment,
  `name` varchar(50) default NULL,
  `order_number` int(11) default NULL,
  PRIMARY KEY  (`id`)
) ENGINE=MyISAM DEFAULT CHARSET=latin1;

--
-- Dumping data for table `class_group`
--


/*!40000 ALTER TABLE `class_group` DISABLE KEYS */;
LOCK TABLES `class_group` WRITE;
INSERT INTO `class_group` VALUES (1,'PHP Classes',12),(2,'Core Framework',1),(3,'Code Generator',2),(4,'QForm and QControls',7),(5,'QForm Actions',8),(6,'QForm Events',9),(7,'QForm Enumerations',10),(8,'Database and Adapters',3),(9,'Qcodo Query',6),(10,'Email and WebServices',4),(11,'Core Exceptions',11),(12,'Internationalization',5);
UNLOCK TABLES;
/*!40000 ALTER TABLE `class_group` ENABLE KEYS */;

--
-- Table structure for table `class_property`
--

DROP TABLE IF EXISTS `class_property`;
CREATE TABLE `class_property` (
  `id` int(10) unsigned NOT NULL auto_increment,
  `qcodo_class_id` int(10) unsigned NOT NULL default '0',
  `variable_group_id` int(10) unsigned default NULL,
  `variable_id` int(10) unsigned NOT NULL default '0',
  `class_variable_id` int(10) unsigned default NULL,
  `read_only_flag` tinyint(1) default NULL,
  `write_only_flag` tinyint(1) default NULL,
  PRIMARY KEY  (`id`),
  UNIQUE KEY `variable_id` (`variable_id`),
  KEY `class_property_qcodo_class_id_idx` (`qcodo_class_id`),
  KEY `class_property_variable_group_id_idx` (`variable_group_id`),
  KEY `class_property_variable_id_idx` (`variable_id`),
  KEY `class_property_class_variable_id_idx` (`class_variable_id`),
  KEY `ix_classproperty_1` (`qcodo_class_id`,`variable_group_id`)
) ENGINE=MyISAM DEFAULT CHARSET=latin1;

--
-- Dumping data for table `class_property`
--


/*!40000 ALTER TABLE `class_property` DISABLE KEYS */;
LOCK TABLES `class_property` WRITE;
INSERT INTO `class_property` VALUES (1,6,1,36,1,0,0),(2,6,1,37,2,0,0),(3,6,1,38,3,0,0),(4,6,1,39,4,0,0),(5,6,1,40,5,0,0),(6,6,1,41,7,0,0),(7,6,1,42,6,0,0),(8,15,1,104,21,0,0),(9,15,1,105,22,0,0),(10,15,1,106,23,0,0),(11,15,1,107,24,0,0),(12,15,1,108,25,0,0),(13,15,1,109,26,0,0),(14,15,1,110,27,0,0),(15,15,1,111,28,0,0),(16,15,1,112,34,0,0),(17,15,1,113,29,0,0),(18,15,1,114,30,0,0),(19,15,1,115,31,0,0),(20,15,1,116,32,0,0),(21,15,1,117,33,0,0),(22,15,1,118,35,0,0),(23,26,1,123,36,0,0),(24,26,1,124,37,1,0),(25,26,1,125,38,0,0),(26,29,1,141,41,0,0),(27,29,1,142,42,0,0),(28,29,1,143,43,0,0),(29,29,1,144,44,0,0),(30,29,1,145,45,0,0),(31,5,1,158,50,0,0),(32,5,1,159,51,0,0),(33,5,1,160,52,0,0),(34,5,1,161,53,0,0),(35,5,1,162,NULL,1,0),(36,5,1,163,54,1,0),(37,31,1,182,56,0,0),(38,31,1,183,57,0,0),(39,31,1,184,58,0,0),(40,31,1,185,59,0,0),(41,31,1,186,60,0,0),(42,31,1,187,61,0,0),(43,31,1,188,62,0,0),(44,31,1,189,63,0,0),(45,31,1,190,64,0,0),(46,31,1,191,65,0,0),(47,31,1,192,66,0,0),(48,31,1,193,67,0,0),(49,31,1,194,68,0,0),(50,31,1,195,69,0,0),(51,31,1,196,70,0,0),(52,32,1,203,71,0,0),(53,32,1,204,72,0,0),(54,32,1,205,73,0,0),(55,27,1,213,74,1,0),(56,27,1,214,76,1,0),(57,33,1,222,77,0,0),(58,33,1,223,78,0,0),(59,33,1,224,79,0,0),(60,33,1,225,81,0,0),(61,33,1,226,80,0,0),(62,34,1,232,82,1,0),(63,34,1,233,83,1,0),(64,34,1,234,84,1,0),(65,34,1,235,85,1,0),(66,35,1,241,87,1,0),(67,35,1,242,88,1,0),(68,35,1,243,89,1,0),(69,77,1,360,NULL,0,0),(70,77,1,361,112,0,0),(71,78,1,367,114,0,0),(72,79,1,371,115,1,0),(73,80,1,377,116,1,0),(74,80,1,378,117,1,0),(75,83,1,387,118,1,0),(76,84,1,391,119,1,0),(77,85,1,395,120,1,0),(78,9,1,417,127,0,0),(79,9,1,418,128,0,0),(80,9,1,419,129,0,0),(81,25,1,433,131,0,0),(82,25,1,434,132,0,0),(83,25,1,435,133,0,0),(84,25,1,436,134,0,0),(85,25,1,437,135,0,0),(86,25,1,438,NULL,0,0),(87,25,1,439,NULL,0,0),(88,25,1,440,136,0,0),(89,25,1,441,NULL,1,0),(90,25,1,442,NULL,1,0),(91,25,1,443,NULL,1,0),(92,25,1,444,NULL,0,0),(93,95,1,456,142,0,0),(94,95,1,457,143,0,0),(95,95,1,458,144,0,0),(96,95,1,459,145,1,0),(97,95,1,460,146,1,0),(98,96,1,469,NULL,1,0),(99,96,1,470,NULL,0,0),(100,96,1,471,NULL,0,0),(101,96,1,472,NULL,0,0),(102,96,1,473,NULL,1,0),(103,96,1,474,NULL,1,0),(104,96,1,475,NULL,0,0),(105,96,1,476,NULL,0,0),(106,97,1,491,149,0,0),(107,97,1,492,150,0,0),(108,97,1,493,152,0,0),(109,97,1,494,153,0,0),(110,97,1,495,154,1,0),(111,97,1,496,151,1,0),(112,97,1,497,155,1,0),(113,97,1,498,156,1,0),(114,98,1,513,NULL,1,0),(115,98,1,514,159,0,0),(116,99,1,517,160,0,0),(117,99,1,518,161,0,0),(118,99,1,519,NULL,0,1),(119,20,1,546,162,0,0),(120,20,1,547,163,0,0),(121,20,1,548,164,0,0),(122,20,1,549,166,0,0),(123,20,1,550,165,0,0),(124,20,1,551,167,0,0),(125,20,1,552,168,0,0),(126,20,1,553,169,0,0),(127,20,1,554,170,0,0),(128,20,1,555,178,0,0),(129,20,1,556,179,0,0),(130,20,1,557,177,0,0),(131,100,1,575,NULL,0,0),(132,100,1,576,NULL,1,0),(133,100,1,577,187,1,0),(134,100,1,578,188,1,0),(135,100,1,579,181,0,0),(136,100,1,580,182,0,0),(137,100,1,581,183,0,0),(138,100,1,582,184,0,0),(139,100,1,583,185,0,0),(140,100,1,584,186,0,0),(141,100,1,585,192,0,0),(142,100,1,586,NULL,0,1),(143,101,1,614,193,0,0),(144,101,1,615,194,0,0),(145,101,1,616,195,0,0),(146,101,1,617,196,0,0),(147,101,1,618,197,0,0),(148,101,1,619,198,0,0),(149,101,1,620,199,0,0),(150,101,1,621,200,0,0),(151,101,1,622,201,0,0),(152,101,1,623,202,0,0),(153,101,1,624,203,0,0),(154,101,1,625,204,0,0),(155,101,1,626,205,0,0),(156,101,1,627,206,0,0),(157,101,1,628,207,0,0),(158,101,1,629,208,0,0),(159,101,1,630,209,0,0),(160,101,1,631,210,0,0),(161,101,1,632,211,0,0),(162,101,1,633,NULL,0,0),(163,101,1,634,NULL,0,0),(164,101,1,635,213,0,0),(165,101,1,636,212,0,0),(166,101,1,637,214,0,0),(167,13,1,647,215,0,0),(168,13,1,648,216,0,0),(169,13,1,649,217,0,0),(170,13,1,650,218,0,0),(171,11,1,692,220,1,0),(172,11,1,693,226,1,0),(173,11,1,694,227,1,0),(174,11,1,695,221,1,0),(175,103,1,718,233,0,0),(176,103,1,719,234,0,0),(177,103,1,720,235,0,0),(178,103,1,721,236,0,0),(179,103,1,722,237,0,0),(180,103,1,723,238,0,0),(181,103,1,724,239,0,0),(182,103,1,725,240,0,0),(183,103,1,726,241,0,0),(184,103,1,727,242,0,0),(185,103,1,728,243,0,0),(186,103,1,729,244,0,0),(187,103,1,730,245,0,0),(188,103,1,731,246,0,0),(189,103,1,732,247,0,0),(190,103,1,733,248,0,0),(191,103,1,734,249,0,0),(192,104,1,740,250,0,0),(193,104,1,741,251,0,0),(194,104,1,742,252,0,0),(195,104,1,743,253,0,0),(196,104,1,744,254,0,0),(197,105,1,749,255,0,0),(198,105,1,750,256,0,0),(199,105,1,751,257,0,0),(200,105,1,752,258,0,0),(201,106,1,760,259,0,0),(202,106,1,761,260,0,0),(203,106,1,762,261,0,0),(204,106,1,763,263,0,0),(205,106,1,764,262,0,0),(206,107,1,770,264,0,0),(207,107,1,771,265,0,0),(208,107,1,772,266,0,0),(209,107,1,773,267,0,0),(210,107,1,774,268,0,0),(211,3,1,816,269,0,0),(212,3,1,817,270,0,0),(213,3,1,818,271,0,0),(214,3,1,819,273,0,0),(215,3,1,820,274,0,0),(216,3,1,821,275,0,0),(217,3,1,822,276,0,0),(218,3,1,823,277,0,0),(219,3,1,824,278,0,0),(220,3,1,825,279,0,0),(221,3,1,826,NULL,1,0),(222,3,1,827,NULL,1,0),(223,3,1,828,281,1,0),(224,3,1,829,282,0,0),(225,3,1,830,283,0,0),(226,3,1,831,284,0,0),(227,3,1,832,285,0,0),(228,3,1,833,286,0,0),(229,3,1,834,287,0,0),(230,3,1,835,NULL,0,1),(231,108,1,848,288,0,0),(232,108,1,849,290,0,0),(233,108,1,850,289,0,0),(234,108,1,851,292,0,0),(235,108,1,852,293,0,0),(236,7,1,944,294,0,0),(237,7,1,945,295,0,0),(238,7,1,946,296,0,0),(239,7,1,947,297,0,0),(240,7,1,948,298,0,0),(241,7,1,949,299,0,0),(242,7,1,950,300,0,0),(243,7,1,951,301,0,0),(244,7,1,952,302,0,0),(245,7,1,953,303,0,0),(246,7,1,954,304,0,0),(247,7,1,955,305,0,0),(248,7,1,956,306,0,0),(249,7,1,957,307,0,0),(250,7,1,958,308,0,0),(251,7,1,959,309,0,0),(252,7,1,960,310,0,0),(253,7,1,961,311,0,0),(254,7,1,962,312,0,0),(255,7,1,963,313,0,0),(256,7,1,964,314,0,0),(257,7,1,965,315,0,0),(258,7,1,966,316,0,0),(259,7,1,967,317,1,0),(260,7,1,968,318,0,0),(261,7,1,969,319,0,0),(262,7,1,970,320,0,0),(263,7,1,971,321,0,0),(264,7,1,972,322,0,0),(265,7,1,973,323,0,0),(266,7,1,974,324,0,0),(267,7,1,975,325,0,0),(268,7,1,976,326,0,0),(269,7,1,977,327,0,0),(270,7,1,978,328,0,0),(271,7,1,979,329,0,0),(272,7,1,980,330,1,0),(273,7,1,981,331,1,0),(274,7,1,982,332,1,0),(275,7,1,983,334,0,0),(276,7,1,984,335,1,0),(277,7,1,985,336,1,0),(278,7,1,986,339,1,0),(279,7,1,987,337,1,0),(280,7,1,988,338,1,0),(281,7,1,989,343,0,0),(282,7,1,990,346,1,0),(283,7,1,991,344,1,0),(284,7,1,992,345,1,0),(285,109,1,996,348,0,0),(286,109,1,997,349,0,0),(287,109,1,998,350,0,0),(288,110,1,1001,351,0,0),(289,110,1,1002,352,0,0),(290,17,1,1026,356,0,0),(291,17,1,1027,357,0,0),(292,17,1,1028,358,0,0),(293,17,1,1029,359,0,0),(294,17,1,1030,360,0,0),(295,17,1,1031,361,0,0),(296,17,1,1032,362,0,0),(297,17,1,1033,363,0,0),(298,17,1,1034,364,0,0),(299,17,1,1035,365,0,0),(300,17,1,1036,366,0,0),(301,17,1,1037,367,0,0),(302,17,1,1038,368,0,0),(303,17,1,1039,369,0,0),(304,17,1,1040,370,0,0),(305,17,1,1041,371,1,0),(306,17,1,1042,353,0,1),(307,17,1,1043,354,0,1),(308,17,1,1044,355,0,1),(309,17,1,1045,NULL,0,1),(310,17,1,1046,NULL,0,1),(311,17,1,1047,NULL,0,1),(312,115,1,1080,NULL,1,0),(313,128,1,1113,NULL,1,0),(314,133,1,1144,NULL,1,0),(315,138,1,1165,NULL,1,0),(316,141,1,1186,396,0,0),(317,141,1,1187,397,0,0),(318,141,1,1188,398,0,0),(319,141,1,1189,399,0,0),(320,141,1,1190,400,0,0),(321,141,1,1191,401,0,0),(322,141,1,1192,402,0,0),(323,141,1,1193,403,0,0),(324,141,1,1194,404,0,0),(325,141,1,1195,405,0,0),(326,141,1,1196,406,0,0),(327,141,1,1197,407,0,0),(328,141,1,1198,408,0,0),(329,141,1,1199,409,0,0),(330,142,1,1212,410,0,0),(331,142,1,1213,411,0,0),(332,142,1,1214,412,0,0),(333,142,1,1215,413,0,0),(334,142,1,1216,414,0,0),(335,142,1,1217,415,0,0),(336,142,1,1218,416,0,0),(337,142,1,1219,417,0,0),(338,142,1,1220,418,0,0),(339,142,1,1221,419,0,0),(340,142,1,1222,420,0,0),(341,142,1,1223,421,0,0),(342,143,1,1296,424,0,0),(343,144,1,1305,435,0,0),(344,144,1,1306,436,0,0),(345,144,1,1307,437,0,0),(346,144,1,1308,438,0,0),(347,145,1,1314,439,0,0),(348,145,1,1315,440,0,0),(349,145,1,1316,441,0,0),(350,145,1,1317,442,0,0),(351,146,1,1325,443,0,0),(352,146,1,1326,444,0,0),(353,146,1,1327,445,0,0),(354,146,1,1328,446,0,0),(355,146,1,1329,447,0,0),(356,146,1,1330,448,0,0),(357,146,1,1331,449,0,0),(358,148,1,1391,450,1,0),(359,148,1,1392,452,1,0),(360,148,1,1393,455,1,0),(361,150,1,1414,479,0,0),(362,150,1,1415,480,0,0),(363,150,1,1416,481,0,0),(364,150,1,1417,482,0,0),(365,150,1,1418,483,0,0),(366,150,1,1419,484,0,0),(367,150,1,1420,485,0,0),(368,150,1,1421,486,0,0),(369,150,1,1422,487,0,0),(370,150,1,1423,488,0,0),(371,150,1,1424,489,0,0),(372,150,1,1425,490,0,0),(373,150,1,1426,491,0,0),(374,150,1,1427,492,0,0),(375,151,1,1430,493,1,0),(376,152,1,1439,494,0,0),(377,152,1,1440,496,0,0),(378,152,1,1441,495,0,0),(379,152,1,1442,497,0,0),(380,152,1,1443,NULL,1,0),(381,152,1,1444,498,0,0),(382,152,1,1445,499,0,0),(383,152,1,1446,500,0,0),(384,152,1,1447,NULL,1,0),(385,160,1,1557,539,0,0),(386,160,1,1558,540,0,0),(387,160,1,1559,541,0,0),(388,160,1,1560,542,0,0),(389,160,1,1561,543,0,0),(390,160,1,1562,544,0,0),(391,160,1,1563,545,0,0),(392,160,1,1564,546,0,0),(393,160,1,1565,547,0,0),(394,160,1,1566,548,0,0),(395,160,1,1567,549,0,0),(396,160,1,1568,550,0,0),(397,160,1,1569,551,0,0),(398,163,1,1595,558,0,0),(399,163,1,1596,559,0,0),(400,163,1,1597,560,0,0),(401,163,1,1598,561,0,0),(402,163,1,1599,563,0,0),(403,163,1,1600,564,0,0),(404,163,1,1601,565,0,0),(405,163,1,1602,566,0,0),(406,121,1,1631,570,1,0),(407,121,1,1632,571,1,0),(408,121,1,1633,568,1,0),(409,121,1,1634,NULL,1,0),(410,127,1,1647,572,1,0),(411,127,1,1648,573,1,0),(412,127,1,1649,574,1,0),(413,127,1,1650,575,1,0),(414,127,1,1651,576,1,0),(415,127,1,1652,577,1,0),(416,127,1,1653,578,1,0),(417,127,1,1654,579,1,0),(418,127,1,1655,580,1,0),(419,127,1,1656,581,1,0),(420,127,1,1657,582,1,0),(421,127,1,1658,583,1,0),(422,122,1,1664,584,1,0),(423,122,1,1665,585,1,0),(424,165,1,1674,586,1,0),(425,165,1,1675,587,1,0),(426,165,1,1676,588,1,0),(427,165,1,1677,589,1,0),(428,166,1,1686,590,1,0),(429,166,1,1687,591,1,0),(430,166,1,1688,592,1,0),(431,166,1,1689,593,1,0),(432,171,1,1812,627,0,0),(433,171,1,1813,628,0,0),(434,171,1,1814,629,0,0),(435,171,1,1815,630,0,0),(436,172,1,1824,631,0,0),(437,172,1,1825,633,0,0),(438,173,1,1841,637,1,0),(439,173,1,1842,636,1,0),(440,179,1,1866,NULL,1,0),(441,179,1,1867,NULL,1,0),(442,179,1,1868,NULL,1,0),(443,179,1,1869,NULL,1,0),(444,179,1,1870,NULL,1,0),(445,179,1,1871,NULL,1,0),(446,179,1,1872,NULL,1,0),(447,179,1,1873,NULL,1,0),(448,216,1,2033,685,1,0),(449,216,1,2034,686,1,0),(450,216,1,2035,683,1,0),(451,219,1,2079,687,0,0),(452,219,1,2080,688,0,0),(453,219,1,2081,689,0,0),(454,219,1,2082,690,0,0),(455,219,1,2083,691,0,0),(456,219,1,2084,692,0,0),(457,219,1,2085,NULL,0,0),(458,223,1,2119,704,0,0),(459,223,1,2120,705,0,0),(460,223,1,2121,706,0,0),(461,223,1,2122,707,0,0),(462,223,1,2123,708,0,0),(463,223,1,2124,709,0,0),(464,223,1,2125,710,0,0),(465,223,1,2126,711,1,0),(466,15,1,2129,712,0,0),(467,32,1,2134,713,0,0),(468,13,1,2148,716,0,0),(469,227,1,2166,NULL,1,0),(470,227,1,2167,NULL,1,0),(471,227,1,2168,NULL,1,0),(472,227,1,2169,NULL,1,0),(473,227,1,2170,NULL,1,0),(474,227,1,2171,717,0,0),(475,227,1,2172,NULL,1,0),(476,219,1,2179,NULL,1,0),(477,7,1,2221,726,1,0),(478,232,1,2250,733,0,0),(479,232,1,2251,734,0,0),(480,232,1,2252,735,0,0),(481,32,1,2276,736,0,0),(482,104,1,2279,737,0,0),(483,105,1,2281,738,0,0),(484,107,1,2283,739,0,0),(485,109,1,2285,740,0,0),(486,232,1,2313,742,0,0),(487,11,1,2387,764,0,0),(488,11,1,2388,765,0,0),(489,233,1,2405,767,0,0),(490,233,1,2406,768,0,0),(491,233,1,2407,769,0,0),(492,233,1,2408,770,0,0),(493,233,1,2409,773,0,0),(494,233,1,2410,774,0,0),(495,233,1,2411,771,0,0),(496,233,1,2412,772,0,0),(497,233,1,2413,NULL,0,1),(498,233,1,2414,NULL,0,1),(499,233,1,2415,NULL,0,1),(500,233,1,2416,NULL,0,1),(501,233,1,2417,766,0,1),(502,233,1,2418,NULL,0,1),(503,233,1,2419,NULL,0,1),(504,150,1,2431,777,0,0),(505,227,1,2437,NULL,1,0),(506,121,1,2442,NULL,1,0),(507,121,1,2443,NULL,1,0),(508,121,1,2444,NULL,1,0),(509,121,1,2445,NULL,1,0),(510,121,1,2446,NULL,1,0),(511,121,1,2447,NULL,1,0),(512,235,1,2465,752,0,0),(513,235,1,2466,753,1,0),(514,235,1,2467,750,0,0),(515,235,1,2468,751,0,0),(516,235,1,2469,755,0,0),(517,235,1,2470,754,0,0),(518,235,1,2471,NULL,0,0),(519,235,1,2472,NULL,0,0),(520,235,1,2473,NULL,0,0),(521,235,1,2474,NULL,0,0),(522,25,1,2514,NULL,1,0),(523,94,1,2536,140,1,0),(524,94,1,2537,NULL,1,0),(525,94,1,2538,783,1,0),(526,239,1,2572,785,0,0),(527,239,1,2573,786,0,0),(528,239,1,2574,784,0,0),(529,244,1,2623,791,1,0),(530,244,1,2624,792,1,0),(531,244,1,2625,793,1,0),(532,244,1,2626,794,1,0),(533,223,1,2633,795,1,0),(534,223,1,2634,NULL,1,0),(535,7,1,2678,803,1,0),(536,239,1,2719,805,0,0),(537,239,1,2720,806,0,0),(538,247,1,2767,811,0,0),(539,247,1,2768,812,0,0),(540,247,1,2769,815,0,0),(541,247,1,2770,813,0,0),(542,179,1,2790,NULL,1,0),(543,250,1,2820,821,0,0),(544,250,1,2821,820,0,0),(545,250,1,2822,NULL,1,0),(546,250,1,2823,822,0,0),(547,79,1,2843,823,1,0),(548,80,1,2846,824,1,0),(549,15,1,2896,826,0,0),(550,20,1,2930,827,0,0),(551,145,1,2952,830,0,0),(552,145,1,2953,829,0,0),(553,216,1,3008,839,1,0),(554,258,1,3018,846,0,0),(555,258,1,3019,847,0,0),(556,77,1,3029,850,0,0),(557,262,1,3042,NULL,0,0),(558,262,1,3043,856,0,0);
UNLOCK TABLES;
/*!40000 ALTER TABLE `class_property` ENABLE KEYS */;

--
-- Table structure for table `class_variable`
--

DROP TABLE IF EXISTS `class_variable`;
CREATE TABLE `class_variable` (
  `id` int(10) unsigned NOT NULL auto_increment,
  `qcodo_class_id` int(10) unsigned NOT NULL default '0',
  `variable_group_id` int(10) unsigned default NULL,
  `protection_type_id` int(10) unsigned NOT NULL default '0',
  `variable_id` int(10) unsigned NOT NULL default '0',
  `read_only_flag` tinyint(1) default NULL,
  `static_flag` tinyint(1) default NULL,
  PRIMARY KEY  (`id`),
  UNIQUE KEY `variable_id` (`variable_id`),
  KEY `class_variable_qcodo_class_id_idx` (`qcodo_class_id`),
  KEY `class_variable_variable_group_id_idx` (`variable_group_id`),
  KEY `class_variable_protection_type_id_idx` (`protection_type_id`),
  KEY `class_variable_variable_id_idx` (`variable_id`),
  KEY `ix_classvariable_1` (`qcodo_class_id`,`variable_group_id`)
) ENGINE=MyISAM DEFAULT CHARSET=latin1;

--
-- Dumping data for table `class_variable`
--


/*!40000 ALTER TABLE `class_variable` DISABLE KEYS */;
LOCK TABLES `class_variable` WRITE;
INSERT INTO `class_variable` VALUES (1,6,1,2,27,NULL,0),(2,6,1,2,28,NULL,0),(3,6,1,2,29,NULL,0),(4,6,1,2,30,NULL,0),(5,6,1,2,31,NULL,0),(6,6,1,2,32,NULL,0),(7,6,1,2,33,NULL,0),(8,10,1,2,44,NULL,0),(9,12,1,1,45,NULL,1),(10,12,1,1,46,NULL,1),(11,14,1,2,47,NULL,0),(12,16,1,2,48,NULL,0),(13,18,1,2,49,NULL,0),(14,19,1,1,50,NULL,0),(15,19,1,1,51,NULL,0),(16,19,1,1,52,NULL,0),(17,21,1,2,71,NULL,0),(18,21,1,2,72,NULL,0),(19,21,1,2,73,NULL,0),(20,21,1,2,74,NULL,0),(21,15,1,2,85,NULL,0),(22,15,1,2,86,NULL,0),(23,15,1,2,87,NULL,0),(24,15,1,2,88,NULL,0),(25,15,1,2,89,NULL,0),(26,15,1,2,90,NULL,0),(27,15,1,2,91,NULL,0),(28,15,1,2,92,NULL,0),(29,15,1,2,93,NULL,0),(30,15,1,2,94,NULL,0),(31,15,1,2,95,NULL,0),(32,15,1,2,96,NULL,0),(33,15,1,2,97,NULL,0),(34,15,1,2,98,NULL,0),(35,15,1,2,99,NULL,0),(36,26,1,2,120,NULL,0),(37,26,1,2,121,NULL,0),(38,26,1,2,122,NULL,0),(39,28,1,2,126,NULL,0),(40,28,1,2,127,NULL,0),(41,29,1,2,132,NULL,0),(42,29,1,2,133,NULL,0),(43,29,1,2,134,NULL,0),(44,29,1,2,135,NULL,0),(45,29,1,2,136,NULL,0),(46,29,1,2,137,NULL,0),(47,29,1,2,138,NULL,0),(48,29,1,2,139,NULL,0),(49,29,1,2,140,NULL,0),(50,5,1,2,146,NULL,0),(51,5,1,2,147,NULL,0),(52,5,1,2,148,NULL,0),(53,5,1,2,149,NULL,0),(54,5,1,2,150,NULL,0),(55,5,1,2,151,NULL,0),(56,31,1,2,164,NULL,0),(57,31,1,2,165,NULL,0),(58,31,1,2,166,NULL,0),(59,31,1,2,167,NULL,0),(60,31,1,2,168,NULL,0),(61,31,1,2,169,NULL,0),(62,31,1,2,170,NULL,0),(63,31,1,2,171,NULL,0),(64,31,1,2,172,NULL,0),(65,31,1,2,173,NULL,0),(66,31,1,2,174,NULL,0),(67,31,1,2,175,NULL,0),(68,31,1,2,176,NULL,0),(69,31,1,2,177,NULL,0),(70,31,1,2,178,NULL,0),(71,32,1,2,197,NULL,0),(72,32,1,2,198,NULL,0),(73,32,1,2,199,NULL,0),(74,27,1,2,206,NULL,0),(75,27,1,2,207,NULL,0),(76,27,1,2,208,NULL,0),(77,33,1,2,215,NULL,0),(78,33,1,2,216,NULL,0),(79,33,1,2,217,NULL,0),(80,33,1,2,218,NULL,0),(81,33,1,2,219,NULL,0),(82,34,1,2,227,NULL,0),(83,34,1,2,228,NULL,0),(84,34,1,2,229,NULL,0),(85,34,1,2,230,NULL,0),(86,34,1,2,231,NULL,0),(87,35,1,2,236,NULL,0),(88,35,1,2,237,NULL,0),(89,35,1,2,238,NULL,0),(90,36,1,2,244,NULL,0),(91,37,1,2,245,NULL,0),(92,38,1,2,246,NULL,0),(93,39,1,2,247,NULL,0),(94,40,1,2,248,NULL,0),(95,41,1,2,249,NULL,0),(96,42,1,2,250,NULL,0),(97,43,1,2,251,NULL,0),(98,44,1,2,252,NULL,0),(99,45,1,2,253,NULL,0),(100,46,1,2,254,NULL,0),(101,47,1,2,255,NULL,0),(102,48,1,2,256,NULL,0),(103,49,1,2,257,NULL,0),(104,50,1,2,258,NULL,0),(105,51,1,2,259,NULL,0),(106,52,1,2,260,NULL,0),(107,53,1,2,261,NULL,0),(108,54,1,2,262,NULL,0),(109,55,1,2,263,NULL,0),(110,56,1,2,264,NULL,0),(111,77,1,2,357,NULL,0),(112,77,1,2,358,NULL,0),(113,77,1,2,359,NULL,0),(114,78,1,2,362,NULL,0),(115,79,1,2,368,NULL,0),(116,80,1,2,372,NULL,0),(117,80,1,2,373,NULL,0),(118,83,1,2,384,NULL,0),(119,84,1,2,388,NULL,0),(120,85,1,2,392,NULL,0),(121,88,1,2,398,NULL,0),(122,88,1,2,399,NULL,0),(123,89,1,2,403,NULL,0),(124,89,1,2,404,NULL,0),(125,90,1,2,408,NULL,0),(126,91,1,2,410,NULL,0),(127,9,1,2,413,NULL,0),(128,9,1,2,414,NULL,0),(129,9,1,2,415,NULL,0),(130,9,1,2,416,NULL,0),(131,25,1,2,420,NULL,0),(132,25,1,2,421,NULL,0),(133,25,1,2,422,NULL,0),(134,25,1,2,423,NULL,0),(135,25,1,2,424,NULL,0),(136,25,1,2,425,NULL,0),(137,25,1,2,426,NULL,0),(138,25,1,2,427,NULL,0),(139,25,1,2,428,NULL,0),(140,94,1,3,445,NULL,0),(141,94,1,3,446,NULL,0),(142,95,1,2,448,NULL,0),(143,95,1,2,449,NULL,0),(144,95,1,2,450,NULL,0),(145,95,1,2,451,NULL,0),(146,95,1,2,452,NULL,0),(147,95,1,2,453,NULL,0),(148,96,1,2,461,NULL,0),(149,97,1,2,477,NULL,0),(150,97,1,2,478,NULL,0),(151,97,1,2,479,NULL,0),(152,97,1,2,480,NULL,0),(153,97,1,2,481,NULL,0),(154,97,1,2,482,NULL,0),(155,97,1,2,483,NULL,0),(156,97,1,2,484,NULL,0),(157,98,1,2,506,NULL,0),(158,98,1,2,507,NULL,0),(159,98,1,2,508,NULL,0),(160,99,1,2,515,NULL,0),(161,99,1,2,516,NULL,0),(162,20,1,2,520,NULL,0),(163,20,1,2,521,NULL,0),(164,20,1,2,522,NULL,0),(165,20,1,2,523,NULL,0),(166,20,1,2,524,NULL,0),(167,20,1,2,525,NULL,0),(168,20,1,2,526,NULL,0),(169,20,1,2,527,NULL,0),(170,20,1,2,528,NULL,0),(171,20,1,2,529,NULL,0),(172,20,1,2,530,NULL,0),(173,20,1,2,531,NULL,0),(174,20,1,2,532,NULL,0),(175,20,1,2,533,NULL,0),(176,20,1,2,534,NULL,0),(177,20,1,2,535,NULL,0),(178,20,1,2,536,NULL,0),(179,20,1,2,537,NULL,0),(180,100,1,2,558,NULL,0),(181,100,1,2,559,NULL,0),(182,100,1,2,560,NULL,0),(183,100,1,2,561,NULL,0),(184,100,1,2,562,NULL,0),(185,100,1,2,563,NULL,0),(186,100,1,2,564,NULL,0),(187,100,1,2,565,NULL,0),(188,100,1,2,566,NULL,0),(189,100,1,2,567,NULL,0),(190,100,1,2,568,NULL,0),(191,100,1,2,569,NULL,0),(192,100,1,2,570,NULL,0),(193,101,1,2,587,NULL,0),(194,101,1,2,588,NULL,0),(195,101,1,2,589,NULL,0),(196,101,1,2,590,NULL,0),(197,101,1,2,591,NULL,0),(198,101,1,2,592,NULL,0),(199,101,1,2,593,NULL,0),(200,101,1,2,594,NULL,0),(201,101,1,2,595,NULL,0),(202,101,1,2,596,NULL,0),(203,101,1,2,597,NULL,0),(204,101,1,2,598,NULL,0),(205,101,1,2,599,NULL,0),(206,101,1,2,600,NULL,0),(207,101,1,2,601,NULL,0),(208,101,1,2,602,NULL,0),(209,101,1,2,603,NULL,0),(210,101,1,2,604,NULL,0),(211,101,1,2,605,NULL,0),(212,101,1,2,606,NULL,0),(213,101,1,2,607,NULL,0),(214,101,1,2,608,NULL,0),(215,13,1,3,638,NULL,0),(216,13,1,2,639,NULL,0),(217,13,1,2,640,NULL,0),(218,13,1,2,641,NULL,0),(219,13,1,2,642,NULL,0),(220,11,1,2,654,NULL,0),(221,11,1,2,655,NULL,0),(222,11,1,2,656,NULL,0),(223,11,1,2,657,NULL,0),(224,11,1,2,658,NULL,0),(225,11,1,2,659,NULL,0),(226,11,1,2,660,NULL,0),(227,11,1,2,661,NULL,0),(228,11,1,1,662,NULL,1),(229,11,1,1,663,NULL,1),(230,11,1,2,664,NULL,0),(231,102,1,2,696,NULL,0),(232,102,1,2,697,NULL,0),(233,103,1,2,698,NULL,0),(234,103,1,2,699,NULL,0),(235,103,1,2,700,NULL,0),(236,103,1,2,701,NULL,0),(237,103,1,2,702,NULL,0),(238,103,1,2,703,NULL,0),(239,103,1,2,704,NULL,0),(240,103,1,2,705,NULL,0),(241,103,1,2,706,NULL,0),(242,103,1,2,707,NULL,0),(243,103,1,2,708,NULL,0),(244,103,1,2,709,NULL,0),(245,103,1,2,710,NULL,0),(246,103,1,2,711,NULL,0),(247,103,1,2,712,NULL,0),(248,103,1,2,713,NULL,0),(249,103,1,2,714,NULL,0),(250,104,1,2,735,NULL,0),(251,104,1,2,736,NULL,0),(252,104,1,2,737,NULL,0),(253,104,1,2,738,NULL,0),(254,104,1,2,739,NULL,0),(255,105,1,2,745,NULL,0),(256,105,1,2,746,NULL,0),(257,105,1,2,747,NULL,0),(258,105,1,2,748,NULL,0),(259,106,1,2,753,NULL,0),(260,106,1,2,754,NULL,0),(261,106,1,2,755,NULL,0),(262,106,1,2,756,NULL,0),(263,106,1,2,757,NULL,0),(264,107,1,2,765,NULL,0),(265,107,1,2,766,NULL,0),(266,107,1,2,767,NULL,0),(267,107,1,2,768,NULL,0),(268,107,1,2,769,NULL,0),(269,3,1,2,775,NULL,0),(270,3,1,2,776,NULL,0),(271,3,1,2,777,NULL,0),(272,3,1,2,778,NULL,0),(273,3,1,2,779,NULL,0),(274,3,1,2,780,NULL,0),(275,3,1,2,781,NULL,0),(276,3,1,2,782,NULL,0),(277,3,1,2,783,NULL,0),(278,3,1,2,784,NULL,0),(279,3,1,2,785,NULL,0),(280,3,1,2,786,NULL,0),(281,3,1,2,787,NULL,0),(282,3,1,2,788,NULL,0),(283,3,1,2,789,NULL,0),(284,3,1,2,790,NULL,0),(285,3,1,2,791,NULL,0),(286,3,1,2,792,NULL,0),(287,3,1,2,793,NULL,0),(288,108,1,2,840,NULL,0),(289,108,1,2,841,NULL,0),(290,108,1,2,842,NULL,0),(291,108,1,2,843,NULL,0),(292,108,1,2,844,NULL,0),(293,108,1,2,845,NULL,0),(294,7,1,2,853,NULL,0),(295,7,1,2,854,NULL,0),(296,7,1,2,855,NULL,0),(297,7,1,2,856,NULL,0),(298,7,1,2,857,NULL,0),(299,7,1,2,858,NULL,0),(300,7,1,2,859,NULL,0),(301,7,1,2,860,NULL,0),(302,7,1,2,861,NULL,0),(303,7,1,2,862,NULL,0),(304,7,1,2,863,NULL,0),(305,7,1,2,864,NULL,0),(306,7,1,2,865,NULL,0),(307,7,1,2,866,NULL,0),(308,7,1,2,867,NULL,0),(309,7,1,2,868,NULL,0),(310,7,1,2,869,NULL,0),(311,7,1,2,870,NULL,0),(312,7,1,2,871,NULL,0),(313,7,1,2,872,NULL,0),(314,7,1,2,873,NULL,0),(315,7,1,2,874,NULL,0),(316,7,1,2,875,NULL,0),(317,7,1,2,876,NULL,0),(318,7,1,2,877,NULL,0),(319,7,1,2,878,NULL,0),(320,7,1,2,879,NULL,0),(321,7,1,2,880,NULL,0),(322,7,1,2,881,NULL,0),(323,7,1,2,882,NULL,0),(324,7,1,2,883,NULL,0),(325,7,1,2,884,NULL,0),(326,7,1,2,885,NULL,0),(327,7,1,2,886,NULL,0),(328,7,1,2,887,NULL,0),(329,7,1,2,888,NULL,0),(330,7,1,2,889,NULL,0),(331,7,1,2,890,NULL,0),(332,7,1,2,891,NULL,0),(333,7,1,2,892,NULL,0),(334,7,1,2,893,NULL,0),(335,7,1,2,894,NULL,0),(336,7,1,2,895,NULL,0),(337,7,1,2,896,NULL,0),(338,7,1,2,897,NULL,0),(339,7,1,2,898,NULL,0),(340,7,1,2,899,NULL,0),(341,7,1,2,900,NULL,0),(342,7,1,2,901,NULL,0),(343,7,1,2,902,NULL,0),(344,7,1,2,903,NULL,0),(345,7,1,2,904,NULL,0),(346,7,1,2,905,NULL,0),(347,7,1,2,906,NULL,0),(348,109,1,2,993,NULL,0),(349,109,1,2,994,NULL,0),(350,109,1,2,995,NULL,0),(351,110,1,2,999,NULL,0),(352,110,1,2,1000,NULL,0),(353,17,1,2,1006,NULL,0),(354,17,1,2,1007,NULL,0),(355,17,1,2,1008,NULL,0),(356,17,1,2,1009,NULL,0),(357,17,1,2,1010,NULL,0),(358,17,1,2,1011,NULL,0),(359,17,1,2,1012,NULL,0),(360,17,1,2,1013,NULL,0),(361,17,1,2,1014,NULL,0),(362,17,1,2,1015,NULL,0),(363,17,1,2,1016,NULL,0),(364,17,1,2,1017,NULL,0),(365,17,1,2,1018,NULL,0),(366,17,1,2,1019,NULL,0),(367,17,1,2,1020,NULL,0),(368,17,1,2,1021,NULL,0),(369,17,1,2,1022,NULL,0),(370,17,1,2,1023,NULL,0),(371,17,1,2,1024,NULL,0),(372,112,1,1,1048,NULL,1),(373,112,1,1,1049,NULL,1),(374,112,1,1,1050,NULL,1),(375,112,1,1,1051,NULL,1),(376,115,1,2,1060,NULL,0),(377,115,1,2,1061,NULL,0),(378,115,1,2,1062,NULL,0),(379,117,1,2,1084,NULL,0),(380,117,1,2,1085,NULL,0),(381,126,1,2,1088,NULL,0),(382,128,1,2,1096,NULL,0),(383,128,1,2,1097,NULL,0),(384,128,1,2,1098,NULL,0),(385,130,1,2,1117,NULL,0),(386,130,1,2,1118,NULL,0),(387,131,1,2,1121,NULL,0),(388,133,1,2,1128,NULL,0),(389,133,1,2,1129,NULL,0),(390,135,1,2,1148,NULL,0),(391,135,1,2,1149,NULL,0),(392,136,1,2,1152,NULL,0),(393,138,1,2,1159,NULL,0),(394,139,1,2,1166,NULL,0),(395,139,1,2,1167,NULL,0),(396,141,1,2,1172,NULL,0),(397,141,1,2,1173,NULL,0),(398,141,1,2,1174,NULL,0),(399,141,1,2,1175,NULL,0),(400,141,1,2,1176,NULL,0),(401,141,1,2,1177,NULL,0),(402,141,1,2,1178,NULL,0),(403,141,1,2,1179,NULL,0),(404,141,1,2,1180,NULL,0),(405,141,1,2,1181,NULL,0),(406,141,1,2,1182,NULL,0),(407,141,1,2,1183,NULL,0),(408,141,1,2,1184,NULL,0),(409,141,1,2,1185,NULL,0),(410,142,1,2,1200,NULL,0),(411,142,1,2,1201,NULL,0),(412,142,1,2,1202,NULL,0),(413,142,1,2,1203,NULL,0),(414,142,1,2,1204,NULL,0),(415,142,1,2,1205,NULL,0),(416,142,1,2,1206,NULL,0),(417,142,1,2,1207,NULL,0),(418,142,1,2,1208,NULL,0),(419,142,1,2,1209,NULL,0),(420,142,1,2,1210,NULL,0),(421,142,1,2,1211,NULL,0),(422,143,1,2,1230,NULL,0),(423,143,1,2,1231,NULL,0),(424,143,1,2,1232,NULL,0),(425,143,1,1,1233,NULL,1),(426,143,1,2,1234,NULL,1),(427,143,1,2,1235,NULL,1),(428,143,1,1,1236,NULL,1),(429,143,1,2,1237,NULL,1),(430,143,1,2,1238,NULL,1),(431,143,1,2,1239,NULL,1),(432,143,1,2,1240,NULL,1),(433,143,1,2,1241,NULL,1),(434,143,1,1,1242,NULL,1),(435,144,1,2,1301,NULL,0),(436,144,1,2,1302,NULL,0),(437,144,1,2,1303,NULL,0),(438,144,1,2,1304,NULL,0),(439,145,1,2,1309,NULL,0),(440,145,1,2,1310,NULL,0),(441,145,1,2,1311,NULL,0),(442,145,1,2,1312,NULL,0),(443,146,1,2,1318,NULL,0),(444,146,1,2,1319,NULL,0),(445,146,1,2,1320,NULL,0),(446,146,1,2,1321,NULL,0),(447,146,1,2,1322,NULL,0),(448,146,1,2,1323,NULL,0),(449,146,1,2,1324,NULL,0),(450,148,1,2,1332,NULL,0),(451,148,1,2,1333,NULL,0),(452,148,1,2,1334,NULL,0),(453,148,1,2,1335,NULL,0),(454,148,1,2,1336,NULL,0),(455,148,1,2,1337,NULL,0),(456,148,1,2,1338,NULL,0),(457,148,1,2,1339,NULL,0),(458,148,1,2,1340,NULL,0),(459,148,1,2,1341,NULL,0),(460,148,1,2,1342,NULL,0),(461,148,1,2,1343,NULL,0),(462,148,1,2,1344,NULL,0),(463,148,1,2,1345,NULL,0),(464,148,1,2,1346,NULL,0),(465,148,1,2,1347,NULL,0),(466,148,1,2,1348,NULL,0),(467,148,1,2,1349,NULL,0),(468,148,1,2,1350,NULL,0),(469,148,1,2,1351,NULL,0),(470,148,1,2,1352,NULL,0),(471,148,1,2,1353,NULL,0),(472,148,1,2,1354,NULL,0),(473,148,1,2,1355,NULL,0),(474,148,1,2,1356,NULL,0),(475,148,1,2,1357,NULL,0),(476,148,1,2,1358,NULL,0),(477,148,1,2,1359,NULL,0),(478,148,1,2,1360,NULL,0),(479,150,1,2,1400,NULL,0),(480,150,1,2,1401,NULL,0),(481,150,1,2,1402,NULL,0),(482,150,1,2,1403,NULL,0),(483,150,1,2,1404,NULL,0),(484,150,1,2,1405,NULL,0),(485,150,1,2,1406,NULL,0),(486,150,1,2,1407,NULL,0),(487,150,1,2,1408,NULL,0),(488,150,1,2,1409,NULL,0),(489,150,1,2,1410,NULL,0),(490,150,1,2,1411,NULL,0),(491,150,1,2,1412,NULL,0),(492,150,1,2,1413,NULL,0),(493,151,1,2,1428,NULL,0),(494,152,1,2,1431,NULL,0),(495,152,1,2,1432,NULL,0),(496,152,1,2,1433,NULL,0),(497,152,1,2,1434,NULL,0),(498,152,1,2,1435,NULL,0),(499,152,1,2,1436,NULL,0),(500,152,1,2,1437,NULL,0),(501,153,1,2,1448,NULL,0),(502,153,1,2,1449,NULL,0),(503,153,1,2,1450,NULL,0),(504,155,1,2,1463,NULL,0),(505,155,1,2,1464,NULL,0),(506,155,1,2,1465,NULL,0),(507,155,1,2,1466,NULL,0),(508,155,1,1,1467,NULL,1),(509,155,1,1,1468,NULL,1),(510,155,1,1,1469,NULL,1),(511,155,1,1,1470,NULL,1),(512,155,1,1,1471,NULL,1),(513,1,1,1,1480,NULL,1),(514,1,1,2,1481,NULL,1),(515,1,1,1,1482,NULL,1),(516,1,1,1,1483,NULL,1),(517,1,1,1,1484,NULL,1),(518,1,1,1,1485,NULL,1),(519,1,1,1,1486,NULL,1),(520,1,1,1,1487,NULL,1),(521,1,1,1,1488,NULL,1),(522,1,1,1,1489,NULL,1),(523,1,1,1,1490,NULL,1),(524,1,1,1,1491,NULL,1),(525,1,1,1,1492,NULL,1),(526,1,1,1,1493,NULL,1),(527,1,1,1,1494,NULL,1),(528,1,1,1,1495,NULL,1),(529,1,1,1,1496,NULL,1),(530,1,1,1,1497,NULL,1),(531,1,1,1,1498,NULL,1),(532,1,1,1,1499,NULL,1),(533,1,1,3,1500,NULL,1),(534,1,1,1,1501,NULL,1),(535,1,1,1,1502,NULL,1),(536,1,1,1,1503,NULL,1),(537,1,1,1,1504,NULL,1),(538,159,1,2,1533,NULL,0),(539,160,1,2,1539,NULL,0),(540,160,1,2,1540,NULL,0),(541,160,1,2,1541,NULL,0),(542,160,1,2,1542,NULL,0),(543,160,1,2,1543,NULL,0),(544,160,1,2,1544,NULL,0),(545,160,1,2,1545,NULL,0),(546,160,1,2,1546,NULL,0),(547,160,1,2,1547,NULL,0),(548,160,1,2,1548,NULL,0),(549,160,1,2,1549,NULL,0),(550,160,1,2,1550,NULL,0),(551,160,1,2,1551,NULL,0),(552,160,1,2,1552,NULL,0),(553,161,1,2,1570,NULL,0),(554,161,1,2,1571,NULL,0),(555,161,1,2,1572,NULL,0),(556,162,1,2,1578,NULL,0),(557,162,1,2,1579,NULL,0),(558,163,1,2,1582,NULL,0),(559,163,1,2,1583,NULL,0),(560,163,1,2,1584,NULL,0),(561,163,1,2,1585,NULL,0),(562,163,1,2,1586,NULL,0),(563,163,1,2,1587,NULL,0),(564,163,1,2,1588,NULL,0),(565,163,1,2,1589,NULL,0),(566,163,1,2,1590,NULL,0),(567,121,1,2,1608,NULL,0),(568,121,1,2,1609,NULL,0),(569,121,1,2,1610,NULL,0),(570,121,1,2,1611,NULL,0),(571,121,1,2,1612,NULL,0),(572,127,1,2,1635,NULL,0),(573,127,1,2,1636,NULL,0),(574,127,1,2,1637,NULL,0),(575,127,1,2,1638,NULL,0),(576,127,1,2,1639,NULL,0),(577,127,1,2,1640,NULL,0),(578,127,1,2,1641,NULL,0),(579,127,1,2,1642,NULL,0),(580,127,1,2,1643,NULL,0),(581,127,1,2,1644,NULL,0),(582,127,1,2,1645,NULL,0),(583,127,1,2,1646,NULL,0),(584,122,1,2,1662,NULL,0),(585,122,1,2,1663,NULL,0),(586,165,1,2,1666,NULL,0),(587,165,1,2,1667,NULL,0),(588,165,1,2,1668,NULL,0),(589,165,1,2,1669,NULL,0),(590,166,1,2,1678,NULL,0),(591,166,1,2,1679,NULL,0),(592,166,1,2,1680,NULL,0),(593,166,1,2,1681,NULL,0),(594,168,1,1,1699,NULL,1),(595,168,1,2,1700,NULL,0),(596,168,1,2,1701,NULL,0),(597,168,1,2,1702,NULL,0),(598,168,1,2,1703,NULL,0),(599,169,1,1,1714,NULL,1),(600,169,1,1,1715,NULL,1),(601,169,1,2,1716,NULL,0),(602,169,1,2,1717,NULL,0),(603,169,1,2,1718,NULL,0),(604,169,1,2,1719,NULL,0),(605,169,1,2,1720,NULL,0),(606,169,1,2,1721,NULL,0),(607,169,1,2,1722,NULL,0),(608,169,1,2,1723,NULL,0),(609,169,1,2,1724,NULL,0),(610,169,1,2,1725,NULL,0),(611,169,1,2,1726,NULL,0),(612,169,1,1,1727,NULL,0),(613,169,1,2,1728,NULL,0),(614,169,1,2,1729,NULL,0),(615,169,1,2,1730,NULL,0),(616,169,1,2,1731,NULL,0),(617,169,1,2,1732,NULL,0),(618,169,1,2,1733,NULL,0),(619,169,1,2,1734,NULL,0),(620,169,1,2,1735,NULL,0),(621,169,1,2,1736,NULL,0),(622,169,1,2,1737,NULL,0),(623,169,1,2,1738,NULL,0),(624,170,1,1,1786,NULL,0),(625,170,1,1,1787,NULL,0),(626,170,1,1,1788,NULL,0),(627,171,1,2,1801,NULL,0),(628,171,1,2,1802,NULL,0),(629,171,1,2,1803,NULL,0),(630,171,1,2,1804,NULL,0),(631,172,1,2,1816,NULL,0),(632,172,1,2,1817,NULL,0),(633,172,1,2,1818,NULL,0),(634,173,1,1,1826,NULL,1),(635,173,1,2,1827,NULL,0),(636,173,1,2,1828,NULL,0),(637,173,1,2,1829,NULL,0),(638,173,1,2,1830,NULL,0),(639,23,1,3,1843,NULL,0),(640,23,1,3,1844,NULL,0),(641,179,1,2,1855,NULL,0),(642,179,1,2,1856,NULL,0),(643,179,1,2,1857,NULL,0),(644,179,1,2,1858,NULL,0),(645,179,1,2,1859,NULL,0),(646,179,1,2,1860,NULL,0),(647,179,1,2,1861,NULL,0),(648,181,1,2,1886,NULL,0),(649,184,1,2,1907,NULL,0),(650,187,1,2,1913,NULL,0),(651,188,1,2,1917,NULL,0),(652,189,1,2,1918,NULL,0),(653,190,1,2,1919,NULL,0),(654,191,1,1,1922,NULL,0),(655,191,1,1,1923,NULL,0),(656,196,1,2,1937,NULL,0),(657,197,1,2,1939,NULL,0),(658,198,1,2,1941,NULL,0),(659,199,1,2,1942,NULL,0),(660,200,1,2,1943,NULL,0),(661,201,1,2,1944,NULL,0),(662,204,1,2,1981,NULL,0),(663,206,1,2,1986,NULL,0),(664,206,1,2,1987,NULL,0),(665,207,1,2,1991,NULL,0),(666,208,1,2,1994,NULL,0),(667,208,1,2,1995,NULL,0),(668,208,1,2,1996,NULL,0),(669,209,1,2,2000,NULL,0),(670,210,1,2,2001,NULL,0),(671,211,1,2,2002,NULL,0),(672,212,1,2,2003,NULL,0),(673,213,1,2,2004,NULL,0),(674,214,1,2,2007,NULL,0),(675,216,1,2,2011,NULL,0),(676,216,1,2,2012,NULL,0),(677,216,1,2,2013,NULL,0),(678,216,1,2,2014,NULL,0),(679,216,1,2,2015,NULL,0),(680,216,1,2,2016,NULL,0),(681,216,1,2,2017,NULL,0),(682,216,1,2,2018,NULL,0),(683,216,1,2,2019,NULL,0),(684,216,1,2,2020,NULL,0),(685,216,1,2,2021,NULL,0),(686,216,1,2,2022,NULL,0),(687,219,1,2,2067,NULL,0),(688,219,1,2,2068,NULL,0),(689,219,1,2,2069,NULL,0),(690,219,1,2,2070,NULL,0),(691,219,1,2,2071,NULL,0),(692,219,1,2,2072,NULL,0),(693,219,1,1,2073,NULL,1),(694,220,1,3,2087,NULL,0),(695,221,1,1,2091,NULL,1),(696,221,1,1,2092,NULL,1),(697,221,1,1,2093,NULL,1),(698,221,1,1,2094,NULL,1),(699,221,1,1,2095,NULL,1),(700,221,1,1,2096,NULL,1),(701,221,1,1,2097,NULL,1),(702,221,1,1,2098,NULL,1),(703,221,1,1,2099,NULL,1),(704,223,1,2,2102,NULL,0),(705,223,1,2,2103,NULL,0),(706,223,1,2,2104,NULL,0),(707,223,1,2,2105,NULL,0),(708,223,1,2,2106,NULL,0),(709,223,1,2,2107,NULL,0),(710,223,1,2,2108,NULL,0),(711,223,1,2,2109,NULL,0),(712,15,1,2,2128,NULL,0),(713,32,1,2,2130,NULL,0),(714,225,1,2,2135,NULL,0),(715,225,1,2,2136,NULL,0),(716,13,1,2,2145,NULL,0),(717,227,1,2,2149,NULL,0),(718,227,1,3,2150,NULL,0),(719,227,1,3,2151,NULL,0),(720,227,1,3,2152,NULL,0),(721,227,1,3,2153,NULL,0),(722,227,1,3,2154,NULL,0),(723,219,1,2,2180,NULL,0),(724,219,1,2,2181,NULL,0),(725,219,1,2,2206,NULL,0),(726,7,1,2,2220,NULL,0),(727,230,1,2,2236,NULL,0),(728,231,1,2,2239,NULL,0),(729,11,1,2,2242,NULL,0),(730,11,1,2,2243,NULL,0),(731,232,1,2,2245,NULL,0),(732,232,1,2,2246,NULL,0),(733,232,1,2,2247,NULL,0),(734,232,1,2,2248,NULL,0),(735,232,1,2,2249,NULL,0),(736,32,1,2,2274,NULL,0),(737,104,1,2,2278,NULL,0),(738,105,1,2,2280,NULL,0),(739,107,1,2,2282,NULL,0),(740,109,1,2,2284,NULL,0),(741,11,1,2,2308,NULL,0),(742,232,1,2,2312,NULL,0),(743,234,1,2,2353,NULL,0),(744,236,1,2,2354,NULL,0),(745,235,1,1,2357,NULL,0),(746,235,1,1,2358,NULL,0),(747,235,1,1,2359,NULL,0),(748,235,1,1,2360,NULL,0),(749,235,1,2,2361,NULL,0),(750,235,1,2,2362,NULL,0),(751,235,1,2,2363,NULL,0),(752,235,1,2,2364,NULL,0),(753,235,1,2,2365,NULL,0),(754,235,1,2,2366,NULL,0),(755,235,1,2,2367,NULL,0),(756,238,1,1,2370,NULL,0),(757,238,1,1,2371,NULL,0),(758,238,1,1,2372,NULL,0),(759,238,1,1,2373,NULL,0),(760,238,1,1,2374,NULL,0),(761,238,1,1,2375,NULL,0),(762,238,1,2,2376,NULL,0),(763,11,1,2,2384,NULL,0),(764,11,1,2,2385,NULL,0),(765,11,1,2,2386,NULL,0),(766,233,1,2,2389,NULL,0),(767,233,1,2,2390,NULL,0),(768,233,1,2,2391,NULL,0),(769,233,1,2,2392,NULL,0),(770,233,1,2,2393,NULL,0),(771,233,1,2,2394,NULL,0),(772,233,1,2,2395,NULL,0),(773,233,1,2,2396,NULL,0),(774,233,1,2,2397,NULL,0),(775,233,1,2,2398,NULL,0),(776,233,1,2,2399,NULL,0),(777,150,1,2,2430,NULL,0),(778,121,1,2,2439,NULL,0),(779,121,1,2,2440,NULL,0),(780,221,1,1,2462,NULL,1),(781,235,1,2,2490,NULL,0),(782,235,1,2,2523,NULL,0),(783,94,1,3,2535,NULL,0),(784,239,1,2,2561,NULL,0),(785,239,1,2,2562,NULL,0),(786,239,1,2,2563,NULL,0),(787,239,1,2,2564,NULL,0),(788,239,1,2,2565,NULL,0),(789,242,1,2,2591,NULL,0),(790,243,1,2,2596,NULL,0),(791,244,1,2,2616,NULL,0),(792,244,1,2,2617,NULL,0),(793,244,1,2,2618,NULL,0),(794,244,1,2,2619,NULL,0),(795,223,1,2,2627,NULL,0),(796,245,1,1,2652,NULL,1),(797,245,1,1,2653,NULL,1),(798,12,1,2,2670,NULL,0),(799,12,1,2,2671,NULL,0),(800,11,1,2,2672,NULL,0),(801,11,1,2,2673,NULL,0),(802,11,1,2,2674,NULL,0),(803,7,1,2,2677,NULL,0),(804,246,1,2,2684,NULL,0),(805,239,1,2,2714,NULL,0),(806,239,1,2,2715,NULL,0),(807,239,1,2,2716,NULL,0),(808,4,1,2,2754,NULL,0),(809,4,1,2,2755,NULL,0),(810,6,1,2,2756,NULL,0),(811,247,1,2,2757,NULL,0),(812,247,1,2,2758,NULL,0),(813,247,1,2,2759,NULL,0),(814,247,1,2,2760,NULL,0),(815,247,1,2,2761,NULL,0),(816,247,1,2,2762,NULL,0),(817,29,1,2,2771,NULL,0),(818,232,1,2,2779,NULL,0),(819,179,1,2,2789,NULL,0),(820,250,1,2,2816,NULL,0),(821,250,1,2,2817,NULL,0),(822,250,1,2,2818,NULL,0),(823,79,1,2,2841,NULL,0),(824,80,1,2,2844,NULL,0),(825,251,1,2,2849,NULL,0),(826,15,1,2,2895,NULL,0),(827,20,1,2,2929,NULL,0),(828,11,1,2,2943,NULL,0),(829,145,1,2,2950,NULL,0),(830,145,1,2,2951,NULL,0),(831,184,1,2,2959,NULL,0),(832,253,1,2,2968,NULL,0),(833,254,1,2,2969,NULL,0),(834,254,1,2,2970,NULL,0),(835,255,1,2,2974,NULL,0),(836,255,1,2,2975,NULL,0),(837,256,1,2,2979,NULL,0),(838,207,1,2,2982,NULL,0),(839,216,1,2,2984,NULL,0),(840,216,1,2,2985,NULL,0),(841,216,1,2,2986,NULL,0),(842,216,1,2,2987,NULL,0),(843,216,1,2,2988,NULL,0),(844,216,1,2,2989,NULL,0),(845,216,1,2,2990,NULL,0),(846,258,1,2,3014,NULL,0),(847,258,1,2,3015,NULL,0),(848,250,1,2,3020,NULL,0),(849,77,1,2,3021,NULL,0),(850,77,1,2,3022,NULL,0),(851,77,1,2,3023,NULL,0),(852,259,1,2,3030,NULL,0),(853,260,1,2,3033,NULL,0),(854,261,1,2,3036,NULL,0),(855,262,1,2,3039,NULL,0),(856,262,1,2,3040,NULL,0),(857,262,1,2,3041,NULL,0),(858,263,1,3,3046,NULL,0),(859,263,1,3,3047,NULL,0),(860,263,1,3,3048,NULL,0),(861,263,1,3,3049,NULL,0),(862,263,1,3,3050,NULL,0),(863,264,1,2,3066,NULL,0),(864,264,1,2,3067,NULL,0),(865,264,1,3,3068,NULL,0),(866,216,1,2,3097,NULL,0),(867,257,1,2,3098,NULL,0);
UNLOCK TABLES;
/*!40000 ALTER TABLE `class_variable` ENABLE KEYS */;

--
-- Table structure for table `directory_token`
--

DROP TABLE IF EXISTS `directory_token`;
CREATE TABLE `directory_token` (
  `id` int(10) unsigned NOT NULL auto_increment,
  `token` varchar(255) NOT NULL default '',
  `path` varchar(255) NOT NULL default '',
  `core_flag` tinyint(1) default NULL,
  `relative_flag` tinyint(1) default NULL,
  PRIMARY KEY  (`id`),
  UNIQUE KEY `token` (`token`),
  UNIQUE KEY `path` (`path`)
) ENGINE=MyISAM DEFAULT CHARSET=latin1;

--
-- Dumping data for table `directory_token`
--


/*!40000 ALTER TABLE `directory_token` DISABLE KEYS */;
LOCK TABLES `directory_token` WRITE;
INSERT INTO `directory_token` VALUES (1,'__DOCROOT__','wwwroot/',0,0),(2,'__DEVTOOLS_CLI__','_devtools_cli/',0,0),(3,'__INCLUDES__','wwwroot/includes/',0,0),(4,'__QCODO__','wwwroot/includes/qcodo/',0,0),(5,'__QCODO_CORE__','wwwroot/includes/qcodo/_core/',1,0),(6,'__DATA_CLASSES__','wwwroot/includes/data_classes/',0,0),(7,'__DATAGEN_CLASSES__','wwwroot/includes/data_classes/generated/',0,0),(10,'__DEVTOOLS__','wwwroot/_devtools/',0,1),(11,'__FORM_DRAFTS__','wwwroot/drafts/',0,1),(12,'__EXAMPLES__','wwwroot/examples/',0,1),(13,'__JS_ASSETS__','wwwroot/assets/js/',0,1),(14,'__CSS_ASSETS__','wwwroot/assets/css/',0,1),(15,'__IMAGE_ASSETS__','wwwroot/assets/images/',0,1),(16,'__PHP_ASSETS__','wwwroot/assets/php/',0,1),(17,'__PANEL_DRAFTS__','wwwroot/drafts/dashboard/',0,1),(18,'__DATA_META_CONTROLS__','wwwroot/includes/data_meta_controls/',0,0);
UNLOCK TABLES;
/*!40000 ALTER TABLE `directory_token` ENABLE KEYS */;

--
-- Table structure for table `file`
--

DROP TABLE IF EXISTS `file`;
CREATE TABLE `file` (
  `id` int(10) unsigned NOT NULL auto_increment,
  `directory_id` int(10) unsigned NOT NULL default '0',
  `path` varchar(255) NOT NULL default '',
  `deprecated_major_version` int(11) default NULL,
  `deprecated_minor_version` int(11) default NULL,
  `deprecated_build` int(11) default NULL,
  PRIMARY KEY  (`id`),
  UNIQUE KEY `uq_file_1` (`directory_id`,`path`),
  KEY `file_directory_id_idx` (`directory_id`)
) ENGINE=MyISAM DEFAULT CHARSET=latin1;

--
-- Dumping data for table `file`
--


/*!40000 ALTER TABLE `file` DISABLE KEYS */;
LOCK TABLES `file` WRITE;
INSERT INTO `file` VALUES (1,1,'sample.php.inc',0,3,11),(2,1,'panel_drafts/index.tpl.php',0,3,11),(3,1,'panel_drafts/index.php',0,3,11),(4,1,'sample.tpl.php',NULL,NULL,NULL),(5,1,'sample.php',NULL,NULL,NULL),(6,1,'index.php',NULL,NULL,NULL),(7,11,'index.php',NULL,NULL,NULL),(8,17,'index.tpl.php',NULL,NULL,NULL),(9,17,'index.php',NULL,NULL,NULL),(10,12,'mysql_innodb.sql',NULL,NULL,NULL),(11,12,'view_source.php',NULL,NULL,NULL),(12,12,'sql_server.sql',NULL,NULL,NULL),(13,12,'index.php',NULL,NULL,NULL),(14,12,'multiple_qform/intro.php',NULL,NULL,NULL),(15,12,'multiple_qform/ProjectEditPanel.class.php',NULL,NULL,NULL),(16,12,'multiple_qform/intro.tpl.php',NULL,NULL,NULL),(17,12,'multiple_qform/ProjectEditPanel.tpl.php',NULL,NULL,NULL),(18,12,'multiple_qform/ProjectViewPanel.tpl.php',NULL,NULL,NULL),(19,12,'multiple_qform/PersonEditPanel.class.php',NULL,NULL,NULL),(20,12,'multiple_qform/ProjectViewPanel.class.php',NULL,NULL,NULL),(21,12,'multiple_qform/PersonEditPanel.tpl.php',NULL,NULL,NULL),(22,12,'basic_ajax/wait_icon.php',NULL,NULL,NULL),(23,12,'basic_ajax/intro.php',NULL,NULL,NULL),(24,12,'basic_ajax/intro.tpl.php',NULL,NULL,NULL),(25,12,'basic_ajax/calculator_2.tpl.php',NULL,NULL,NULL),(26,12,'basic_ajax/calculator_2.php',NULL,NULL,NULL),(27,12,'basic_ajax/wait_icon.tpl.php',NULL,NULL,NULL),(28,12,'images/data_model.png',NULL,NULL,NULL),(29,12,'images/data_model_thumbnail.png',NULL,NULL,NULL),(30,12,'images/xhtml.png',NULL,NULL,NULL),(31,12,'advanced_ajax/resize.php',NULL,NULL,NULL),(32,12,'advanced_ajax/renamer_2.tpl.php',NULL,NULL,NULL),(33,12,'advanced_ajax/renamer.php',NULL,NULL,NULL),(34,12,'advanced_ajax/resize.tpl.php',NULL,NULL,NULL),(35,12,'advanced_ajax/move.tpl.php',NULL,NULL,NULL),(36,12,'advanced_ajax/move_target.php',NULL,NULL,NULL),(37,12,'advanced_ajax/drop_zone.php',NULL,NULL,NULL),(38,12,'advanced_ajax/drop_zone.tpl.php',NULL,NULL,NULL),(39,12,'advanced_ajax/move_target.tpl.php',NULL,NULL,NULL),(40,12,'advanced_ajax/move.php',NULL,NULL,NULL),(41,12,'advanced_ajax/renamer_2.php',NULL,NULL,NULL),(42,12,'advanced_ajax/scrolling.tpl.php',NULL,NULL,NULL),(43,12,'advanced_ajax/renamer.tpl.php',NULL,NULL,NULL),(44,12,'advanced_ajax/scrolling.php',NULL,NULL,NULL),(45,12,'includes/header_main.inc.php',NULL,NULL,NULL),(46,12,'includes/header.inc.php',NULL,NULL,NULL),(47,12,'includes/examples.inc.php',NULL,NULL,NULL),(48,12,'includes/footer.inc.php',NULL,NULL,NULL),(49,12,'includes/examples.css',NULL,NULL,NULL),(50,12,'events_actions/delayed.tpl.php',NULL,NULL,NULL),(51,12,'events_actions/editable_listbox_2.php',NULL,NULL,NULL),(52,12,'events_actions/editable_listbox.php',NULL,NULL,NULL),(53,12,'events_actions/editable_listbox.tpl.php',NULL,NULL,NULL),(54,12,'events_actions/delayed.php',NULL,NULL,NULL),(55,12,'events_actions/editable_listbox_2.tpl.php',NULL,NULL,NULL),(56,12,'other/attribute_overriding.tpl.php',NULL,NULL,NULL),(57,12,'other/print.php',NULL,NULL,NULL),(58,12,'other/attribute_overriding.php',NULL,NULL,NULL),(59,12,'other/optimistic_locking.php',NULL,NULL,NULL),(60,12,'other/some_template_file.tpl.php',NULL,NULL,NULL),(61,12,'other/form_state.php',NULL,NULL,NULL),(62,12,'other/single.php',NULL,NULL,NULL),(63,12,'other/alternate_template.php',NULL,NULL,NULL),(64,12,'other/form_state.tpl.php',NULL,NULL,NULL),(65,12,'other/single.tpl.php',NULL,NULL,NULL),(66,12,'other/form_drafts.php',NULL,NULL,NULL),(67,12,'other/optimistic_locking.tpl.php',NULL,NULL,NULL),(68,12,'other/alternate_template.tpl.php',NULL,NULL,NULL),(69,12,'dynamic/pnl_panel.tpl.php',NULL,NULL,NULL),(70,12,'dynamic/qpanel_2.tpl.php',NULL,NULL,NULL),(71,12,'dynamic/select.php',NULL,NULL,NULL),(72,12,'dynamic/inline_editing.php',NULL,NULL,NULL),(73,12,'dynamic/qpanel.tpl.php',NULL,NULL,NULL),(74,12,'dynamic/select.tpl.php',NULL,NULL,NULL),(75,12,'dynamic/qpanel_2.php',NULL,NULL,NULL),(76,12,'dynamic/inline_editing.tpl.php',NULL,NULL,NULL),(77,12,'dynamic/qpanel.php',NULL,NULL,NULL),(78,12,'image_label/intro.php',NULL,NULL,NULL),(79,12,'image_label/intro.tpl.php',NULL,NULL,NULL),(80,12,'image_label/cache/_README.txt',NULL,NULL,NULL),(81,12,'more_codegen/sort_limit.php',NULL,NULL,NULL),(82,12,'more_codegen/type_tables.php',NULL,NULL,NULL),(83,12,'more_codegen/virtual_attributes.php',NULL,NULL,NULL),(84,12,'more_codegen/optimistic_locking.php',NULL,NULL,NULL),(85,12,'more_codegen/custom_load.php',NULL,NULL,NULL),(86,12,'more_codegen/custom.php',NULL,NULL,NULL),(87,12,'more_codegen/early_bind.php',NULL,NULL,NULL),(88,12,'more_codegen/late_bind.php',NULL,NULL,NULL),(89,12,'code_generator/relationships.txt',NULL,NULL,NULL),(90,12,'code_generator/intro.php',NULL,NULL,NULL),(91,12,'code_generator/indexes.php',NULL,NULL,NULL),(92,12,'code_generator/about.php',NULL,NULL,NULL),(93,12,'code_generator/script_path.php',NULL,NULL,NULL),(94,12,'code_generator/reverse_relationships.php',NULL,NULL,NULL),(95,12,'code_generator/primary_keys.php',NULL,NULL,NULL),(96,12,'code_generator/objects.php',NULL,NULL,NULL),(97,12,'code_generator/relationships_many.php',NULL,NULL,NULL),(98,12,'code_generator/relationships.php',NULL,NULL,NULL),(99,12,'code_generator/save_delete.php',NULL,NULL,NULL),(100,12,'code_generator/mysql_myisam.sql',NULL,NULL,NULL),(101,12,'treenav/treenav.tpl.php',NULL,NULL,NULL),(102,12,'treenav/treenav.php',NULL,NULL,NULL),(103,12,'datarepeater/ajax.php',NULL,NULL,NULL),(104,12,'datarepeater/dtr_persons.tpl.php',NULL,NULL,NULL),(105,12,'datarepeater/ajax.tpl.php',NULL,NULL,NULL),(106,12,'communication/i18n.tpl.php',NULL,NULL,NULL),(107,12,'communication/email.php',NULL,NULL,NULL),(108,12,'communication/en.po',NULL,NULL,NULL),(109,12,'communication/soap.php',NULL,NULL,NULL),(110,12,'communication/rss_feed.php',NULL,NULL,NULL),(111,12,'communication/crypto.php',NULL,NULL,NULL),(112,12,'communication/rss.php',NULL,NULL,NULL),(113,12,'communication/example_service.php',NULL,NULL,NULL),(114,12,'communication/i18n.php',NULL,NULL,NULL),(115,12,'communication/es.po',NULL,NULL,NULL),(116,12,'qcodo_query/intro.php',NULL,NULL,NULL),(117,12,'qcodo_query/qqclause.php',NULL,NULL,NULL),(118,12,'qcodo_query/migrating.php',NULL,NULL,NULL),(119,12,'qcodo_query/qqnode.php',NULL,NULL,NULL),(120,12,'qcodo_query/qqcondition.php',NULL,NULL,NULL),(121,12,'qcodo_query/qq.php',NULL,NULL,NULL),(122,12,'qcodo_query/migrating.tpl.php',NULL,NULL,NULL),(123,12,'qcodo_query/reverse.php',NULL,NULL,NULL),(124,12,'qcodo_query/association.php',NULL,NULL,NULL),(125,12,'composite/SampleComposite.class.php',NULL,NULL,NULL),(126,12,'composite/intro.php',NULL,NULL,NULL),(127,12,'composite/intro.tpl.php',NULL,NULL,NULL),(128,12,'datagrid/QDataGrid.class.php',NULL,NULL,NULL),(129,12,'datagrid/intro.php',NULL,NULL,NULL),(130,12,'datagrid/ajax.php',NULL,NULL,NULL),(131,12,'datagrid/variables.php',NULL,NULL,NULL),(132,12,'datagrid/intro.tpl.php',NULL,NULL,NULL),(133,12,'datagrid/sorting.tpl.php',NULL,NULL,NULL),(134,12,'datagrid/sorting.php',NULL,NULL,NULL),(135,12,'datagrid/variables.tpl.php',NULL,NULL,NULL),(136,12,'datagrid/pagination.php',NULL,NULL,NULL),(137,12,'datagrid/extend.tpl.php',NULL,NULL,NULL),(138,12,'datagrid/ajax.tpl.php',NULL,NULL,NULL),(139,12,'datagrid/extend.php',NULL,NULL,NULL),(140,12,'datagrid/pagination.tpl.php',NULL,NULL,NULL),(141,12,'basic_qform/intro.php',NULL,NULL,NULL),(142,12,'basic_qform/calculator.php',NULL,NULL,NULL),(143,12,'basic_qform/intro.tpl.php',NULL,NULL,NULL),(144,12,'basic_qform/calculator_2.tpl.php',NULL,NULL,NULL),(145,12,'basic_qform/state.tpl.php',NULL,NULL,NULL),(146,12,'basic_qform/calculator_2.php',NULL,NULL,NULL),(147,12,'basic_qform/calculator.tpl.php',NULL,NULL,NULL),(148,12,'basic_qform/process_flow.tpl.php',NULL,NULL,NULL),(149,12,'basic_qform/about.php',NULL,NULL,NULL),(150,12,'basic_qform/calculator_3.php',NULL,NULL,NULL),(151,12,'basic_qform/listbox.tpl.php',NULL,NULL,NULL),(152,12,'basic_qform/process_flow.php',NULL,NULL,NULL),(153,12,'basic_qform/calculator_3.tpl.php',NULL,NULL,NULL),(154,12,'basic_qform/state.php',NULL,NULL,NULL),(155,12,'basic_qform/listbox.php',NULL,NULL,NULL),(156,3,'_LICENSE.txt',NULL,NULL,NULL),(157,3,'header.inc.php',NULL,NULL,NULL),(158,3,'footer.inc.php',NULL,NULL,NULL),(159,3,'prepend.inc.php',NULL,NULL,NULL),(160,3,'_README.txt',NULL,NULL,NULL),(161,3,'configuration.inc.php',NULL,NULL,NULL),(162,4,'_LICENSE.txt',NULL,NULL,NULL),(163,4,'qform/QDataGrid.class.php',NULL,NULL,NULL),(164,4,'qform/QPaginator.class.php',NULL,NULL,NULL),(165,4,'qform/QControl.class.php',NULL,NULL,NULL),(166,4,'qform/QButton.class.php',NULL,NULL,NULL),(167,4,'qform/QForm.class.php',NULL,NULL,NULL),(168,4,'qform/QListBox.class.php',NULL,NULL,NULL),(169,4,'qform/QTextBox.class.php',NULL,NULL,NULL),(170,4,'qform/_README.txt',NULL,NULL,NULL),(171,4,'qform/QImageLabel.class.php',NULL,NULL,NULL),(172,4,'i18n/_README.txt',NULL,NULL,NULL),(173,4,'i18n/es.po',NULL,NULL,NULL),(174,4,'cache/_README.txt',NULL,NULL,NULL),(175,5,'error.inc.php',NULL,NULL,NULL),(176,5,'qcodo.inc.php',NULL,NULL,NULL),(177,5,'qform/QPanel.class.php',NULL,NULL,NULL),(178,5,'qform/QFontFamily.class.php',NULL,NULL,NULL),(179,5,'qform/QTextBoxBase.class.php',NULL,NULL,NULL),(180,5,'qform/QDataRepeater.class.php',NULL,NULL,NULL),(181,5,'qform/QDropZoneGrouping.class.php',NULL,NULL,NULL),(182,5,'qform/QDateTimePicker.class.php',NULL,NULL,NULL),(183,5,'qform/QPaginatorBase.class.php',NULL,NULL,NULL),(184,5,'qform/QListItemStyle.class.php',NULL,NULL,NULL),(185,5,'qform/QListItem.class.php',NULL,NULL,NULL),(186,5,'qform/QControlGrouping.class.php',NULL,NULL,NULL),(187,5,'qform/QFloatTextBox.class.php',NULL,NULL,NULL),(188,5,'qform/QFileControl.class.php',NULL,NULL,NULL),(189,5,'qform/_events.inc.php',NULL,NULL,NULL),(190,5,'qform/_enumerations.inc.php',NULL,NULL,NULL),(191,5,'qform/QCalendar.class.php',NULL,NULL,NULL),(192,5,'qform/_actions.inc.php',NULL,NULL,NULL),(193,5,'qform/QButtonBase.class.php',NULL,NULL,NULL),(194,5,'qform/QPaginatedControl.class.php',NULL,NULL,NULL),(195,5,'qform/QImageButton.class.php',NULL,NULL,NULL),(196,5,'qform/QListControl.class.php',NULL,NULL,NULL),(197,5,'qform/QTreeNavItem.class.php',NULL,NULL,NULL),(198,5,'qform/QWriteBox.class.php',NULL,NULL,NULL),(199,5,'qform/QControlLabel.class.php',NULL,NULL,NULL),(200,5,'qform/QBlockControl.class.php',NULL,NULL,NULL),(201,5,'qform/QTreeNav.class.php',NULL,NULL,NULL),(202,5,'qform/QDataGridColumn.class.php',NULL,NULL,NULL),(203,5,'qform/QListBoxBase.class.php',NULL,NULL,NULL),(204,5,'qform/QFormBase.class.php',NULL,NULL,NULL),(205,5,'qform/QActionControl.class.php',NULL,NULL,NULL),(206,5,'qform/QLabel.class.php',NULL,NULL,NULL),(207,5,'qform/QDataGridRowStyle.class.php',NULL,NULL,NULL),(208,5,'qform/QRadioButtonList.class.php',NULL,NULL,NULL),(209,5,'qform/QRadioButton.class.php',NULL,NULL,NULL),(210,5,'qform/QIntegerTextBox.class.php',NULL,NULL,NULL),(211,5,'qform/QCheckBoxList.class.php',NULL,NULL,NULL),(212,5,'qform/QDataGridBase.class.php',NULL,NULL,NULL),(213,5,'qform/QWaitIcon.class.php',NULL,NULL,NULL),(214,5,'qform/QControlBase.class.php',NULL,NULL,NULL),(215,5,'qform/QCheckBox.class.php',NULL,NULL,NULL),(216,5,'qform/QLinkButton.class.php',NULL,NULL,NULL),(217,5,'qform/QImageLabelBase.class.php',NULL,NULL,NULL),(218,5,'i18n/en_us.po',NULL,NULL,NULL),(219,5,'i18n/bg.po',NULL,NULL,NULL),(220,5,'i18n/ru.po',NULL,NULL,NULL),(221,5,'i18n/zh_tw.po',NULL,NULL,NULL),(222,5,'i18n/it.po',NULL,NULL,NULL),(223,5,'i18n/en.po',NULL,NULL,NULL),(224,5,'i18n/no.po',NULL,NULL,NULL),(225,5,'i18n/de.po',NULL,NULL,NULL),(226,5,'i18n/pt_br.po',NULL,NULL,NULL),(227,5,'i18n/_README.txt',NULL,NULL,NULL),(228,5,'i18n/cs.po',NULL,NULL,NULL),(229,5,'i18n/fr.po',NULL,NULL,NULL),(230,5,'i18n/sv.po',NULL,NULL,NULL),(231,5,'i18n/es.po',NULL,NULL,NULL),(232,5,'qform_state_handlers/QFileFormStateHandler.class.php',NULL,NULL,NULL),(233,5,'qform_state_handlers/QSessionFormStateHandler.class.php',NULL,NULL,NULL),(234,5,'qform_state_handlers/QFormStateHandler.class.php',NULL,NULL,NULL),(235,5,'database/QMySqli5Database.class.php',NULL,NULL,NULL),(236,5,'database/QMySqliDatabase.class.php',NULL,NULL,NULL),(237,5,'database/QSqlServerDatabase.class.php',NULL,NULL,NULL),(238,5,'database/QPostgreSqlDatabase.class.php',NULL,NULL,NULL),(239,5,'database/QMySqlDatabase.class.php',NULL,NULL,NULL),(240,5,'codegen/QManyToManyReference.class.php',NULL,NULL,NULL),(241,5,'codegen/QReverseReference.class.php',NULL,NULL,NULL),(242,5,'codegen/QCodeGenBase.class.php',NULL,NULL,NULL),(243,5,'codegen/QIndex.class.php',NULL,NULL,NULL),(244,5,'codegen/QTypeTable.class.php',NULL,NULL,NULL),(245,5,'codegen/library.inc.php',NULL,NULL,NULL),(246,5,'codegen/QReference.class.php',NULL,NULL,NULL),(247,5,'codegen/QDatabaseCodeGen.class.php',NULL,NULL,NULL),(248,5,'codegen/QConvertNotationBase.class.php',NULL,NULL,NULL),(249,5,'codegen/QColumn.class.php',NULL,NULL,NULL),(250,5,'codegen/QRestServiceCodeGen.class.php',NULL,NULL,NULL),(251,5,'codegen/QTable.class.php',NULL,NULL,NULL),(252,5,'codegen/subtemplates/control_create_boolean.tpl',0,3,33),(253,5,'codegen/subtemplates/control_list_double.tpl',0,3,33),(254,5,'codegen/subtemplates/control_update_unique_reversereference.tpl',0,3,33),(255,5,'codegen/subtemplates/control_update_checkbox.tpl',0,3,33),(256,5,'codegen/subtemplates/control_create_reference.tpl',0,3,33),(257,5,'codegen/subtemplates/object_save.tpl',0,3,33),(258,5,'codegen/subtemplates/control_list_unique_reversereference_handler.tpl',0,3,33),(259,5,'codegen/subtemplates/control_list_boolean.tpl',0,3,33),(260,5,'codegen/subtemplates/control_list_QDateTime_handler.tpl',0,3,33),(261,5,'codegen/subtemplates/control_update_manytomany_reference.tpl',0,3,33),(262,5,'codegen/subtemplates/control_list_integer.tpl',0,3,33),(263,5,'codegen/subtemplates/control_create_identity.tpl',0,3,33),(264,5,'codegen/subtemplates/property_get.tpl',0,3,33),(265,5,'codegen/subtemplates/control_list_reference.tpl',0,3,33),(266,5,'codegen/subtemplates/control_list_type.tpl',0,3,33),(267,5,'codegen/subtemplates/index_load_single.tpl',0,3,33),(268,5,'codegen/subtemplates/associated_object_manytomany.tpl',0,3,33),(269,5,'codegen/subtemplates/control_create_type.tpl',0,3,33),(270,5,'codegen/subtemplates/control_create_manytomany_reference.tpl',0,3,33),(271,5,'codegen/subtemplates/control_update_type.tpl',0,3,33),(272,5,'codegen/subtemplates/control_list_type_handler.tpl',0,3,33),(273,5,'codegen/subtemplates/control_create_integer.tpl',0,3,33),(274,5,'codegen/subtemplates/control_list_QDateTime.tpl',0,3,33),(275,5,'codegen/subtemplates/control_list_unique_reversereference.tpl',0,3,33),(276,5,'codegen/subtemplates/index_load_array.tpl',0,3,33),(277,5,'codegen/subtemplates/property_set.tpl',0,3,33),(278,5,'codegen/subtemplates/control_list_string.tpl',0,3,33),(279,5,'codegen/subtemplates/control_create_unique_reversereference.tpl',0,3,33),(280,5,'codegen/subtemplates/control_update_reference.tpl',0,3,33),(281,5,'codegen/subtemplates/control_create_QDateTime.tpl',0,3,33),(282,5,'codegen/subtemplates/control_update_textbox.tpl',0,3,33),(283,5,'codegen/subtemplates/control_create_string.tpl',0,3,33),(284,5,'codegen/subtemplates/control_list_reference_handler.tpl',0,3,33),(285,5,'codegen/subtemplates/control_update_calendar.tpl',0,3,33),(286,5,'codegen/subtemplates/associated_object.tpl',0,3,33),(287,5,'codegen/subtemplates/index_load_array_manytomany.tpl',0,3,33),(288,5,'codegen/subtemplates/control_create_double.tpl',0,3,33),(289,5,'codegen/subtemplates/object_delete.tpl',0,3,33),(290,5,'codegen/templates/db_orm_edit_panel_base.tpl',0,3,33),(291,5,'codegen/templates/db_type_class_shell.tpl',0,3,33),(292,5,'codegen/templates/db_orm_edit_form_base.tpl',0,3,33),(293,5,'codegen/templates/db_orm_list_form_draft_include.tpl',0,3,33),(294,5,'codegen/templates/db_orm_list_panel_base.tpl',0,3,33),(295,5,'codegen/templates/db_orm_list_panel_draft_include.tpl',0,3,33),(296,5,'codegen/templates/db_orm_edit_panel_draft_include.tpl',0,3,33),(297,5,'codegen/templates/db_orm_list_form_base.tpl',0,3,33),(298,5,'codegen/templates/aggregate_db_orm_qqn.tpl',0,3,33),(299,5,'codegen/templates/db_orm_class.tpl',0,3,33),(300,5,'codegen/templates/db_type_class.tpl',0,3,33),(301,5,'codegen/templates/db_orm_class_shell.tpl',0,3,33),(302,5,'codegen/templates/db_orm_list_form_draft.tpl',0,3,33),(303,5,'codegen/templates/db_orm_edit_panel_draft.tpl',0,3,33),(304,5,'codegen/templates/db_orm_edit_form_draft.tpl',0,3,33),(305,5,'codegen/templates/db_orm_edit_form_draft_include.tpl',0,3,33),(306,5,'codegen/templates/db_orm_list_panel_draft.tpl',0,3,33),(307,5,'framework/QQueryExpansion.class.php',NULL,NULL,NULL),(308,5,'framework/QCryptography.class.php',NULL,NULL,NULL),(309,5,'framework/QApplicationBase.class.php',NULL,NULL,NULL),(310,5,'framework/QI18n.class.php',NULL,NULL,NULL),(311,5,'framework/QRssFeed.class.php',NULL,NULL,NULL),(312,5,'framework/QString.class.php',NULL,NULL,NULL),(313,5,'framework/QDatabaseBase.class.php',NULL,NULL,NULL),(314,5,'framework/QCache.class.php',NULL,NULL,NULL),(315,5,'framework/QUpdateUtility.class.php',NULL,NULL,NULL),(316,5,'framework/QSoapService.class.php',NULL,NULL,NULL),(317,5,'framework/QExceptions.class.php',NULL,NULL,NULL),(318,5,'framework/QQuery.class.php',NULL,NULL,NULL),(319,5,'framework/QType.class.php',NULL,NULL,NULL),(320,5,'framework/QDateTime.class.php',NULL,NULL,NULL),(321,5,'framework/QBaseClass.class.php',NULL,NULL,NULL),(322,5,'framework/QStack.class.php',NULL,NULL,NULL),(323,5,'framework/QEmailServer.class.php',NULL,NULL,NULL),(324,4,'fonts/GothicBold.pfb',NULL,NULL,NULL),(325,4,'fonts/_URW_LICENSE.txt',NULL,NULL,NULL),(326,4,'fonts/Gothic.afm',NULL,NULL,NULL),(327,4,'fonts/GothicBoldItalic.afm',NULL,NULL,NULL),(328,4,'fonts/PalladioBold.afm',NULL,NULL,NULL),(329,4,'fonts/Chancery.afm',NULL,NULL,NULL),(330,4,'fonts/PalladioItalic.afm',NULL,NULL,NULL),(331,4,'fonts/_URW_CREDITS.txt',NULL,NULL,NULL),(332,4,'fonts/PalladioItalic.pfb',NULL,NULL,NULL),(333,4,'fonts/Palladio.afm',NULL,NULL,NULL),(334,4,'fonts/Gothic.pfb',NULL,NULL,NULL),(335,4,'fonts/PalladioBoldItalic.afm',NULL,NULL,NULL),(336,4,'fonts/Palladio.pfb',NULL,NULL,NULL),(337,4,'fonts/GothicItalic.afm',NULL,NULL,NULL),(338,4,'fonts/PalladioBold.pfb',NULL,NULL,NULL),(339,4,'fonts/_README.txt',NULL,NULL,NULL),(340,4,'fonts/PalladioBoldItalic.pfb',NULL,NULL,NULL),(341,4,'fonts/GothicItalic.pfb',NULL,NULL,NULL),(342,4,'fonts/GothicBold.afm',NULL,NULL,NULL),(343,4,'fonts/GothicBoldItalic.pfb',NULL,NULL,NULL),(344,4,'fonts/Chancery.pfb',NULL,NULL,NULL),(345,4,'codegen/QCodeGen.class.php',NULL,NULL,NULL),(346,4,'codegen/_README.txt',NULL,NULL,NULL),(347,4,'codegen/QConvertNotation.class.php',NULL,NULL,NULL),(348,4,'codegen/subtemplates/_README.txt',0,3,33),(349,4,'codegen/templates/_README.txt',NULL,NULL,NULL),(350,10,'codegen_settings.xml',NULL,NULL,NULL),(351,10,'codegen.php',NULL,NULL,NULL),(352,10,'_README.txt',NULL,NULL,NULL),(353,15,'spacer.png',NULL,NULL,NULL),(354,15,'sort_arrow_reverse.png',NULL,NULL,NULL),(355,15,'treenav_child.png',NULL,NULL,NULL),(356,15,'spinner_20.gif',NULL,NULL,NULL),(357,15,'spinner_14.gif',NULL,NULL,NULL),(358,15,'treenav_expanded.png',NULL,NULL,NULL),(359,15,'_README.txt',NULL,NULL,NULL),(360,15,'calendar.png',NULL,NULL,NULL),(361,15,'treenav_not_expanded.png',NULL,NULL,NULL),(362,15,'sort_arrow.png',NULL,NULL,NULL),(363,15,'_core/move_drop.cur',NULL,NULL,NULL),(364,15,'_core/move_nodrop.cur',NULL,NULL,NULL),(365,13,'_README.txt',NULL,NULL,NULL),(366,13,'_core/date_time_picker.js',NULL,NULL,NULL),(367,13,'_core/control_handle.js',NULL,NULL,NULL),(368,13,'_core/control.js',NULL,NULL,NULL),(369,13,'_core/control_resize.js',NULL,NULL,NULL),(370,13,'_core/_form.js',NULL,NULL,NULL),(371,13,'_core/calendar.js',NULL,NULL,NULL),(372,13,'_core/qcodo.js',NULL,NULL,NULL),(373,13,'_core/event.js',NULL,NULL,NULL),(374,13,'_core/treenav.js',NULL,NULL,NULL),(375,13,'_core/logger.js',NULL,NULL,NULL),(376,13,'_core/listbox.js',NULL,NULL,NULL),(377,13,'_core/post.js',NULL,NULL,NULL),(378,13,'_core/control_move.js',NULL,NULL,NULL),(379,16,'_README.txt',NULL,NULL,NULL),(380,16,'_core/profile.php',NULL,NULL,NULL),(381,16,'_core/calendar.php',NULL,NULL,NULL),(382,16,'_core/image_label.php',NULL,NULL,NULL),(383,16,'_core/error_already_rendered_page.php',NULL,NULL,NULL),(384,16,'_core/error_page.php',NULL,NULL,NULL),(385,14,'styles.css',NULL,NULL,NULL),(386,14,'_README.txt',NULL,NULL,NULL),(387,2,'codegen.cli',NULL,NULL,NULL),(388,2,'qcodo_updater.inc.php',NULL,NULL,NULL),(389,2,'codegen.phpexe',NULL,NULL,NULL),(390,2,'qcodo_updater.cli',NULL,NULL,NULL),(391,2,'codegen.inc.php',NULL,NULL,NULL),(392,2,'qcodo_downloader.cli',NULL,NULL,NULL),(393,2,'qcodo_downloader.phpexe',NULL,NULL,NULL),(394,2,'path_to_prepend.txt',NULL,NULL,NULL),(395,2,'cli_prepend.inc.php',NULL,NULL,NULL),(396,2,'qcodo_updater.phpexe',NULL,NULL,NULL),(397,2,'_README.txt',NULL,NULL,NULL),(398,2,'qcodo_downloader.inc.php',NULL,NULL,NULL),(399,12,'events_actions/javascript_alerts.tpl.php',NULL,NULL,NULL),(400,12,'events_actions/javascript_alerts.php',NULL,NULL,NULL),(401,12,'events_actions/other_actions.tpl.php',NULL,NULL,NULL),(402,12,'events_actions/other_actions.php',NULL,NULL,NULL),(403,12,'dynamic/control_proxy.php',NULL,NULL,NULL),(404,12,'dynamic/control_proxy.tpl.php',NULL,NULL,NULL),(405,5,'qform/QControlProxy.class.php',NULL,NULL,NULL),(406,5,'framework/QDateTimeSpan.class.php',NULL,NULL,NULL),(407,5,'framework/QDateTime.legacy.class.php',NULL,NULL,NULL),(408,12,'advanced_ajax/dialog_box.php',NULL,NULL,NULL),(409,12,'advanced_ajax/CalculatorWidget.class.php',NULL,NULL,NULL),(410,12,'advanced_ajax/dialog_box.tpl.php',NULL,NULL,NULL),(411,12,'advanced_ajax/CalculatorWidget.tpl.php',NULL,NULL,NULL),(412,5,'qform/QDialogBox.class.php',NULL,NULL,NULL),(413,13,'_core/control_dialog.js',NULL,NULL,NULL),(414,12,'other_controls/file_asset.php',NULL,NULL,NULL),(415,12,'other_controls/image.tpl.php',NULL,NULL,NULL),(416,12,'other_controls/earthlights.jpg',NULL,NULL,NULL),(417,12,'other_controls/file_asset.tpl.php',NULL,NULL,NULL),(418,12,'other_controls/image.php',NULL,NULL,NULL),(419,12,'other_controls/temp_uploads/_README.txt',NULL,NULL,NULL),(420,3,'configuration_pro.inc.php',NULL,NULL,NULL),(421,4,'qform/QImageControl.class.php',NULL,NULL,NULL),(422,4,'qform/QFileAsset.class.php',NULL,NULL,NULL),(423,5,'qcodo_orm_only.inc.php',NULL,NULL,NULL),(424,5,'qform/QFileAssetBase.class.php',NULL,NULL,NULL),(425,5,'qform/QFileAssetDialog.class.php',NULL,NULL,NULL),(426,5,'qform/QImageControlBase.class.php',NULL,NULL,NULL),(427,15,'file_asset_blank.png',NULL,NULL,NULL),(428,15,'add.png',NULL,NULL,NULL),(429,15,'delete.png',NULL,NULL,NULL),(430,15,'file_asset_pdf.png',NULL,NULL,NULL),(431,15,'file_asset_default.png',NULL,NULL,NULL),(432,16,'_core/image.php',NULL,NULL,NULL),(433,16,'_core/QFileAsset.tpl.php',NULL,NULL,NULL),(434,16,'_core/QFileAssetDialog.tpl.php',NULL,NULL,NULL),(435,5,'qform/QImageBase.class.php',NULL,NULL,NULL),(436,16,'_core/image_base.php',NULL,NULL,NULL),(437,5,'framework/QMimeType.class.php',NULL,NULL,NULL),(438,13,'_core/_qc_packed.js',NULL,NULL,NULL),(439,5,'qform/QImageRollover.class.php',NULL,NULL,NULL),(440,5,'codegen/templates/aggregate_db_orm/class_paths/_main.tpl',NULL,NULL,NULL),(441,5,'codegen/templates/aggregate_db_orm/qqn/_main.tpl',NULL,NULL,NULL),(442,5,'codegen/templates/db_orm/class_subclass/example_load_methods.tpl',NULL,NULL,NULL),(443,5,'codegen/templates/db_orm/class_subclass/_main.tpl',NULL,NULL,NULL),(444,5,'codegen/templates/db_orm/class_subclass/example_properties.tpl',NULL,NULL,NULL),(445,5,'codegen/templates/db_orm/meta_control/control_create_boolean.tpl',NULL,NULL,NULL),(446,5,'codegen/templates/db_orm/meta_control/create_methods.tpl',NULL,NULL,NULL),(447,5,'codegen/templates/db_orm/meta_control/constructor.tpl',NULL,NULL,NULL),(448,5,'codegen/templates/db_orm/meta_control/control_update_unique_reversereference.tpl',NULL,NULL,NULL),(449,5,'codegen/templates/db_orm/meta_control/update_methods.tpl',NULL,NULL,NULL),(450,5,'codegen/templates/db_orm/meta_control/control_update_checkbox.tpl',NULL,NULL,NULL),(451,5,'codegen/templates/db_orm/meta_control/control_create_reference.tpl',NULL,NULL,NULL),(452,5,'codegen/templates/db_orm/meta_control/control_update_manytomany_reference.tpl',NULL,NULL,NULL),(453,5,'codegen/templates/db_orm/meta_control/_main.tpl',NULL,NULL,NULL),(454,5,'codegen/templates/db_orm/meta_control/control_create_identity.tpl',NULL,NULL,NULL),(455,5,'codegen/templates/db_orm/meta_control/property_get.tpl',NULL,NULL,NULL),(456,5,'codegen/templates/db_orm/meta_control/property_get_case.tpl',NULL,NULL,NULL),(457,5,'codegen/templates/db_orm/meta_control/control_create_type.tpl',NULL,NULL,NULL),(458,5,'codegen/templates/db_orm/meta_control/control_create_manytomany_reference.tpl',NULL,NULL,NULL),(459,5,'codegen/templates/db_orm/meta_control/control_update_type.tpl',NULL,NULL,NULL),(460,5,'codegen/templates/db_orm/meta_control/control_create_integer.tpl',NULL,NULL,NULL),(461,5,'codegen/templates/db_orm/meta_control/property_set.tpl',NULL,NULL,NULL),(462,5,'codegen/templates/db_orm/meta_control/control_create_unique_reversereference.tpl',NULL,NULL,NULL),(463,5,'codegen/templates/db_orm/meta_control/control_update_reference.tpl',NULL,NULL,NULL),(464,5,'codegen/templates/db_orm/meta_control/control_create_QDateTime.tpl',NULL,NULL,NULL),(465,5,'codegen/templates/db_orm/meta_control/variable_declarations.tpl',NULL,NULL,NULL),(466,5,'codegen/templates/db_orm/meta_control/control_update_textbox.tpl',NULL,NULL,NULL),(467,5,'codegen/templates/db_orm/meta_control/control_create_string.tpl',NULL,NULL,NULL),(468,5,'codegen/templates/db_orm/meta_control/control_update_calendar.tpl',NULL,NULL,NULL),(469,5,'codegen/templates/db_orm/meta_control/control_create_double.tpl',NULL,NULL,NULL),(470,5,'codegen/templates/db_orm/meta_control/delete_object.tpl',NULL,NULL,NULL),(471,5,'codegen/templates/db_orm/meta_control/save_object.tpl',NULL,NULL,NULL),(472,5,'codegen/templates/db_orm/meta_control/property_set_case.tpl',NULL,NULL,NULL),(473,5,'codegen/templates/db_orm/class_gen/manual_query_methods.tpl',NULL,NULL,NULL),(474,5,'codegen/templates/db_orm/class_gen/object_save.tpl',NULL,NULL,NULL),(475,5,'codegen/templates/db_orm/class_gen/soap_methods.tpl',NULL,NULL,NULL),(476,5,'codegen/templates/db_orm/class_gen/_main.tpl',NULL,NULL,NULL),(477,5,'codegen/templates/db_orm/class_gen/property_get.tpl',NULL,NULL,NULL),(478,5,'codegen/templates/db_orm/class_gen/protected_member_objects.tpl',NULL,NULL,NULL),(479,5,'codegen/templates/db_orm/class_gen/index_load_single.tpl',NULL,NULL,NULL),(480,5,'codegen/templates/db_orm/class_gen/class_load_and_count_methods.tpl',NULL,NULL,NULL),(481,5,'codegen/templates/db_orm/class_gen/associated_object_manytomany.tpl',NULL,NULL,NULL),(482,5,'codegen/templates/db_orm/class_gen/qcodo_query_methods.tpl',NULL,NULL,NULL),(483,5,'codegen/templates/db_orm/class_gen/qcodo_query_classes.tpl',NULL,NULL,NULL),(484,5,'codegen/templates/db_orm/class_gen/index_load_array.tpl',NULL,NULL,NULL),(485,5,'codegen/templates/db_orm/class_gen/property_set.tpl',NULL,NULL,NULL),(486,5,'codegen/templates/db_orm/class_gen/associated_object.tpl',NULL,NULL,NULL),(487,5,'codegen/templates/db_orm/class_gen/index_load_array_manytomany.tpl',NULL,NULL,NULL),(488,5,'codegen/templates/db_orm/class_gen/associated_objects_methods.tpl',NULL,NULL,NULL),(489,5,'codegen/templates/db_orm/class_gen/index_load_methods.tpl',NULL,NULL,NULL),(490,5,'codegen/templates/db_orm/class_gen/protected_member_variables.tpl',NULL,NULL,NULL),(491,5,'codegen/templates/db_orm/class_gen/instantiation_methods.tpl',NULL,NULL,NULL),(492,5,'codegen/templates/db_orm/class_gen/object_delete.tpl',NULL,NULL,NULL),(493,5,'codegen/templates/db_orm/meta_datagrid/resolve_content_item_case.tpl',NULL,NULL,NULL),(494,5,'codegen/templates/db_orm/meta_datagrid/constructor.tpl',NULL,NULL,NULL),(495,5,'codegen/templates/db_orm/meta_datagrid/meta_add_type_column.tpl',NULL,NULL,NULL),(496,5,'codegen/templates/db_orm/meta_datagrid/resolve_content_item.tpl',NULL,NULL,NULL),(497,5,'codegen/templates/db_orm/meta_datagrid/_main.tpl',NULL,NULL,NULL),(498,5,'codegen/templates/db_orm/meta_datagrid/meta_add_edit_column.tpl',NULL,NULL,NULL),(499,5,'codegen/templates/db_orm/meta_datagrid/meta_add_column.tpl',NULL,NULL,NULL),(500,5,'codegen/templates/db_orm/meta_datagrid/meta_data_binder.tpl',NULL,NULL,NULL),(501,5,'codegen/templates/db_orm/drafts/_qform_edit_include.tpl',NULL,NULL,NULL),(502,5,'codegen/templates/db_orm/drafts/_qpanel_list_template.tpl',NULL,NULL,NULL),(503,5,'codegen/templates/db_orm/drafts/_qpanel_edit.tpl',NULL,NULL,NULL),(504,5,'codegen/templates/db_orm/drafts/_qform_list_include.tpl',NULL,NULL,NULL),(505,5,'codegen/templates/db_orm/drafts/_qpanel_list.tpl',NULL,NULL,NULL),(506,5,'codegen/templates/db_orm/drafts/_qform_list.tpl',NULL,NULL,NULL),(507,5,'codegen/templates/db_orm/drafts/_qpanel_edit_template.tpl',NULL,NULL,NULL),(508,5,'codegen/templates/db_orm/drafts/_qform_edit.tpl',NULL,NULL,NULL),(509,5,'codegen/templates/aggregate_db_type/class_paths/_main.tpl',NULL,NULL,NULL),(510,5,'codegen/templates/db_type/class_subclass/_main.tpl',NULL,NULL,NULL),(511,5,'codegen/templates/db_type/class_gen/_main.tpl',NULL,NULL,NULL),(512,13,'_core/control_rollover.js',NULL,NULL,NULL),(513,1,'drafts/index.php',0,3,34),(514,1,'drafts/dashboard/index.tpl.php',0,3,34),(515,1,'drafts/dashboard/index.php',0,3,34),(516,5,'qform/QDateTimeTextBox.class.php',NULL,NULL,NULL),(517,12,'other/formgen.php',NULL,NULL,NULL),(518,12,'other/metacontrols.tpl.php',NULL,NULL,NULL),(519,12,'other/meta_datagrids.php',NULL,NULL,NULL),(520,12,'other/meta_datagrids.tpl.php',NULL,NULL,NULL),(521,12,'other/metacontrols.php',NULL,NULL,NULL),(522,5,'codegen/templates/db_orm/meta_control/control_refresh_integer.tpl',NULL,NULL,NULL),(523,5,'codegen/templates/db_orm/meta_control/control_refresh_type.tpl',NULL,NULL,NULL),(524,5,'codegen/templates/db_orm/meta_control/control_refresh_QDateTime.tpl',NULL,NULL,NULL),(525,5,'codegen/templates/db_orm/meta_control/control_refresh_string.tpl',NULL,NULL,NULL),(526,5,'codegen/templates/db_orm/meta_control/control_refresh_reference.tpl',NULL,NULL,NULL),(527,5,'codegen/templates/db_orm/meta_control/control_refresh_identity.tpl',NULL,NULL,NULL),(528,5,'codegen/templates/db_orm/meta_control/control_refresh_double.tpl',NULL,NULL,NULL),(529,5,'codegen/templates/db_orm/meta_control/control_refresh_boolean.tpl',NULL,NULL,NULL),(530,5,'codegen/templates/db_orm/meta_control/control_refresh_unique_reversereference.tpl',NULL,NULL,NULL),(531,5,'codegen/templates/db_orm/meta_control/refresh_methods.tpl',NULL,NULL,NULL),(532,5,'codegen/templates/db_orm/meta_control/control_refresh_manytomany_reference.tpl',NULL,NULL,NULL),(533,5,'codegen/templates/db_orm/class_gen/object_reload.tpl',NULL,NULL,NULL),(534,5,'codegen/templates/db_orm/meta_control/_subclass.tpl',NULL,NULL,NULL),(535,5,'codegen/templates/db_orm/meta_control/property_comments.tpl',NULL,NULL,NULL),(536,5,'codegen/templates/db_orm/class_gen/property_comments.tpl',NULL,NULL,NULL),(537,5,'codegen/templates/db_orm/meta_datagrid/_subclass.tpl',NULL,NULL,NULL),(538,16,'friendly_error_page.php',NULL,NULL,NULL),(539,16,'_core/error_dump.php',NULL,NULL,NULL),(540,12,'other_controls/sample.tpl.php',NULL,NULL,NULL),(541,12,'other_controls/datetime.php',NULL,NULL,NULL),(542,12,'other_controls/sample.php',NULL,NULL,NULL),(543,12,'other_controls/datetime.tpl.php',NULL,NULL,NULL),(544,4,'qform/QSampleControl.class.php',NULL,NULL,NULL),(545,5,'qform/QCalendarPopup.class.php',NULL,NULL,NULL),(546,5,'framework/QLexer.class.php',NULL,NULL,NULL),(547,5,'framework/QRegex.class.php',NULL,NULL,NULL),(548,13,'_core/calendar_popup.js',NULL,NULL,NULL);
UNLOCK TABLES;
/*!40000 ALTER TABLE `file` ENABLE KEYS */;

--
-- Table structure for table `operation`
--

DROP TABLE IF EXISTS `operation`;
CREATE TABLE `operation` (
  `id` int(10) unsigned NOT NULL auto_increment,
  `qcodo_class_id` int(10) unsigned default NULL,
  `qcodo_interface_id` int(10) unsigned default NULL,
  `name` varchar(100) default NULL,
  `protection_type_id` int(10) unsigned default NULL,
  `static_flag` tinyint(1) default NULL,
  `abstract_flag` tinyint(1) default NULL,
  `final_flag` tinyint(1) default NULL,
  `return_variable_id` int(10) unsigned default NULL,
  `additional_variable_id` int(10) unsigned default NULL,
  `first_version` varchar(40) default NULL,
  `last_version` varchar(40) default NULL,
  `short_description` text,
  `extended_description` text,
  `file_id` int(10) unsigned default NULL,
  PRIMARY KEY  (`id`),
  UNIQUE KEY `uq_operation_1` (`qcodo_class_id`,`qcodo_interface_id`,`name`),
  KEY `operation_qcodo_class_id_idx` (`qcodo_class_id`),
  KEY `operation_qcodo_interface_id_idx` (`qcodo_interface_id`),
  KEY `operation_protection_type_id_idx` (`protection_type_id`),
  KEY `operation_return_variable_id_idx` (`return_variable_id`),
  KEY `operation_additional_variable_id_idx` (`additional_variable_id`),
  KEY `operation_file_id_idx` (`file_id`)
) ENGINE=MyISAM DEFAULT CHARSET=latin1;

--
-- Dumping data for table `operation`
--


/*!40000 ALTER TABLE `operation` DISABLE KEYS */;
LOCK TABLES `operation` WRITE;
INSERT INTO `operation` VALUES (1,2,NULL,'Autoload',1,1,0,0,NULL,NULL,'0.3.12',NULL,NULL,NULL,159),(2,4,NULL,'__construct',1,0,0,0,NULL,NULL,'0.3.12',NULL,NULL,NULL,163),(3,6,NULL,'__construct',1,0,0,0,NULL,NULL,'0.3.12',NULL,NULL,NULL,164),(4,6,NULL,'GetControlHtml',1,0,0,0,NULL,NULL,'0.3.12',NULL,NULL,NULL,164),(5,8,NULL,'RenderWithName',1,0,0,0,NULL,NULL,'0.3.12',NULL,NULL,NULL,165),(6,14,NULL,'GetResetButtonHtml',2,0,0,0,NULL,NULL,'0.3.12',NULL,NULL,NULL,168),(7,19,NULL,'__construct',1,0,0,0,NULL,NULL,'0.3.12',NULL,NULL,NULL,175),(8,NULL,NULL,'QcodoHandleException',NULL,NULL,NULL,NULL,NULL,NULL,'0.3.12',NULL,NULL,NULL,175),(9,NULL,NULL,'QcodoHandleError',NULL,NULL,NULL,NULL,NULL,NULL,'0.3.12',NULL,NULL,NULL,175),(10,NULL,NULL,'PrepDataForScript',NULL,NULL,NULL,NULL,NULL,NULL,'0.3.12',NULL,NULL,NULL,175),(11,NULL,NULL,'__autoload',NULL,NULL,NULL,NULL,NULL,NULL,'0.3.12',NULL,NULL,NULL,176),(12,NULL,NULL,'__ob_callback',NULL,NULL,NULL,NULL,NULL,NULL,'0.3.12',NULL,NULL,NULL,176),(13,NULL,NULL,'_p',NULL,NULL,NULL,NULL,NULL,NULL,'0.3.12',NULL,NULL,NULL,176),(14,NULL,NULL,'_t',NULL,NULL,NULL,NULL,NULL,NULL,'0.3.12',NULL,NULL,NULL,176),(15,NULL,NULL,'_i',NULL,NULL,NULL,NULL,NULL,NULL,'0.3.12',NULL,NULL,NULL,176),(16,NULL,NULL,'_f',NULL,NULL,NULL,NULL,NULL,NULL,'0.3.12',NULL,NULL,NULL,176),(17,NULL,NULL,'_c',NULL,NULL,NULL,NULL,NULL,NULL,'0.3.12',NULL,NULL,NULL,176),(18,15,NULL,'__construct',1,0,0,0,NULL,NULL,'0.3.12',NULL,NULL,NULL,179),(19,15,NULL,'ParsePostData',1,0,0,0,NULL,NULL,'0.3.12',NULL,NULL,NULL,179),(20,15,NULL,'GetJavaScriptAction',1,0,0,0,NULL,NULL,'0.3.12',NULL,NULL,NULL,179),(21,15,NULL,'GetAttributes',1,0,0,0,NULL,NULL,'0.3.12',NULL,NULL,NULL,179),(22,15,NULL,'GetControlHtml',2,0,0,0,NULL,NULL,'0.3.12',NULL,NULL,NULL,179),(23,15,NULL,'Validate',1,0,0,0,NULL,NULL,'0.3.12',NULL,NULL,NULL,179),(24,24,NULL,'__construct',1,0,0,0,NULL,NULL,'0.3.12',NULL,NULL,NULL,179),(25,26,NULL,'GetJavaScriptAction',1,0,0,0,NULL,NULL,'0.3.12',NULL,NULL,NULL,180),(26,26,NULL,'ParsePostData',1,0,0,0,NULL,NULL,'0.3.12',NULL,NULL,NULL,180),(27,26,NULL,'GetControlHtml',2,0,0,0,NULL,NULL,'0.3.12',NULL,NULL,NULL,180),(28,28,NULL,'__construct',1,0,0,0,NULL,NULL,'0.3.12',NULL,NULL,NULL,181),(29,28,NULL,'Render',1,0,0,0,NULL,NULL,'0.3.12',NULL,NULL,NULL,181),(30,29,NULL,'ParsePostData',1,0,0,0,NULL,NULL,'0.3.12',NULL,NULL,NULL,182),(31,29,NULL,'GetJavaScriptAction',1,0,0,0,NULL,NULL,'0.3.12',NULL,NULL,NULL,182),(32,29,NULL,'GetControlHtml',2,0,0,0,NULL,NULL,'0.3.12',NULL,NULL,NULL,182),(33,29,NULL,'Validate',1,0,0,0,NULL,NULL,'0.3.12',NULL,NULL,NULL,182),(34,5,NULL,'__construct',1,0,0,0,NULL,NULL,'0.3.12',NULL,NULL,NULL,183),(35,5,NULL,'ParsePostData',1,0,0,0,NULL,NULL,'0.3.12',NULL,NULL,NULL,183),(36,5,NULL,'Validate',1,0,0,0,NULL,NULL,'0.3.12',NULL,NULL,NULL,183),(37,5,NULL,'GetJavaScriptAction',1,0,0,0,NULL,NULL,'0.3.12',NULL,NULL,NULL,183),(38,5,NULL,'Page_Click',1,0,0,0,NULL,NULL,'0.3.12',NULL,NULL,NULL,183),(39,5,NULL,'SetPaginatedControl',1,0,0,0,NULL,NULL,'0.3.12',NULL,NULL,NULL,183),(40,31,NULL,'ApplyOverride',1,0,0,0,NULL,NULL,'0.3.12',NULL,NULL,NULL,184),(41,31,NULL,'GetAttributes',1,0,0,0,NULL,NULL,'0.3.12',NULL,NULL,NULL,184),(42,32,NULL,'__construct',1,0,0,0,NULL,NULL,'0.3.12',NULL,NULL,NULL,185),(43,27,NULL,'__construct',1,0,0,0,NULL,NULL,'0.3.12',NULL,NULL,NULL,186),(44,27,NULL,'AddControl',1,0,0,0,NULL,NULL,'0.3.12',NULL,NULL,NULL,186),(45,27,NULL,'RemoveControl',1,0,0,0,NULL,NULL,'0.3.12',NULL,NULL,NULL,186),(46,27,NULL,'GetAllControls',1,0,0,0,NULL,NULL,'0.3.12',NULL,NULL,NULL,186),(47,27,NULL,'Render',1,0,1,0,NULL,NULL,'0.3.12',NULL,NULL,NULL,186),(48,33,NULL,'__construct',1,0,0,0,NULL,NULL,'0.3.12',NULL,NULL,NULL,187),(49,33,NULL,'Validate',1,0,0,0,NULL,NULL,'0.3.12',NULL,NULL,NULL,187),(50,34,NULL,'ParsePostData',1,0,0,0,NULL,NULL,'0.3.12',NULL,NULL,NULL,188),(51,34,NULL,'GetJavaScriptAction',1,0,0,0,NULL,NULL,'0.3.12',NULL,NULL,NULL,188),(52,34,NULL,'GetControlHtml',2,0,0,0,NULL,NULL,'0.3.12',NULL,NULL,NULL,188),(53,34,NULL,'Validate',1,0,0,0,NULL,NULL,'0.3.12',NULL,NULL,NULL,188),(54,35,NULL,'__construct',1,0,0,0,NULL,NULL,'0.3.12',NULL,'The QEvent constructor.','The QEvent constructor. The constructor accepts a delay and optional (Javascript) condition. Note that child class default conditions are logically ANDed (&&) with the optional condition you provide.',189),(55,77,NULL,'ParsePostData',1,0,0,0,NULL,NULL,'0.3.12',NULL,NULL,NULL,191),(56,77,NULL,'GetJavaScriptAction',1,0,0,0,NULL,NULL,'0.3.12','0.3.43',NULL,NULL,191),(57,77,NULL,'GetControlHtml',1,0,0,0,NULL,NULL,'0.3.12',NULL,NULL,NULL,191),(58,77,NULL,'Validate',1,0,0,0,NULL,NULL,'0.3.12',NULL,NULL,NULL,191),(59,78,NULL,'RenderScript',1,0,1,0,NULL,NULL,'0.3.12',NULL,NULL,NULL,192),(60,78,NULL,'RenderActions',1,1,0,0,NULL,NULL,'0.3.12',NULL,NULL,NULL,192),(61,79,NULL,'__construct',1,0,0,0,NULL,NULL,'0.3.12',NULL,NULL,NULL,192),(62,79,NULL,'RenderScript',1,0,0,0,NULL,NULL,'0.3.12',NULL,NULL,NULL,192),(63,80,NULL,'__construct',1,0,0,0,NULL,NULL,'0.3.12',NULL,NULL,NULL,192),(64,80,NULL,'RenderScript',1,0,0,0,NULL,NULL,'0.3.12',NULL,NULL,NULL,192),(65,81,NULL,'__construct',1,0,0,0,NULL,NULL,'0.3.12',NULL,NULL,NULL,192),(66,82,NULL,'__construct',1,0,0,0,NULL,NULL,'0.3.12',NULL,NULL,NULL,192),(67,83,NULL,'__construct',1,0,0,0,NULL,NULL,'0.3.12',NULL,NULL,NULL,192),(68,83,NULL,'RenderScript',1,0,0,0,NULL,NULL,'0.3.12',NULL,NULL,NULL,192),(69,84,NULL,'__construct',1,0,0,0,NULL,NULL,'0.3.12',NULL,NULL,NULL,192),(70,84,NULL,'RenderScript',1,0,0,0,NULL,NULL,'0.3.12',NULL,NULL,NULL,192),(71,85,NULL,'__construct',1,0,0,0,NULL,NULL,'0.3.12',NULL,NULL,NULL,192),(72,85,NULL,'RenderScript',1,0,0,0,NULL,NULL,'0.3.12',NULL,NULL,NULL,192),(73,86,NULL,'RenderScript',1,0,0,0,NULL,NULL,'0.3.12',NULL,NULL,NULL,192),(74,87,NULL,'RenderScript',1,0,0,0,NULL,NULL,'0.3.12',NULL,NULL,NULL,192),(75,88,NULL,'__construct',1,0,0,0,NULL,NULL,'0.3.12',NULL,NULL,NULL,192),(76,88,NULL,'RenderScript',1,0,0,0,NULL,NULL,'0.3.12',NULL,NULL,NULL,192),(77,89,NULL,'__construct',1,0,0,0,NULL,NULL,'0.3.12',NULL,NULL,NULL,192),(78,89,NULL,'RenderScript',1,0,0,0,NULL,NULL,'0.3.12',NULL,NULL,NULL,192),(79,90,NULL,'RenderScript',1,0,0,0,NULL,NULL,'0.3.12',NULL,NULL,NULL,192),(80,91,NULL,'__construct',1,0,0,0,NULL,NULL,'0.3.12',NULL,NULL,NULL,192),(81,91,NULL,'RenderScript',1,0,0,0,NULL,NULL,'0.3.12',NULL,NULL,NULL,192),(82,9,NULL,'GetControlHtml',2,0,0,0,NULL,NULL,'0.3.12',NULL,NULL,NULL,193),(83,25,NULL,'__construct',1,0,0,0,NULL,NULL,'0.3.12',NULL,NULL,NULL,194),(84,25,NULL,'__serialize',1,0,0,0,NULL,NULL,'0.3.12',NULL,NULL,NULL,194),(85,25,NULL,'Validate',1,0,0,0,NULL,NULL,'0.3.12',NULL,NULL,NULL,194),(86,25,NULL,'SetDataBinder',1,0,0,0,NULL,NULL,'0.3.12',NULL,NULL,NULL,194),(87,25,NULL,'DataBind',1,0,0,0,NULL,NULL,'0.3.12',NULL,NULL,NULL,194),(88,94,NULL,'__construct',1,0,0,0,NULL,NULL,'0.3.12',NULL,NULL,NULL,194),(89,95,NULL,'GetAttributes',1,0,0,0,NULL,NULL,'0.3.12',NULL,NULL,NULL,195),(90,95,NULL,'ParsePostData',1,0,0,0,NULL,NULL,'0.3.12',NULL,NULL,NULL,195),(91,95,NULL,'GetControlHtml',2,0,0,0,NULL,NULL,'0.3.12',NULL,NULL,NULL,195),(92,96,NULL,'AddItem',1,0,0,0,NULL,NULL,'0.3.12',NULL,NULL,NULL,196),(93,96,NULL,'AddItemAt',1,0,0,0,NULL,NULL,'0.3.12',NULL,NULL,NULL,196),(94,96,NULL,'GetItem',1,0,0,0,NULL,NULL,'0.3.12',NULL,NULL,NULL,196),(95,96,NULL,'RemoveAllItems',1,0,0,0,NULL,NULL,'0.3.12',NULL,NULL,NULL,196),(96,96,NULL,'RemoveItem',1,0,0,0,NULL,NULL,'0.3.12',NULL,NULL,NULL,196),(97,97,NULL,'__construct',1,0,0,0,NULL,NULL,'0.3.12',NULL,NULL,NULL,197),(98,97,NULL,'AddChildItem',1,0,0,0,NULL,NULL,'0.3.12',NULL,NULL,NULL,197),(99,98,NULL,'__construct',1,0,0,0,NULL,NULL,'0.3.12',NULL,NULL,NULL,198),(100,98,NULL,'DisplayHtml',1,1,0,0,NULL,NULL,'0.3.12',NULL,NULL,NULL,198),(101,99,NULL,'ParsePostData',1,0,0,0,NULL,NULL,'0.3.12',NULL,NULL,NULL,199),(102,99,NULL,'GetJavaScriptAction',1,0,0,0,NULL,NULL,'0.3.12',NULL,NULL,NULL,199),(103,99,NULL,'GetControlHtml',2,0,0,0,NULL,NULL,'0.3.12',NULL,NULL,NULL,199),(104,99,NULL,'Validate',1,0,0,0,NULL,NULL,'0.3.12',NULL,NULL,NULL,199),(105,20,NULL,'AddUpperControlToResize',1,0,0,0,NULL,NULL,'0.3.12',NULL,NULL,NULL,200),(106,20,NULL,'RemoveUpperControlToResize',1,0,0,0,NULL,NULL,'0.3.12',NULL,NULL,NULL,200),(107,20,NULL,'RemoveAllUpperControlsToResize',1,0,0,0,NULL,NULL,'0.3.12',NULL,NULL,NULL,200),(108,20,NULL,'AddLowerControlToResize',1,0,0,0,NULL,NULL,'0.3.12',NULL,NULL,NULL,200),(109,20,NULL,'RemoveLowerControlToResize',1,0,0,0,NULL,NULL,'0.3.12',NULL,NULL,NULL,200),(110,20,NULL,'RemoveAllLowerControlsToResize',1,0,0,0,NULL,NULL,'0.3.12',NULL,NULL,NULL,200),(111,20,NULL,'AddControlToMove',1,0,0,0,NULL,NULL,'0.3.12',NULL,NULL,NULL,200),(112,20,NULL,'RemoveControlToMove',1,0,0,0,NULL,NULL,'0.3.12',NULL,NULL,NULL,200),(113,20,NULL,'RemoveAllControlsToMove',1,0,0,0,NULL,NULL,'0.3.12',NULL,NULL,NULL,200),(114,20,NULL,'AddDropZone',1,0,0,0,NULL,NULL,'0.3.12',NULL,NULL,NULL,200),(115,20,NULL,'RemoveDropZone',1,0,0,0,NULL,NULL,'0.3.12',NULL,NULL,NULL,200),(116,20,NULL,'RemoveAllDropZones',1,0,0,0,NULL,NULL,'0.3.12',NULL,NULL,NULL,200),(117,20,NULL,'GetEndScript',1,0,0,0,NULL,NULL,'0.3.12',NULL,NULL,NULL,200),(118,20,NULL,'GetStyleAttributes',1,0,0,0,NULL,NULL,'0.3.12',NULL,NULL,NULL,200),(119,20,NULL,'ParsePostData',1,0,0,0,NULL,NULL,'0.3.12',NULL,NULL,NULL,200),(120,20,NULL,'GetJavaScriptAction',1,0,0,0,NULL,NULL,'0.3.12',NULL,NULL,NULL,200),(121,20,NULL,'GetControlHtml',2,0,0,0,NULL,NULL,'0.3.12',NULL,NULL,NULL,200),(122,20,NULL,'Validate',1,0,0,0,NULL,NULL,'0.3.12',NULL,NULL,NULL,200),(123,100,NULL,'GetItemHtml',2,0,0,0,NULL,NULL,'0.3.12',NULL,NULL,NULL,201),(124,100,NULL,'AddChildItem',1,0,0,0,NULL,NULL,'0.3.12',NULL,NULL,NULL,201),(125,100,NULL,'AddItem',1,0,0,0,NULL,NULL,'0.3.12',NULL,NULL,NULL,201),(126,100,NULL,'GetItem',1,0,0,0,NULL,NULL,'0.3.12',NULL,NULL,NULL,201),(127,100,NULL,'GenerateItemId',1,0,0,0,NULL,NULL,'0.3.12',NULL,NULL,NULL,201),(128,100,NULL,'ParsePostData',1,0,0,0,NULL,NULL,'0.3.12',NULL,NULL,NULL,201),(129,100,NULL,'Validate',1,0,0,0,NULL,NULL,'0.3.12',NULL,NULL,NULL,201),(130,100,NULL,'GetControlHtml',1,0,0,0,NULL,NULL,'0.3.12',NULL,NULL,NULL,201),(131,101,NULL,'__construct',1,0,0,0,NULL,NULL,'0.3.12',NULL,NULL,NULL,202),(132,101,NULL,'GetAttributes',1,0,0,0,NULL,NULL,'0.3.12',NULL,NULL,NULL,202),(133,13,NULL,'__construct',1,0,0,0,NULL,NULL,'0.3.12',NULL,NULL,NULL,203),(134,13,NULL,'ParsePostData',1,0,0,0,NULL,NULL,'0.3.12',NULL,NULL,NULL,203),(135,13,NULL,'GetJavaScriptAction',1,0,0,0,NULL,NULL,'0.3.12',NULL,NULL,NULL,203),(136,13,NULL,'GetAttributes',1,0,0,0,NULL,NULL,'0.3.12',NULL,NULL,NULL,203),(137,13,NULL,'GetControlHtml',2,0,0,0,NULL,NULL,'0.3.12',NULL,NULL,NULL,203),(138,13,NULL,'GetResetButtonHtml',2,0,1,0,NULL,NULL,'0.3.12',NULL,NULL,NULL,203),(139,13,NULL,'Validate',1,0,0,0,NULL,NULL,'0.3.12',NULL,NULL,NULL,203),(140,11,NULL,'GenerateControlId',1,0,0,0,NULL,NULL,'0.3.12',NULL,NULL,NULL,204),(141,11,NULL,'Form_Run',2,0,0,0,NULL,NULL,'0.3.12',NULL,NULL,NULL,204),(142,11,NULL,'Form_Load',2,0,0,0,NULL,NULL,'0.3.12',NULL,NULL,NULL,204),(143,11,NULL,'Form_Create',2,0,0,0,NULL,NULL,'0.3.12',NULL,NULL,NULL,204),(144,11,NULL,'Form_PreRender',2,0,0,0,NULL,NULL,'0.3.12',NULL,NULL,NULL,204),(145,11,NULL,'Form_Validate',2,0,0,0,NULL,NULL,'0.3.12',NULL,NULL,NULL,204),(146,11,NULL,'Form_Exit',2,0,0,0,NULL,NULL,'0.3.12',NULL,NULL,NULL,204),(147,11,NULL,'VarExport',1,0,0,0,NULL,NULL,'0.3.12',NULL,NULL,NULL,204),(148,11,NULL,'IsCheckableControlRendered',1,0,0,0,NULL,NULL,'0.3.12',NULL,NULL,NULL,204),(149,11,NULL,'Run',1,1,0,0,NULL,NULL,'0.3.12',NULL,NULL,NULL,204),(150,11,NULL,'CallDataBinder',1,0,0,0,NULL,NULL,'0.3.12',NULL,NULL,NULL,204),(151,11,NULL,'RenderAjaxHelper',2,0,0,0,NULL,NULL,'0.3.12',NULL,NULL,NULL,204),(152,11,NULL,'RenderAjax',2,0,0,0,NULL,NULL,'0.3.12',NULL,NULL,NULL,204),(153,11,NULL,'Serialize',1,1,0,0,NULL,NULL,'0.3.12',NULL,NULL,NULL,204),(154,11,NULL,'Unserialize',1,1,0,0,NULL,NULL,'0.3.12',NULL,NULL,NULL,204),(155,11,NULL,'AddControl',1,0,0,0,NULL,NULL,'0.3.12',NULL,NULL,NULL,204),(156,11,NULL,'GetControl',1,0,0,0,NULL,NULL,'0.3.12',NULL,NULL,NULL,204),(157,11,NULL,'RemoveControl',1,0,0,0,NULL,NULL,'0.3.12',NULL,NULL,NULL,204),(158,11,NULL,'GetAllControls',1,0,0,0,NULL,NULL,'0.3.12',NULL,NULL,NULL,204),(159,11,NULL,'AddGrouping',1,0,0,0,NULL,NULL,'0.3.12',NULL,NULL,NULL,204),(160,11,NULL,'GetGrouping',1,0,0,0,NULL,NULL,'0.3.12',NULL,NULL,NULL,204),(161,11,NULL,'RemoveGrouping',1,0,0,0,NULL,NULL,'0.3.12',NULL,NULL,NULL,204),(162,11,NULL,'GetAllGroupings',1,0,0,0,NULL,NULL,'0.3.12',NULL,NULL,NULL,204),(163,11,NULL,'GetChildControls',1,0,0,0,NULL,NULL,'0.3.12',NULL,NULL,NULL,204),(164,11,NULL,'EvaluateTemplate',1,0,0,0,NULL,NULL,'0.3.12',NULL,NULL,NULL,204),(165,11,NULL,'TriggerMethod',1,0,0,0,NULL,NULL,'0.3.12',NULL,NULL,NULL,204),(166,11,NULL,'ValidateControlAndChildren',2,0,0,0,NULL,NULL,'0.3.12',NULL,NULL,NULL,204),(167,11,NULL,'TriggerActions',2,0,0,0,NULL,NULL,'0.3.12',NULL,NULL,NULL,204),(168,11,NULL,'Render',2,0,0,0,NULL,NULL,'0.3.12',NULL,NULL,NULL,204),(169,11,NULL,'RenderChildren',2,0,0,0,NULL,NULL,'0.3.12',NULL,NULL,NULL,204),(170,11,NULL,'__construct',2,0,0,0,NULL,NULL,'0.3.12',NULL,NULL,NULL,204),(171,11,NULL,'RenderBegin',2,0,0,0,NULL,NULL,'0.3.12',NULL,NULL,NULL,204),(172,11,NULL,'IsPostBack',1,0,0,0,NULL,NULL,'0.3.12',NULL,NULL,NULL,204),(173,11,NULL,'GetErrorMessages',1,0,0,0,NULL,NULL,'0.3.12',NULL,NULL,NULL,204),(174,11,NULL,'GetErrorControls',1,0,0,0,NULL,NULL,'0.3.12',NULL,NULL,NULL,204),(175,11,NULL,'RenderEnd',2,0,0,0,NULL,NULL,'0.3.12',NULL,NULL,NULL,204),(176,92,NULL,'ParsePostData',1,0,0,0,NULL,NULL,'0.3.12',NULL,NULL,NULL,205),(177,92,NULL,'GetJavaScriptAction',1,0,0,0,NULL,NULL,'0.3.12',NULL,NULL,NULL,205),(178,92,NULL,'Validate',1,0,0,0,NULL,NULL,'0.3.12',NULL,NULL,NULL,205),(179,103,NULL,'ApplyOverride',1,0,0,0,NULL,NULL,'0.3.12',NULL,NULL,NULL,207),(180,103,NULL,'GetAttributes',1,0,0,0,NULL,NULL,'0.3.12',NULL,NULL,NULL,207),(181,104,NULL,'ParsePostData',1,0,0,0,NULL,NULL,'0.3.12',NULL,NULL,NULL,208),(182,104,NULL,'GetJavaScriptAction',1,0,0,0,NULL,NULL,'0.3.12',NULL,NULL,NULL,208),(183,104,NULL,'GetControlHtml',2,0,0,0,NULL,NULL,'0.3.12',NULL,NULL,NULL,208),(184,104,NULL,'Validate',1,0,0,0,NULL,NULL,'0.3.12',NULL,NULL,NULL,208),(185,105,NULL,'ParsePostData',1,0,0,0,NULL,NULL,'0.3.12',NULL,NULL,NULL,209),(186,105,NULL,'GetJavaScriptAction',1,0,0,0,NULL,NULL,'0.3.12',NULL,NULL,NULL,209),(187,105,NULL,'GetControlHtml',2,0,0,0,NULL,NULL,'0.3.12',NULL,NULL,NULL,209),(188,105,NULL,'Validate',1,0,0,0,NULL,NULL,'0.3.12',NULL,NULL,NULL,209),(189,106,NULL,'__construct',1,0,0,0,NULL,NULL,'0.3.12',NULL,NULL,NULL,210),(190,106,NULL,'Validate',1,0,0,0,NULL,NULL,'0.3.12',NULL,NULL,NULL,210),(191,107,NULL,'ParsePostData',1,0,0,0,NULL,NULL,'0.3.12',NULL,NULL,NULL,211),(192,107,NULL,'GetJavaScriptAction',1,0,0,0,NULL,NULL,'0.3.12',NULL,NULL,NULL,211),(193,107,NULL,'GetControlHtml',2,0,0,0,NULL,NULL,'0.3.12',NULL,NULL,NULL,211),(194,107,NULL,'Validate',1,0,0,0,NULL,NULL,'0.3.12',NULL,NULL,NULL,211),(195,3,NULL,'__construct',1,0,0,0,NULL,NULL,'0.3.12',NULL,NULL,NULL,212),(196,3,NULL,'AddColumn',1,0,0,0,NULL,NULL,'0.3.12',NULL,NULL,NULL,212),(197,3,NULL,'AddColumnAt',1,0,0,0,NULL,NULL,'0.3.12',NULL,NULL,NULL,212),(198,3,NULL,'RemoveColumn',1,0,0,0,NULL,NULL,'0.3.12',NULL,NULL,NULL,212),(199,3,NULL,'RemoveColumnByName',1,0,0,0,NULL,NULL,'0.3.12',NULL,NULL,NULL,212),(200,3,NULL,'RemoveColumnsByName',1,0,0,0,NULL,NULL,'0.3.12',NULL,NULL,NULL,212),(201,3,NULL,'RemoveAllColumns',1,0,0,0,NULL,NULL,'0.3.12',NULL,NULL,NULL,212),(202,3,NULL,'GetColumn',1,0,0,0,NULL,NULL,'0.3.12',NULL,NULL,NULL,212),(203,3,NULL,'GetColumnByName',1,0,0,0,NULL,NULL,'0.3.12',NULL,NULL,NULL,212),(204,3,NULL,'GetColumnsByName',1,0,0,0,NULL,NULL,'0.3.12',NULL,NULL,NULL,212),(205,3,NULL,'OverrideRowStyle',1,0,0,0,NULL,NULL,'0.3.12',NULL,NULL,NULL,212),(206,3,NULL,'ParseColumnHtml',2,0,0,0,NULL,NULL,'0.3.12',NULL,NULL,NULL,212),(207,3,NULL,'ParsePostData',1,0,0,0,NULL,NULL,'0.3.12',NULL,NULL,NULL,212),(208,3,NULL,'GetAttributes',1,0,0,0,NULL,NULL,'0.3.12',NULL,NULL,NULL,212),(209,3,NULL,'GetJavaScriptAction',1,0,0,0,NULL,NULL,'0.3.12',NULL,NULL,NULL,212),(210,3,NULL,'GetStyleAttributes',1,0,0,0,NULL,NULL,'0.3.12',NULL,NULL,NULL,212),(211,3,NULL,'Sort_Click',1,0,0,0,NULL,NULL,'0.3.12',NULL,NULL,NULL,212),(212,3,NULL,'GetPaginatorRowHtml',2,0,0,0,NULL,NULL,'0.3.12',NULL,NULL,NULL,212),(213,3,NULL,'GetHeaderRowHtml',2,0,0,0,NULL,NULL,'0.3.12',NULL,NULL,NULL,212),(214,3,NULL,'GetDataGridRowHtml',2,0,0,0,NULL,NULL,'0.3.12',NULL,NULL,NULL,212),(215,3,NULL,'GetFooterRowHtml',2,0,0,0,NULL,NULL,'0.3.12',NULL,NULL,NULL,212),(216,3,NULL,'GetControlHtml',2,0,0,0,NULL,NULL,'0.3.12',NULL,NULL,NULL,212),(217,NULL,NULL,'DataGridEvalHandleError',NULL,NULL,NULL,NULL,NULL,NULL,'0.3.12',NULL,NULL,NULL,212),(218,108,NULL,'__construct',1,0,0,0,NULL,NULL,'0.3.12',NULL,NULL,NULL,213),(219,108,NULL,'GetStyleAttributes',1,0,0,0,NULL,NULL,'0.3.12',NULL,NULL,NULL,213),(220,108,NULL,'ParsePostData',1,0,0,0,NULL,NULL,'0.3.12',NULL,NULL,NULL,213),(221,108,NULL,'Validate',1,0,0,0,NULL,NULL,'0.3.12',NULL,NULL,NULL,213),(222,108,NULL,'GetControlHtml',2,0,0,0,NULL,NULL,'0.3.12',NULL,NULL,NULL,213),(223,7,NULL,'__construct',1,0,0,0,NULL,NULL,'0.3.12',NULL,NULL,NULL,214),(224,7,NULL,'AddChildControl',1,0,0,0,NULL,NULL,'0.3.12',NULL,NULL,NULL,214),(225,7,NULL,'GetChildControls',1,0,0,0,NULL,NULL,'0.3.12',NULL,NULL,NULL,214),(226,7,NULL,'RemoveChildControls',1,0,0,0,NULL,NULL,'0.3.12',NULL,NULL,NULL,214),(227,7,NULL,'RemoveChildControl',1,0,0,0,NULL,NULL,'0.3.12',NULL,NULL,NULL,214),(228,7,NULL,'AddAction',1,0,0,0,NULL,NULL,'0.3.12',NULL,NULL,NULL,214),(229,7,NULL,'AddActionArray',1,0,0,0,NULL,NULL,'0.3.12',NULL,NULL,NULL,214),(230,7,NULL,'RemoveAllActions',1,0,0,0,NULL,NULL,'0.3.12',NULL,'Removes all specified actions from the control.','This function removes all specified actions of the control.\r\nThe event parameter is the Javascript function of the Event you want to remove (not the QEvent ClassName)\r\n\r\nExample:\r\n<code>\r\n/* Adding a click event */\r\n$this->btnAdd = new QButton($this)\r\n$this->btnAdd->AddAction(new QClickEvent(), new QAjaxAction(\'Answer_Change\'));\r\n\r\n/* removing all click events */\r\n$this->btnAdd->RemoveAllActions(\'onclick\');\r\n</code>',214),(231,7,NULL,'GetAllActions',1,0,0,0,NULL,NULL,'0.3.12',NULL,NULL,NULL,214),(232,7,NULL,'SetCustomAttribute',1,0,0,0,NULL,NULL,'0.3.12',NULL,NULL,NULL,214),(233,7,NULL,'GetCustomAttribute',1,0,0,0,NULL,NULL,'0.3.12',NULL,NULL,NULL,214),(234,7,NULL,'RemoveCustomAttribute',1,0,0,0,NULL,NULL,'0.3.12',NULL,NULL,NULL,214),(235,7,NULL,'SetCustomStyle',1,0,0,0,NULL,NULL,'0.3.12',NULL,NULL,NULL,214),(236,7,NULL,'GetCustomStyle',1,0,0,0,NULL,NULL,'0.3.12',NULL,NULL,NULL,214),(237,7,NULL,'RemoveCustomStyle',1,0,0,0,NULL,NULL,'0.3.12',NULL,NULL,NULL,214),(238,7,NULL,'ParsePostData',1,0,1,0,NULL,NULL,'0.3.12',NULL,NULL,NULL,214),(239,7,NULL,'GetAttributes',1,0,0,0,NULL,NULL,'0.3.12',NULL,NULL,NULL,214),(240,7,NULL,'GetCustomAttributes',1,0,0,0,NULL,NULL,'0.3.12',NULL,NULL,NULL,214),(241,7,NULL,'GetActionAttributes',1,0,0,0,NULL,NULL,'0.3.12',NULL,NULL,NULL,214),(242,7,NULL,'GetJavaScriptForEvent',1,0,0,0,NULL,NULL,'0.3.12',NULL,NULL,NULL,214),(243,7,NULL,'GetStyleAttributes',1,0,0,0,NULL,NULL,'0.3.12',NULL,NULL,NULL,214),(244,7,NULL,'RenderHelper',2,0,0,0,NULL,NULL,'0.3.12',NULL,NULL,NULL,214),(245,7,NULL,'GetNonWrappedHtml',2,0,0,0,NULL,NULL,'0.3.12',NULL,NULL,NULL,214),(246,7,NULL,'GetEndScript',1,0,0,0,NULL,NULL,'0.3.12',NULL,NULL,NULL,214),(247,7,NULL,'GetEndHtml',1,0,0,0,NULL,NULL,'0.3.12',NULL,NULL,NULL,214),(248,7,NULL,'Refresh',1,0,0,0,NULL,NULL,'0.3.12',NULL,NULL,NULL,214),(249,7,NULL,'RenderOutput',2,0,0,0,NULL,NULL,'0.3.12',NULL,NULL,NULL,214),(250,7,NULL,'GetControlHtml',2,0,1,0,NULL,NULL,'0.3.12',NULL,NULL,NULL,214),(251,7,NULL,'Render',1,0,0,0,NULL,NULL,'0.3.12',NULL,NULL,NULL,214),(252,7,NULL,'RenderAjax',1,0,0,0,NULL,NULL,'0.3.12',NULL,NULL,NULL,214),(253,7,NULL,'RenderChildren',2,0,0,0,NULL,NULL,'0.3.12',NULL,NULL,NULL,214),(254,7,NULL,'SetFocus',1,0,0,0,NULL,NULL,'0.3.12',NULL,NULL,NULL,214),(255,7,NULL,'RenderWithError',1,0,0,0,NULL,NULL,'0.3.12',NULL,NULL,NULL,214),(256,7,NULL,'Validate',1,0,1,0,NULL,NULL,'0.3.12',NULL,NULL,NULL,214),(257,7,NULL,'ResetFlags',1,0,0,0,NULL,NULL,'0.3.12',NULL,NULL,NULL,214),(258,7,NULL,'MarkAsModified',1,0,0,0,NULL,NULL,'0.3.12',NULL,NULL,NULL,214),(259,7,NULL,'MarkAsWrapperModified',1,0,0,0,NULL,NULL,'0.3.12',NULL,NULL,NULL,214),(260,7,NULL,'SetForm',1,0,0,0,NULL,NULL,'0.3.12',NULL,NULL,NULL,214),(261,7,NULL,'SetParentControl',1,0,0,0,NULL,NULL,'0.3.12',NULL,NULL,NULL,214),(262,7,NULL,'ValidationReset',1,0,0,0,NULL,NULL,'0.3.12',NULL,NULL,NULL,214),(263,7,NULL,'VarExport',1,0,0,0,NULL,NULL,'0.3.12',NULL,NULL,NULL,214),(264,109,NULL,'ParsePostData',1,0,0,0,NULL,NULL,'0.3.12',NULL,NULL,NULL,215),(265,109,NULL,'GetJavaScriptAction',1,0,0,0,NULL,NULL,'0.3.12',NULL,NULL,NULL,215),(266,109,NULL,'GetControlHtml',2,0,0,0,NULL,NULL,'0.3.12',NULL,NULL,NULL,215),(267,109,NULL,'Validate',1,0,0,0,NULL,NULL,'0.3.12',NULL,NULL,NULL,215),(268,110,NULL,'GetControlHtml',2,0,0,0,NULL,NULL,'0.3.12',NULL,NULL,NULL,216),(269,17,NULL,'GetStyleAttributes',1,0,0,0,NULL,NULL,'0.3.12',NULL,NULL,NULL,217),(270,17,NULL,'ParsePostData',1,0,0,0,NULL,NULL,'0.3.12',NULL,NULL,NULL,217),(271,17,NULL,'GetJavaScriptAction',1,0,0,0,NULL,NULL,'0.3.12',NULL,NULL,NULL,217),(272,17,NULL,'GetControlHtml',2,0,0,0,NULL,NULL,'0.3.12',NULL,NULL,NULL,217),(273,17,NULL,'Validate',1,0,0,0,NULL,NULL,'0.3.12',NULL,NULL,NULL,217),(274,17,NULL,'Serialize',1,0,0,0,NULL,NULL,'0.3.12',NULL,NULL,NULL,217),(275,17,NULL,'Run',1,1,0,0,NULL,NULL,'0.3.12',NULL,NULL,NULL,217),(276,17,NULL,'RenderImage',2,0,0,0,NULL,NULL,'0.3.12',NULL,NULL,NULL,217),(277,112,NULL,'DeleteFormStateForSession',1,1,0,0,NULL,NULL,'0.3.12',NULL,NULL,NULL,232),(278,112,NULL,'GarbageCollect',1,1,0,0,NULL,NULL,'0.3.12',NULL,NULL,NULL,232),(279,112,NULL,'Save',1,1,0,0,NULL,NULL,'0.3.12',NULL,NULL,NULL,232),(280,112,NULL,'Load',1,1,0,0,NULL,NULL,'0.3.12',NULL,NULL,NULL,232),(281,113,NULL,'Save',1,1,0,0,NULL,NULL,'0.3.12',NULL,NULL,NULL,233),(282,113,NULL,'Load',1,1,0,0,NULL,NULL,'0.3.12',NULL,NULL,NULL,233),(283,114,NULL,'Save',1,1,0,0,NULL,NULL,'0.3.12',NULL,NULL,NULL,234),(284,114,NULL,'Load',1,1,0,0,NULL,NULL,'0.3.12',NULL,NULL,NULL,234),(285,116,NULL,'GetTables',1,0,0,0,NULL,NULL,'0.3.12',NULL,NULL,NULL,235),(286,116,NULL,'Query',1,0,0,0,NULL,NULL,'0.3.12',NULL,NULL,NULL,235),(287,118,NULL,'FetchFields',1,0,0,0,NULL,NULL,'0.3.12',NULL,NULL,NULL,235),(288,118,NULL,'FetchField',1,0,0,0,NULL,NULL,'0.3.12',NULL,NULL,NULL,235),(289,120,NULL,'SetFieldType',2,0,0,0,NULL,NULL,'0.3.12',NULL,NULL,NULL,235),(290,115,NULL,'SqlLimitVariablePrefix',1,0,0,0,NULL,NULL,'0.3.12',NULL,NULL,NULL,236),(291,115,NULL,'SqlLimitVariableSuffix',1,0,0,0,NULL,NULL,'0.3.12',NULL,NULL,NULL,236),(292,115,NULL,'SqlSortByVariable',1,0,0,0,NULL,NULL,'0.3.12',NULL,NULL,NULL,236),(293,115,NULL,'__construct',1,0,0,0,NULL,NULL,'0.3.12','0.3.43',NULL,NULL,236),(294,115,NULL,'Query',1,0,0,0,NULL,NULL,'0.3.12',NULL,NULL,NULL,236),(295,115,NULL,'NonQuery',1,0,0,0,NULL,NULL,'0.3.12',NULL,NULL,NULL,236),(296,115,NULL,'GetTables',1,0,0,0,NULL,NULL,'0.3.12',NULL,NULL,NULL,236),(297,115,NULL,'GetFieldsForTable',1,0,0,0,NULL,NULL,'0.3.12',NULL,NULL,NULL,236),(298,115,NULL,'InsertId',1,0,0,0,NULL,NULL,'0.3.12',NULL,NULL,NULL,236),(299,115,NULL,'Close',1,0,0,0,NULL,NULL,'0.3.12',NULL,NULL,NULL,236),(300,115,NULL,'TransactionBegin',1,0,0,0,NULL,NULL,'0.3.12',NULL,NULL,NULL,236),(301,115,NULL,'TransactionCommit',1,0,0,0,NULL,NULL,'0.3.12',NULL,NULL,NULL,236),(302,115,NULL,'TransactionRollback',1,0,0,0,NULL,NULL,'0.3.12',NULL,NULL,NULL,236),(303,115,NULL,'GetIndexesForTable',1,0,0,0,NULL,NULL,'0.3.12',NULL,NULL,NULL,236),(304,115,NULL,'GetForeignKeysForTable',1,0,0,0,NULL,NULL,'0.3.12',NULL,NULL,NULL,236),(305,115,NULL,'ParseNameFromKeyDefinition',3,0,0,0,NULL,NULL,'0.3.12',NULL,NULL,NULL,236),(306,115,NULL,'ParseColumnNameArrayFromKeyDefinition',3,0,0,0,NULL,NULL,'0.3.12',NULL,NULL,NULL,236),(307,115,NULL,'ParseForIndexes',3,0,0,0,NULL,NULL,'0.3.12',NULL,NULL,NULL,236),(308,115,NULL,'ParseForInnoDbForeignKeys',3,0,0,0,NULL,NULL,'0.3.12',NULL,NULL,NULL,236),(309,115,NULL,'GetCreateStatementForTable',3,0,0,0,NULL,NULL,'0.3.12',NULL,NULL,NULL,236),(310,115,NULL,'GetTableTypeForCreateStatement',3,0,0,0,NULL,NULL,'0.3.12',NULL,NULL,NULL,236),(311,123,NULL,'__construct',1,0,0,0,NULL,NULL,'0.3.12',NULL,NULL,NULL,236),(312,117,NULL,'__construct',1,0,0,0,NULL,NULL,'0.3.12',NULL,NULL,NULL,236),(313,117,NULL,'FetchArray',1,0,0,0,NULL,NULL,'0.3.12',NULL,NULL,NULL,236),(314,117,NULL,'FetchFields',1,0,0,0,NULL,NULL,'0.3.12',NULL,NULL,NULL,236),(315,117,NULL,'FetchField',1,0,0,0,NULL,NULL,'0.3.12',NULL,NULL,NULL,236),(316,117,NULL,'FetchRow',1,0,0,0,NULL,NULL,'0.3.12',NULL,NULL,NULL,236),(317,117,NULL,'CountRows',1,0,0,0,NULL,NULL,'0.3.12',NULL,NULL,NULL,236),(318,117,NULL,'CountFields',1,0,0,0,NULL,NULL,'0.3.12',NULL,NULL,NULL,236),(319,117,NULL,'Close',1,0,0,0,NULL,NULL,'0.3.12',NULL,NULL,NULL,236),(320,117,NULL,'GetNextRow',1,0,0,0,NULL,NULL,'0.3.12',NULL,NULL,NULL,236),(321,117,NULL,'GetRows',1,0,0,0,NULL,NULL,'0.3.12',NULL,NULL,NULL,236),(322,126,NULL,'__construct',1,0,0,0,NULL,NULL,'0.3.12',NULL,NULL,NULL,236),(323,126,NULL,'GetColumn',1,0,0,0,NULL,NULL,'0.3.12',NULL,NULL,NULL,236),(324,126,NULL,'ColumnExists',1,0,0,0,NULL,NULL,'0.3.12',NULL,NULL,NULL,236),(325,126,NULL,'GetColumnNameArray',1,0,0,0,NULL,NULL,'0.3.12',NULL,NULL,NULL,236),(326,119,NULL,'__construct',1,0,0,0,NULL,NULL,'0.3.12',NULL,NULL,NULL,236),(327,119,NULL,'SetFieldType',2,0,0,0,NULL,NULL,'0.3.12',NULL,NULL,NULL,236),(328,128,NULL,'SqlVariable',1,0,0,0,NULL,NULL,'0.3.12',NULL,NULL,NULL,237),(329,128,NULL,'SqlLimitVariablePrefix',1,0,0,0,NULL,NULL,'0.3.12',NULL,NULL,NULL,237),(330,128,NULL,'SqlLimitVariableSuffix',1,0,0,0,NULL,NULL,'0.3.12',NULL,NULL,NULL,237),(331,128,NULL,'SqlSortByVariable',1,0,0,0,NULL,NULL,'0.3.12',NULL,NULL,NULL,237),(332,128,NULL,'__construct',1,0,0,0,NULL,NULL,'0.3.12','0.3.43',NULL,NULL,237),(333,128,NULL,'Query',1,0,0,0,NULL,NULL,'0.3.12',NULL,NULL,NULL,237),(334,128,NULL,'NonQuery',1,0,0,0,NULL,NULL,'0.3.12',NULL,NULL,NULL,237),(335,128,NULL,'GetTables',1,0,0,0,NULL,NULL,'0.3.12',NULL,NULL,NULL,237),(336,128,NULL,'GetTableForId',1,0,0,0,NULL,NULL,'0.3.12',NULL,NULL,NULL,237),(337,128,NULL,'GetFieldsForTable',1,0,0,0,NULL,NULL,'0.3.12',NULL,NULL,NULL,237),(338,128,NULL,'InsertId',1,0,0,0,NULL,NULL,'0.3.12',NULL,NULL,NULL,237),(339,128,NULL,'Close',1,0,0,0,NULL,NULL,'0.3.12',NULL,NULL,NULL,237),(340,128,NULL,'TransactionBegin',1,0,0,0,NULL,NULL,'0.3.12',NULL,NULL,NULL,237),(341,128,NULL,'TransactionCommit',1,0,0,0,NULL,NULL,'0.3.12',NULL,NULL,NULL,237),(342,128,NULL,'TransactionRollback',1,0,0,0,NULL,NULL,'0.3.12',NULL,NULL,NULL,237),(343,128,NULL,'GetIndexesForTable',1,0,0,0,NULL,NULL,'0.3.12',NULL,NULL,NULL,237),(344,128,NULL,'GetForeignKeysForTable',1,0,0,0,NULL,NULL,'0.3.12',NULL,NULL,NULL,237),(345,129,NULL,'__construct',1,0,0,0,NULL,NULL,'0.3.12',NULL,NULL,NULL,237),(346,130,NULL,'__construct',1,0,0,0,NULL,NULL,'0.3.12',NULL,NULL,NULL,237),(347,130,NULL,'FetchArray',1,0,0,0,NULL,NULL,'0.3.12',NULL,NULL,NULL,237),(348,130,NULL,'FetchFields',1,0,0,0,NULL,NULL,'0.3.12',NULL,NULL,NULL,237),(349,130,NULL,'FetchField',1,0,0,0,NULL,NULL,'0.3.12',NULL,NULL,NULL,237),(350,130,NULL,'FetchRow',1,0,0,0,NULL,NULL,'0.3.12',NULL,NULL,NULL,237),(351,130,NULL,'CountRows',1,0,0,0,NULL,NULL,'0.3.12',NULL,NULL,NULL,237),(352,130,NULL,'CountFields',1,0,0,0,NULL,NULL,'0.3.12',NULL,NULL,NULL,237),(353,130,NULL,'Close',1,0,0,0,NULL,NULL,'0.3.12',NULL,NULL,NULL,237),(354,130,NULL,'GetNextRow',1,0,0,0,NULL,NULL,'0.3.12',NULL,NULL,NULL,237),(355,130,NULL,'GetRows',1,0,0,0,NULL,NULL,'0.3.12',NULL,NULL,NULL,237),(356,131,NULL,'__construct',1,0,0,0,NULL,NULL,'0.3.12',NULL,NULL,NULL,237),(357,131,NULL,'GetColumn',1,0,0,0,NULL,NULL,'0.3.12',NULL,NULL,NULL,237),(358,131,NULL,'ColumnExists',1,0,0,0,NULL,NULL,'0.3.12',NULL,NULL,NULL,237),(359,131,NULL,'GetColumnNameArray',1,0,0,0,NULL,NULL,'0.3.12',NULL,NULL,NULL,237),(360,132,NULL,'__construct',1,0,0,0,NULL,NULL,'0.3.12',NULL,NULL,NULL,237),(361,133,NULL,'SqlVariable',1,0,0,0,NULL,NULL,'0.3.12',NULL,NULL,NULL,238),(362,133,NULL,'SqlLimitVariablePrefix',1,0,0,0,NULL,NULL,'0.3.12',NULL,NULL,NULL,238),(363,133,NULL,'SqlLimitVariableSuffix',1,0,0,0,NULL,NULL,'0.3.12',NULL,NULL,NULL,238),(364,133,NULL,'SqlSortByVariable',1,0,0,0,NULL,NULL,'0.3.12',NULL,NULL,NULL,238),(365,133,NULL,'__construct',1,0,0,0,NULL,NULL,'0.3.12','0.3.43',NULL,NULL,238),(366,133,NULL,'Query',1,0,0,0,NULL,NULL,'0.3.12',NULL,NULL,NULL,238),(367,133,NULL,'NonQuery',1,0,0,0,NULL,NULL,'0.3.12',NULL,NULL,NULL,238),(368,133,NULL,'GetTables',1,0,0,0,NULL,NULL,'0.3.12',NULL,NULL,NULL,238),(369,133,NULL,'GetFieldsForTable',1,0,0,0,NULL,NULL,'0.3.12',NULL,NULL,NULL,238),(370,133,NULL,'InsertId',1,0,0,0,NULL,NULL,'0.3.12',NULL,NULL,NULL,238),(371,133,NULL,'Close',1,0,0,0,NULL,NULL,'0.3.12',NULL,NULL,NULL,238),(372,133,NULL,'TransactionBegin',1,0,0,0,NULL,NULL,'0.3.12',NULL,NULL,NULL,238),(373,133,NULL,'TransactionCommit',1,0,0,0,NULL,NULL,'0.3.12',NULL,NULL,NULL,238),(374,133,NULL,'TransactionRollback',1,0,0,0,NULL,NULL,'0.3.12',NULL,NULL,NULL,238),(375,133,NULL,'ParseColumnNameArrayFromKeyDefinition',3,0,0,0,NULL,NULL,'0.3.12',NULL,NULL,NULL,238),(376,133,NULL,'GetIndexesForTable',1,0,0,0,NULL,NULL,'0.3.12',NULL,NULL,NULL,238),(377,133,NULL,'GetForeignKeysForTable',1,0,0,0,NULL,NULL,'0.3.12',NULL,NULL,NULL,238),(378,134,NULL,'__construct',1,0,0,0,NULL,NULL,'0.3.12',NULL,NULL,NULL,238),(379,135,NULL,'__construct',1,0,0,0,NULL,NULL,'0.3.12',NULL,NULL,NULL,238),(380,135,NULL,'FetchArray',1,0,0,0,NULL,NULL,'0.3.12',NULL,NULL,NULL,238),(381,135,NULL,'FetchFields',1,0,0,0,NULL,NULL,'0.3.12',NULL,NULL,NULL,238),(382,135,NULL,'FetchField',1,0,0,0,NULL,NULL,'0.3.12',NULL,NULL,NULL,238),(383,135,NULL,'FetchRow',1,0,0,0,NULL,NULL,'0.3.12',NULL,NULL,NULL,238),(384,135,NULL,'CountRows',1,0,0,0,NULL,NULL,'0.3.12',NULL,NULL,NULL,238),(385,135,NULL,'CountFields',1,0,0,0,NULL,NULL,'0.3.12',NULL,NULL,NULL,238),(386,135,NULL,'Close',1,0,0,0,NULL,NULL,'0.3.12',NULL,NULL,NULL,238),(387,135,NULL,'GetNextRow',1,0,0,0,NULL,NULL,'0.3.12',NULL,NULL,NULL,238),(388,135,NULL,'GetRows',1,0,0,0,NULL,NULL,'0.3.12',NULL,NULL,NULL,238),(389,136,NULL,'__construct',1,0,0,0,NULL,NULL,'0.3.12',NULL,NULL,NULL,238),(390,136,NULL,'GetColumn',1,0,0,0,NULL,NULL,'0.3.12',NULL,NULL,NULL,238),(391,136,NULL,'ColumnExists',1,0,0,0,NULL,NULL,'0.3.12',NULL,NULL,NULL,238),(392,136,NULL,'GetColumnNameArray',1,0,0,0,NULL,NULL,'0.3.12',NULL,NULL,NULL,238),(393,137,NULL,'__construct',1,0,0,0,NULL,NULL,'0.3.12',NULL,NULL,NULL,238),(394,138,NULL,'__construct',1,0,0,0,NULL,NULL,'0.3.12','0.3.43',NULL,NULL,239),(395,138,NULL,'Query',1,0,0,0,NULL,NULL,'0.3.12',NULL,NULL,NULL,239),(396,138,NULL,'NonQuery',1,0,0,0,NULL,NULL,'0.3.12',NULL,NULL,NULL,239),(397,138,NULL,'InsertId',1,0,0,0,NULL,NULL,'0.3.12',NULL,NULL,NULL,239),(398,138,NULL,'Close',1,0,0,0,NULL,NULL,'0.3.12',NULL,NULL,NULL,239),(399,139,NULL,'__construct',1,0,0,0,NULL,NULL,'0.3.12',NULL,NULL,NULL,239),(400,139,NULL,'FetchArray',1,0,0,0,NULL,NULL,'0.3.12',NULL,NULL,NULL,239),(401,139,NULL,'FetchFields',1,0,0,0,NULL,NULL,'0.3.12',NULL,NULL,NULL,239),(402,139,NULL,'FetchField',1,0,0,0,NULL,NULL,'0.3.12',NULL,NULL,NULL,239),(403,139,NULL,'FetchRow',1,0,0,0,NULL,NULL,'0.3.12',NULL,NULL,NULL,239),(404,139,NULL,'CountRows',1,0,0,0,NULL,NULL,'0.3.12',NULL,NULL,NULL,239),(405,139,NULL,'CountFields',1,0,0,0,NULL,NULL,'0.3.12',NULL,NULL,NULL,239),(406,139,NULL,'Close',1,0,0,0,NULL,NULL,'0.3.12',NULL,NULL,NULL,239),(407,139,NULL,'GetNextRow',1,0,0,0,NULL,NULL,'0.3.12','0.3.43',NULL,NULL,239),(408,139,NULL,'GetRows',1,0,0,0,NULL,NULL,'0.3.12','0.3.43',NULL,NULL,239),(409,140,NULL,'__construct',1,0,0,0,NULL,NULL,'0.3.12',NULL,NULL,NULL,239),(410,143,NULL,'GetSettingsXml',1,1,0,0,NULL,NULL,'0.3.12',NULL,NULL,NULL,242),(411,143,NULL,'Run',1,1,0,0,NULL,NULL,'0.3.12',NULL,NULL,NULL,242),(412,143,NULL,'LookupSetting',2,1,0,0,NULL,NULL,'0.3.12',NULL,NULL,NULL,242),(413,143,NULL,'GenerateAggregate',1,1,0,0,NULL,NULL,'0.3.12',NULL,NULL,NULL,242),(414,143,NULL,'GenerateFiles',1,0,0,0,NULL,NULL,'0.3.12',NULL,NULL,NULL,242),(415,143,NULL,'GenerateFile',1,0,0,0,NULL,NULL,'0.3.12',NULL,NULL,NULL,242),(416,143,NULL,'EvaluateSubTemplate',2,0,0,0,NULL,NULL,'0.3.12',NULL,NULL,NULL,242),(417,143,NULL,'EvaluateTemplate',2,0,0,0,NULL,NULL,'0.3.12',NULL,NULL,NULL,242),(418,143,NULL,'ClassNameFromTableName',2,0,0,0,NULL,NULL,'0.3.12',NULL,NULL,NULL,242),(419,143,NULL,'VariableNameFromColumn',2,0,0,0,NULL,NULL,'0.3.12',NULL,NULL,NULL,242),(420,143,NULL,'PropertyNameFromColumn',2,0,0,0,NULL,NULL,'0.3.12',NULL,NULL,NULL,242),(421,143,NULL,'ReferenceColumnNameFromColumn',2,0,0,0,NULL,NULL,'0.3.12',NULL,NULL,NULL,242),(422,143,NULL,'ReferenceVariableNameFromColumn',2,0,0,0,NULL,NULL,'0.3.12',NULL,NULL,NULL,242),(423,143,NULL,'ReferencePropertyNameFromColumn',2,0,0,0,NULL,NULL,'0.3.12',NULL,NULL,NULL,242),(424,143,NULL,'VariableNameFromTable',2,0,0,0,NULL,NULL,'0.3.12',NULL,NULL,NULL,242),(425,143,NULL,'ReverseReferenceVariableNameFromTable',2,0,0,0,NULL,NULL,'0.3.12',NULL,NULL,NULL,242),(426,143,NULL,'ReverseReferenceVariableTypeFromTable',2,0,0,0,NULL,NULL,'0.3.12',NULL,NULL,NULL,242),(427,143,NULL,'ParameterCleanupFromColumn',2,0,0,0,NULL,NULL,'0.3.12',NULL,NULL,NULL,242),(428,143,NULL,'ParameterListFromColumnArray',2,0,0,0,NULL,NULL,'0.3.12',NULL,NULL,NULL,242),(429,143,NULL,'ImplodeObjectArray',2,0,0,0,NULL,NULL,'0.3.12',NULL,NULL,NULL,242),(430,143,NULL,'TypeTokenFromTypeName',2,0,0,0,NULL,NULL,'0.3.12',NULL,NULL,NULL,242),(431,143,NULL,'FormControlVariableNameForColumn',2,0,0,0,NULL,NULL,'0.3.12',NULL,NULL,NULL,242),(432,143,NULL,'FormControlVariableNameForUniqueReverseReference',2,0,0,0,NULL,NULL,'0.3.12',NULL,NULL,NULL,242),(433,143,NULL,'FormControlVariableNameForManyToManyReference',2,0,0,0,NULL,NULL,'0.3.12',NULL,NULL,NULL,242),(434,143,NULL,'FormControlTypeForColumn',2,0,0,0,NULL,NULL,'0.3.12',NULL,NULL,NULL,242),(435,143,NULL,'CalculateObjectMemberVariable',2,0,0,0,NULL,NULL,'0.3.12',NULL,NULL,NULL,242),(436,143,NULL,'CalculateObjectPropertyName',2,0,0,0,NULL,NULL,'0.3.12',NULL,NULL,NULL,242),(437,143,NULL,'CalculateObjectDescription',2,0,0,0,NULL,NULL,'0.3.12',NULL,NULL,NULL,242),(438,143,NULL,'CalculateObjectDescriptionForAssociation',2,0,0,0,NULL,NULL,'0.3.12',NULL,NULL,NULL,242),(439,143,NULL,'CalculateGraphPrefixArray',2,0,0,0,NULL,NULL,'0.3.12',NULL,NULL,NULL,242),(440,143,NULL,'VariableTypeFromDbType',2,0,0,0,NULL,NULL,'0.3.12',NULL,NULL,NULL,242),(441,143,NULL,'Pluralize',2,0,0,0,NULL,NULL,'0.3.12',NULL,NULL,NULL,242),(442,NULL,NULL,'QcodoHandleCodeGenParseError',NULL,NULL,NULL,NULL,NULL,NULL,'0.3.12',NULL,NULL,NULL,242),(443,145,NULL,'__construct',1,0,0,0,NULL,NULL,'0.3.12',NULL,NULL,NULL,244),(444,148,NULL,'GetTable',1,0,0,0,NULL,NULL,'0.3.12',NULL,NULL,NULL,247),(445,148,NULL,'GetColumn',1,0,0,0,NULL,NULL,'0.3.12',NULL,NULL,NULL,247),(446,148,NULL,'ValidateTableColumn',1,0,0,0,NULL,NULL,'0.3.12',NULL,NULL,NULL,247),(447,148,NULL,'GetTitle',1,0,0,0,NULL,NULL,'0.3.12',NULL,NULL,NULL,247),(448,148,NULL,'GetConfigXml',1,0,0,0,NULL,NULL,'0.3.12',NULL,NULL,NULL,247),(449,148,NULL,'GetReportLabel',1,0,0,0,NULL,NULL,'0.3.12',NULL,NULL,NULL,247),(450,148,NULL,'GenerateAll',1,0,0,0,NULL,NULL,'0.3.12',NULL,NULL,NULL,247),(451,148,NULL,'GenerateAggregateHelper',1,1,0,0,NULL,NULL,'0.3.12',NULL,NULL,NULL,247),(452,148,NULL,'__construct',1,0,0,0,NULL,NULL,'0.3.12',NULL,NULL,NULL,247),(453,148,NULL,'AnalyzeDatabase',2,0,0,0,NULL,NULL,'0.3.12',NULL,NULL,NULL,247),(454,148,NULL,'ListOfColumnsFromTable',2,0,0,0,NULL,NULL,'0.3.12',NULL,NULL,NULL,247),(455,148,NULL,'GetColumnArray',2,0,0,0,NULL,NULL,'0.3.12',NULL,NULL,NULL,247),(456,148,NULL,'GenerateTable',1,0,0,0,NULL,NULL,'0.3.12',NULL,NULL,NULL,247),(457,148,NULL,'GenerateTypeTable',1,0,0,0,NULL,NULL,'0.3.12',NULL,NULL,NULL,247),(458,148,NULL,'AnalyzeAssociationTable',2,0,0,0,NULL,NULL,'0.3.12',NULL,NULL,NULL,247),(459,148,NULL,'AnalyzeTypeTable',2,0,0,0,NULL,NULL,'0.3.12',NULL,NULL,NULL,247),(460,148,NULL,'AnalyzeTable',2,0,0,0,NULL,NULL,'0.3.12',NULL,NULL,NULL,247),(461,148,NULL,'AnalyzeTableColumn',2,0,0,0,NULL,NULL,'0.3.12',NULL,NULL,NULL,247),(462,148,NULL,'StripPrefixFromTable',2,0,0,0,NULL,NULL,'0.3.12',NULL,NULL,NULL,247),(463,148,NULL,'GetForeignKeyForQcodoRelationshipDefinition',2,0,0,0,NULL,NULL,'0.3.12',NULL,NULL,NULL,247),(464,148,NULL,'GetForeignKeyForSqlRelationshipDefinition',2,0,0,0,NULL,NULL,'0.3.12',NULL,NULL,NULL,247),(465,148,NULL,'GetForeignKeyHelper',2,0,0,0,NULL,NULL,'0.3.12',NULL,NULL,NULL,247),(466,148,NULL,'GetForeignKeysFromRelationshipsScript',2,0,0,0,NULL,NULL,'0.3.12',NULL,NULL,NULL,247),(467,NULL,NULL,'array_trim',NULL,NULL,NULL,NULL,NULL,NULL,'0.3.12',NULL,NULL,NULL,247),(468,149,NULL,'PrefixFromType',1,1,0,0,NULL,NULL,'0.3.12',NULL,NULL,NULL,248),(469,149,NULL,'CamelCaseFromUnderscore',1,1,0,0,NULL,NULL,'0.3.12',NULL,NULL,NULL,248),(470,149,NULL,'WordsFromCamelCase',1,1,0,0,NULL,NULL,'0.3.12',NULL,NULL,NULL,248),(471,149,NULL,'UnderscoreFromCamelCase',1,1,0,0,NULL,NULL,'0.3.12',NULL,NULL,NULL,248),(472,149,NULL,'JavaCaseFromUnderscore',1,1,0,0,NULL,NULL,'0.3.12',NULL,NULL,NULL,248),(473,151,NULL,'__construct',1,0,0,0,NULL,NULL,'0.3.12',NULL,NULL,NULL,250),(474,151,NULL,'GetTitle',1,0,0,0,NULL,NULL,'0.3.12',NULL,NULL,NULL,250),(475,151,NULL,'GetConfigXml',1,0,0,0,NULL,NULL,'0.3.12',NULL,NULL,NULL,250),(476,151,NULL,'GetReportLabel',1,0,0,0,NULL,NULL,'0.3.12',NULL,NULL,NULL,250),(477,151,NULL,'GenerateAll',1,0,0,0,NULL,NULL,'0.3.12',NULL,NULL,NULL,250),(478,152,NULL,'__construct',1,0,0,0,NULL,NULL,'0.3.12',NULL,NULL,NULL,251),(479,153,NULL,'__construct',1,0,0,0,NULL,NULL,'0.3.12',NULL,NULL,NULL,307),(480,153,NULL,'AddSelectItem',1,0,0,0,NULL,NULL,'0.3.12',NULL,NULL,NULL,307),(481,153,NULL,'AddFromItem',1,0,0,0,NULL,NULL,'0.3.12',NULL,NULL,NULL,307),(482,153,NULL,'AddWhereItem',1,0,0,0,NULL,NULL,'0.3.12',NULL,NULL,NULL,307),(483,153,NULL,'GetSelectSql',1,0,0,0,NULL,NULL,'0.3.12',NULL,NULL,NULL,307),(484,153,NULL,'GetFromSql',1,0,0,0,NULL,NULL,'0.3.12',NULL,NULL,NULL,307),(485,153,NULL,'GetWhereSql',1,0,0,0,NULL,NULL,'0.3.12',NULL,NULL,NULL,307),(486,155,NULL,'__construct',1,0,0,0,NULL,NULL,'0.3.12',NULL,NULL,NULL,308),(487,155,NULL,'Encrypt',1,0,0,0,NULL,NULL,'0.3.12',NULL,NULL,NULL,308),(488,155,NULL,'Decrypt',1,0,0,0,NULL,NULL,'0.3.12',NULL,NULL,NULL,308),(489,155,NULL,'EncryptFile',1,0,0,0,NULL,NULL,'0.3.12',NULL,NULL,NULL,308),(490,155,NULL,'DecryptFile',1,0,0,0,NULL,NULL,'0.3.12',NULL,NULL,NULL,308),(491,155,NULL,'__destruct',1,0,0,0,NULL,NULL,'0.3.12',NULL,NULL,NULL,308),(492,1,NULL,'__construct',1,0,0,1,NULL,NULL,'0.3.12',NULL,NULL,NULL,309),(493,1,NULL,'Initialize',1,1,0,0,NULL,NULL,'0.3.12',NULL,NULL,NULL,309),(494,1,NULL,'IsBrowser',1,1,0,0,NULL,NULL,'0.3.12',NULL,NULL,NULL,309),(495,1,NULL,'InitializeDatabaseConnections',1,1,0,0,NULL,NULL,'0.3.12',NULL,NULL,NULL,309),(496,1,NULL,'Autoload',1,1,0,0,NULL,NULL,'0.3.12',NULL,NULL,NULL,309),(497,1,NULL,'SetErrorHandler',1,1,0,0,NULL,NULL,'0.3.12',NULL,NULL,NULL,309),(498,1,NULL,'RestoreErrorHandler',1,1,0,0,NULL,NULL,'0.3.12',NULL,NULL,NULL,309),(499,1,NULL,'MakeDirectory',1,1,0,0,NULL,NULL,'0.3.12',NULL,NULL,NULL,309),(500,1,NULL,'Redirect',1,1,0,0,NULL,NULL,'0.3.12',NULL,NULL,NULL,309),(501,1,NULL,'CloseWindow',1,1,0,0,NULL,NULL,'0.3.12',NULL,NULL,NULL,309),(502,1,NULL,'QueryString',1,1,0,0,NULL,NULL,'0.3.12',NULL,NULL,NULL,309),(503,1,NULL,'CheckRemoteAdmin',1,1,0,0,NULL,NULL,'0.3.12',NULL,NULL,NULL,309),(504,1,NULL,'PathInfo',1,1,0,0,NULL,NULL,'0.3.12',NULL,NULL,NULL,309),(505,1,NULL,'DisplayAlert',1,1,0,0,NULL,NULL,'0.3.12',NULL,NULL,NULL,309),(506,1,NULL,'ExecuteJavaScript',1,1,0,0,NULL,NULL,'0.3.12',NULL,NULL,NULL,309),(507,1,NULL,'OutputPage',1,1,0,0,NULL,NULL,'0.3.12',NULL,NULL,NULL,309),(508,1,NULL,'RenderJavaScript',1,1,0,0,NULL,NULL,'0.3.12',NULL,NULL,NULL,309),(509,1,NULL,'Translate',1,1,0,0,NULL,NULL,'0.3.12',NULL,NULL,NULL,309),(510,1,NULL,'HtmlEntities',1,1,0,0,NULL,NULL,'0.3.12',NULL,NULL,NULL,309),(511,1,NULL,'VarDump',1,1,0,0,NULL,NULL,'0.3.12',NULL,NULL,NULL,309),(512,159,NULL,'Initialize',1,1,0,0,NULL,NULL,'0.3.12',NULL,'Prepare the Qcodo translation mechanism.','Prepare the Qcodo translation mechanism.\r\n\r\nThis method loads specified language files (or the default language files), sets up the caching mechanism, and uses the cache or lazy-loads language files and updates the cache.',310),(513,159,NULL,'UnescapeContent',2,1,0,0,NULL,NULL,'0.3.12',NULL,'Unescapes characters from a string.','Unescape characters from a string, resulting in a string whose original escape sequences remain part of the string literal.',310),(514,159,NULL,'ParsePoData',2,0,0,0,NULL,NULL,'0.3.12',NULL,'Reads the PO data and sets up an internal translation array.','Reads the PO data and sets up an internal translation array.',310),(515,159,NULL,'SetTranslation',2,0,0,0,NULL,NULL,'0.3.12',NULL,'Sets the translation key-value pair.','Sets the translation key-value pair for each key and translated text value.',310),(516,159,NULL,'TranslateToken',1,0,0,0,NULL,NULL,'0.3.12',NULL,'Returns the translated string per the requested string token or key.','Returns the translated string per the requested string token or \'key.\'',310),(517,159,NULL,'VarDump',1,0,0,0,NULL,NULL,'0.3.12',NULL,'Dumps the translation key/value array.','Dumps the translation key/value array.',310),(518,160,NULL,'__construct',1,0,0,0,NULL,NULL,'0.3.12',NULL,NULL,NULL,311),(519,160,NULL,'GetXml',1,0,0,0,NULL,NULL,'0.3.12',NULL,NULL,NULL,311),(520,160,NULL,'Run',1,0,0,0,NULL,NULL,'0.3.12',NULL,NULL,NULL,311),(521,160,NULL,'AddItem',1,0,0,0,NULL,NULL,'0.3.12',NULL,NULL,NULL,311),(522,161,NULL,'__construct',1,0,0,0,NULL,NULL,'0.3.12',NULL,NULL,NULL,311),(523,161,NULL,'GetXml',1,0,0,0,NULL,NULL,'0.3.12',NULL,NULL,NULL,311),(524,162,NULL,'__construct',1,0,0,0,NULL,NULL,'0.3.12',NULL,NULL,NULL,311),(525,162,NULL,'GetXml',1,0,0,0,NULL,NULL,'0.3.12',NULL,NULL,NULL,311),(526,163,NULL,'__construct',1,0,0,0,NULL,NULL,'0.3.12',NULL,NULL,NULL,311),(527,163,NULL,'GetXml',1,0,0,0,NULL,NULL,'0.3.12',NULL,NULL,NULL,311),(528,163,NULL,'AddCategory',1,0,0,0,NULL,NULL,'0.3.12',NULL,NULL,NULL,311),(529,164,NULL,'__construct',1,0,0,1,NULL,NULL,'0.3.12',NULL,NULL,NULL,312),(530,164,NULL,'FirstCharacter',1,1,0,1,NULL,NULL,'0.3.12',NULL,'Returns the first character of a given string.','Returns the first character of a given string, or null if the given string is null or an empty string.',312),(531,164,NULL,'LastCharacter',1,1,0,1,NULL,NULL,'0.3.12',NULL,'Returns the last character of a given string.','Returns the last character of a given string, or null if the given string is null or an empty string',312),(532,164,NULL,'Truncate',1,1,0,1,NULL,NULL,'0.3.12',NULL,'Truncates the string to a given length.','Truncates the string to a given length, adding ellipses if needed.',312),(533,164,NULL,'XmlEscape',1,1,0,1,NULL,NULL,'0.3.12',NULL,'Escapes the string so that it can be safely used in as an Xml Node.','Escapes the string so that it can be safely used in as an Xml Node.\r\n\r\nThis method will add the usual CDATA declaration if needed (eg, if the string contains a markup bracket or ampersand).',312),(534,121,NULL,'__construct',1,0,0,0,NULL,NULL,'0.3.12',NULL,NULL,NULL,313),(535,121,NULL,'Query',1,0,1,0,NULL,NULL,'0.3.12',NULL,NULL,NULL,313),(536,121,NULL,'NonQuery',1,0,1,0,NULL,NULL,'0.3.12',NULL,NULL,NULL,313),(537,121,NULL,'GetTables',1,0,1,0,NULL,NULL,'0.3.12',NULL,NULL,NULL,313),(538,121,NULL,'InsertId',1,0,1,0,NULL,NULL,'0.3.12',NULL,NULL,NULL,313),(539,121,NULL,'GetFieldsForTable',1,0,1,0,NULL,NULL,'0.3.12',NULL,NULL,NULL,313),(540,121,NULL,'GetIndexesForTable',1,0,1,0,NULL,NULL,'0.3.12',NULL,NULL,NULL,313),(541,121,NULL,'GetForeignKeysForTable',1,0,1,0,NULL,NULL,'0.3.12',NULL,NULL,NULL,313),(542,121,NULL,'TransactionBegin',1,0,1,0,NULL,NULL,'0.3.12',NULL,NULL,NULL,313),(543,121,NULL,'TransactionCommit',1,0,1,0,NULL,NULL,'0.3.12',NULL,NULL,NULL,313),(544,121,NULL,'TransactionRollBack',1,0,1,0,NULL,NULL,'0.3.12',NULL,NULL,NULL,313),(545,121,NULL,'SqlLimitVariablePrefix',1,0,1,0,NULL,NULL,'0.3.12',NULL,NULL,NULL,313),(546,121,NULL,'SqlLimitVariableSuffix',1,0,1,0,NULL,NULL,'0.3.12',NULL,NULL,NULL,313),(547,121,NULL,'SqlSortByVariable',1,0,1,0,NULL,NULL,'0.3.12',NULL,NULL,NULL,313),(548,121,NULL,'Close',1,0,1,0,NULL,NULL,'0.3.12',NULL,NULL,NULL,313),(549,121,NULL,'ConfigureBaseProperties',2,0,0,0,NULL,NULL,'0.3.12','0.3.43',NULL,NULL,313),(550,121,NULL,'EnableProfiling',1,0,0,0,NULL,NULL,'0.3.12',NULL,NULL,NULL,313),(551,121,NULL,'LogQuery',2,0,0,0,NULL,NULL,'0.3.12',NULL,NULL,NULL,313),(552,121,NULL,'SqlVariable',1,0,0,0,NULL,NULL,'0.3.12',NULL,NULL,NULL,313),(553,121,NULL,'PrepareStatement',1,0,0,0,NULL,NULL,'0.3.12',NULL,NULL,NULL,313),(554,121,NULL,'OutputProfiling',1,0,0,0,NULL,NULL,'0.3.12',NULL,NULL,NULL,313),(555,124,NULL,'FetchArray',1,0,1,0,NULL,NULL,'0.3.12',NULL,NULL,NULL,313),(556,124,NULL,'FetchRow',1,0,1,0,NULL,NULL,'0.3.12',NULL,NULL,NULL,313),(557,124,NULL,'FetchField',1,0,1,0,NULL,NULL,'0.3.12',NULL,NULL,NULL,313),(558,124,NULL,'FetchFields',1,0,1,0,NULL,NULL,'0.3.12',NULL,NULL,NULL,313),(559,124,NULL,'CountRows',1,0,1,0,NULL,NULL,'0.3.12',NULL,NULL,NULL,313),(560,124,NULL,'CountFields',1,0,1,0,NULL,NULL,'0.3.12',NULL,NULL,NULL,313),(561,124,NULL,'GetNextRow',1,0,1,0,NULL,NULL,'0.3.12',NULL,NULL,NULL,313),(562,124,NULL,'GetRows',1,0,1,0,NULL,NULL,'0.3.12',NULL,NULL,NULL,313),(563,124,NULL,'Close',1,0,1,0,NULL,NULL,'0.3.12',NULL,NULL,NULL,313),(564,125,NULL,'GetColumn',1,0,1,0,NULL,NULL,'0.3.12',NULL,NULL,NULL,313),(565,125,NULL,'ColumnExists',1,0,1,0,NULL,NULL,'0.3.12',NULL,NULL,NULL,313),(566,125,NULL,'GetColumnNameArray',1,0,1,0,NULL,NULL,'0.3.12',NULL,NULL,NULL,313),(567,165,NULL,'__construct',1,0,0,0,NULL,NULL,'0.3.12',NULL,NULL,NULL,313),(568,166,NULL,'__construct',1,0,0,0,NULL,NULL,'0.3.12',NULL,NULL,NULL,313),(569,168,NULL,'__construct',1,0,0,0,NULL,NULL,'0.3.12',NULL,NULL,NULL,314),(570,168,NULL,'GetData',1,0,0,0,NULL,NULL,'0.3.12',NULL,NULL,NULL,314),(571,168,NULL,'SaveData',1,0,0,0,NULL,NULL,'0.3.12',NULL,NULL,NULL,314),(572,168,NULL,'GetFilePath',1,0,0,0,NULL,NULL,'0.3.12',NULL,NULL,NULL,314),(573,168,NULL,'GetCheckFilesHash',2,0,0,0,NULL,NULL,'0.3.12',NULL,NULL,NULL,314),(574,168,NULL,'GetCacheDirectory',2,0,0,0,NULL,NULL,'0.3.12',NULL,NULL,NULL,314),(575,169,NULL,'__destruct',1,0,0,0,NULL,NULL,'0.3.12',NULL,NULL,NULL,315),(576,169,NULL,'__construct',1,0,0,0,NULL,NULL,'0.3.12',NULL,NULL,NULL,315),(577,169,NULL,'GetActualFilePath',2,0,0,0,NULL,NULL,'0.3.12',NULL,NULL,NULL,315),(578,169,NULL,'IsCore',2,0,0,0,NULL,NULL,'0.3.12',NULL,NULL,NULL,315),(579,169,NULL,'Error',1,1,0,0,NULL,NULL,'0.3.12',NULL,NULL,NULL,315),(580,169,NULL,'RetrieveFromService',2,0,0,0,NULL,NULL,'0.3.12',NULL,NULL,NULL,315),(581,169,NULL,'RunDownloader',1,0,0,0,NULL,NULL,'0.3.12',NULL,NULL,NULL,315),(582,169,NULL,'RunUpdater',1,0,0,0,NULL,NULL,'0.3.12',NULL,NULL,NULL,315),(583,169,NULL,'IsSuffixedFile',1,1,0,0,NULL,NULL,'0.3.12',NULL,NULL,NULL,315),(584,169,NULL,'IsSuffixedFileHelper',2,1,0,0,NULL,NULL,'0.3.12',NULL,NULL,NULL,315),(585,169,NULL,'PrintDownloadCommand',2,0,0,0,NULL,NULL,'0.3.12',NULL,NULL,NULL,315),(586,169,NULL,'IgnoreFile',2,0,0,0,NULL,NULL,'0.3.12',NULL,NULL,NULL,315),(587,169,NULL,'Prompt',2,0,0,0,NULL,NULL,'0.3.12',NULL,NULL,NULL,315),(588,169,NULL,'SaveFile',2,0,0,0,NULL,NULL,'0.3.12',NULL,NULL,NULL,315),(589,169,NULL,'ReadString',2,0,0,0,NULL,NULL,'0.3.12',NULL,NULL,NULL,315),(590,169,NULL,'DeleteFile',2,0,0,0,NULL,NULL,'0.3.12',NULL,NULL,NULL,315),(591,169,NULL,'AppendBaseSuffix',2,0,0,0,NULL,NULL,'0.3.12',NULL,NULL,NULL,315),(592,169,NULL,'DownloadFile',2,0,0,0,NULL,NULL,'0.3.12',NULL,NULL,NULL,315),(593,169,NULL,'FilePutContents',2,0,0,0,NULL,NULL,'0.3.12',NULL,NULL,NULL,315),(594,169,NULL,'RenameWithVersion',2,0,0,0,NULL,NULL,'0.3.12',NULL,NULL,NULL,315),(595,169,NULL,'RenameWithBaseSuffix',2,0,0,0,NULL,NULL,'0.3.12',NULL,NULL,NULL,315),(596,169,NULL,'ReportBack',2,0,0,0,NULL,NULL,'0.3.12',NULL,NULL,NULL,315),(597,169,NULL,'CheckCoreDirectoriesForExtras',2,0,0,0,NULL,NULL,'0.3.12',NULL,NULL,NULL,315),(598,169,NULL,'CheckCoreDirectoriesHelper',2,0,0,0,NULL,NULL,'0.3.12',NULL,NULL,NULL,315),(599,169,NULL,'PrintDownloaderInstructions',1,1,0,0,NULL,NULL,'0.3.12',NULL,NULL,NULL,315),(600,169,NULL,'PrintUpdaterInstructions',1,1,0,0,NULL,NULL,'0.3.12',NULL,NULL,NULL,315),(601,NULL,NULL,'QUpdateUtilityErrorHandler',NULL,NULL,NULL,NULL,NULL,NULL,'0.3.12',NULL,NULL,NULL,315),(602,NULL,NULL,'QUpdateUtilityFileSystemErrorHandler',NULL,NULL,NULL,NULL,NULL,NULL,'0.3.12',NULL,NULL,NULL,315),(603,NULL,NULL,'QUpdateUtilityFileSystemErrorHandlerForDelete',NULL,NULL,NULL,NULL,NULL,NULL,'0.3.12',NULL,NULL,NULL,315),(604,NULL,NULL,'QUpdateUtilityFileSystemErrorHandlerForRename',NULL,NULL,NULL,NULL,NULL,NULL,'0.3.12',NULL,NULL,NULL,315),(605,171,NULL,'__construct',1,0,0,0,NULL,NULL,'0.3.12',NULL,NULL,NULL,316),(606,171,NULL,'GetWsdlMessagePart',1,0,0,0,NULL,NULL,'0.3.12',NULL,NULL,NULL,316),(607,171,NULL,'Display',1,0,0,0,NULL,NULL,'0.3.12',NULL,NULL,NULL,316),(608,171,NULL,'DisplayReturn',1,0,0,0,NULL,NULL,'0.3.12',NULL,NULL,NULL,316),(609,171,NULL,'IsObject',1,0,0,0,NULL,NULL,'0.3.12',NULL,NULL,NULL,316),(610,171,NULL,'GetPhpFromSoapCode',1,0,0,0,NULL,NULL,'0.3.12',NULL,NULL,NULL,316),(611,171,NULL,'GetSoapFromPhpCode',1,0,0,0,NULL,NULL,'0.3.12',NULL,NULL,NULL,316),(612,172,NULL,'__construct',1,0,0,0,NULL,NULL,'0.3.12',NULL,NULL,NULL,316),(613,172,NULL,'AddParameter',1,0,0,0,NULL,NULL,'0.3.12',NULL,NULL,NULL,316),(614,172,NULL,'GetParameter',1,0,0,0,NULL,NULL,'0.3.12',NULL,NULL,NULL,316),(615,172,NULL,'GetAllParameters',1,0,0,0,NULL,NULL,'0.3.12',NULL,NULL,NULL,316),(616,172,NULL,'GetWsdlPortTypeOperation',1,0,0,0,NULL,NULL,'0.3.12',NULL,NULL,NULL,316),(617,172,NULL,'GetWsdlBindingOperation',1,0,0,0,NULL,NULL,'0.3.12',NULL,NULL,NULL,316),(618,172,NULL,'GetWsdlMethodMessages',1,0,0,0,NULL,NULL,'0.3.12',NULL,NULL,NULL,316),(619,172,NULL,'Display',1,0,0,0,NULL,NULL,'0.3.12',NULL,NULL,NULL,316),(620,173,NULL,'GetArrayTypeName',1,1,0,0,NULL,NULL,'0.3.12',NULL,NULL,NULL,316),(621,173,NULL,'AlterComplexTypesArrayForArrayType',1,1,0,0,NULL,NULL,'0.3.12',NULL,NULL,NULL,316),(622,173,NULL,'Run',1,1,0,0,NULL,NULL,'0.3.12',NULL,NULL,NULL,316),(623,173,NULL,'GetClassWrapper',1,0,0,0,NULL,NULL,'0.3.12',NULL,NULL,NULL,316),(624,173,NULL,'GetLocation',1,0,0,0,NULL,NULL,'0.3.12',NULL,NULL,NULL,316),(625,173,NULL,'GetWsdlTypes',1,0,0,0,NULL,NULL,'0.3.12',NULL,NULL,NULL,316),(626,173,NULL,'GetWsdlService',2,0,0,0,NULL,NULL,'0.3.12',NULL,NULL,NULL,316),(627,173,NULL,'GetWsdlBinding',2,0,0,0,NULL,NULL,'0.3.12',NULL,NULL,NULL,316),(628,173,NULL,'GetWsdlPortType',2,0,0,0,NULL,NULL,'0.3.12',NULL,NULL,NULL,316),(629,173,NULL,'GetDisco',2,0,0,0,NULL,NULL,'0.3.12',NULL,NULL,NULL,316),(630,173,NULL,'GetWsdl',2,0,0,0,NULL,NULL,'0.3.12',NULL,NULL,NULL,316),(631,173,NULL,'SetupSoapMethods',2,0,0,0,NULL,NULL,'0.3.12',NULL,NULL,NULL,316),(632,173,NULL,'__construct',1,0,0,0,NULL,NULL,'0.3.12',NULL,NULL,NULL,316),(633,23,NULL,'setMessage',1,0,0,0,NULL,NULL,'0.3.12',NULL,'Set the error message of the exception.','',317),(634,23,NULL,'__construct',1,0,0,0,NULL,NULL,'0.3.12',NULL,'The constructor of QCallerExceptions.','The constructor of QCallerExceptions. Takes in a message string as well as an optional Offset parameter (defaults to 1). The Offset specifies how many calls up the call stack is responsible for the exception. When a QCallerException is thrown, the caller of the most immediate function, which is 1 up the call stack, is responsible. Therefore, by default intOffset is set to 1.\r\n\r\nIt is rare for intOffset to be set to an integer other than 1. Normally, the Offset would be altered by calls to <i>IncrementOffset()</i> at every step the QCallerException is caught/rethrown up the call stack.',317),(635,23,NULL,'IncrementOffset',1,0,0,0,NULL,NULL,'0.3.12',NULL,'Increment the call stack offset by 1.','Increment the call stack offset by 1. This works in conjunction with Qcodo\'s error handling/reporting so that the correct file/line-number is displayed to the user.\r\n\r\nThe PHP default for exeception reporting would normally say that the \"throw Exception\" line is responsible for throwing the exception. While this is technically true, in reality, it was the line that called the containing function which is responsible.\r\n\r\nBy showing the file/line \"one level above\" in the call stack allows for more helpful exception reporting.\r\n\r\n<b>Note:</b> If you catch and rethrow the exception, be sure to call <i>IncrementOffset()</i> so the appropriate file/line is reported. See the description for QCallerException <http://api.qcodo.com/index.php/QCallerException> for an example.',317),(636,23,NULL,'DecrementOffset',1,0,0,0,NULL,NULL,'0.3.12',NULL,'Decrement the call stack offset by 1.','Decrement the call stack offset by 1. Typically, this method will not be used unless you wish to trace the thrown exception <i>lower</i> in the call stack.',317),(637,174,NULL,'__construct',1,0,0,0,NULL,NULL,'0.3.12',NULL,'The constructor of QUndefinedPrimaryKeyException.','',317),(638,175,NULL,'__construct',1,0,0,0,NULL,NULL,'0.3.12',NULL,'The constructor of QIndexOutOfRangeException.','The constructor of QIndexOutOfRangeException. It accepts the out-of-range index and a message string and sets a sensible exception message.',317),(639,176,NULL,'__construct',1,0,0,0,NULL,NULL,'0.3.12',NULL,'The constructor of QUndefinedPropertyException.','The constructor of QUndefinedPropertyException. Creates and sets the exception message using the passed type (get or set), class name and property name.',317),(640,177,NULL,'__construct',1,0,0,0,NULL,NULL,'0.3.12',NULL,'The constructor of QOptimisticLockingException.','The constructor of QOptimisticLockingException. Generates a more contextual error message from the class name you pass as the string parameter <i>strClass</i>.',317),(641,178,NULL,'__construct',1,0,0,0,NULL,NULL,'0.3.12',NULL,'The constructor of QRemoteAdminDeniedException.','',317),(642,179,NULL,'GetColumnAliasHelper',1,0,1,0,NULL,NULL,'0.3.12',NULL,NULL,NULL,318),(643,180,NULL,'__construct',1,0,0,0,NULL,NULL,'0.3.12',NULL,NULL,NULL,318),(644,180,NULL,'GetValue',1,0,0,0,NULL,NULL,'0.3.12',NULL,NULL,NULL,318),(645,180,NULL,'GetAsManualSqlColumn',1,0,0,0,NULL,NULL,'0.3.12',NULL,NULL,NULL,318),(646,180,NULL,'GetColumnAlias',1,0,0,0,NULL,NULL,'0.3.12',NULL,NULL,NULL,318),(647,180,NULL,'GetColumnAliasHelper',1,0,0,0,NULL,NULL,'0.3.12',NULL,NULL,NULL,318),(648,181,NULL,'__construct',1,0,0,0,NULL,NULL,'0.3.12',NULL,NULL,NULL,318),(649,181,NULL,'GetColumnAlias',1,0,0,0,NULL,NULL,'0.3.12',NULL,NULL,NULL,318),(650,181,NULL,'GetColumnAliasHelper',1,0,0,0,NULL,NULL,'0.3.12',NULL,NULL,NULL,318),(651,181,NULL,'GetExpandArrayAlias',1,0,0,0,NULL,NULL,'0.3.12',NULL,NULL,NULL,318),(652,182,NULL,'__construct',1,0,0,0,NULL,NULL,'0.3.12',NULL,NULL,NULL,318),(653,182,NULL,'GetColumnAlias',1,0,0,0,NULL,NULL,'0.3.12',NULL,NULL,NULL,318),(654,182,NULL,'GetColumnAliasHelper',1,0,0,0,NULL,NULL,'0.3.12',NULL,NULL,NULL,318),(655,182,NULL,'GetExpandArrayAlias',1,0,0,0,NULL,NULL,'0.3.12',NULL,NULL,NULL,318),(656,183,NULL,'__construct',1,0,0,0,NULL,NULL,'0.3.12',NULL,NULL,NULL,318),(657,183,NULL,'Parameter',1,0,0,0,NULL,NULL,'0.3.12',NULL,NULL,NULL,318),(658,184,NULL,'UpdateQueryBuilder',1,0,1,0,NULL,NULL,'0.3.12',NULL,NULL,NULL,318),(659,184,NULL,'__toString',1,0,0,0,NULL,NULL,'0.3.12',NULL,NULL,NULL,318),(660,185,NULL,'__construct',1,0,0,0,NULL,NULL,'0.3.12',NULL,NULL,NULL,318),(661,185,NULL,'UpdateQueryBuilder',1,0,0,0,NULL,NULL,'0.3.12',NULL,NULL,NULL,318),(662,186,NULL,'__construct',1,0,0,0,NULL,NULL,'0.3.12',NULL,NULL,NULL,318),(663,186,NULL,'UpdateQueryBuilder',1,0,0,0,NULL,NULL,'0.3.12',NULL,NULL,NULL,318),(664,187,NULL,'CollapseConditions',2,0,0,0,NULL,NULL,'0.3.12',NULL,NULL,NULL,318),(665,187,NULL,'__construct',1,0,0,0,NULL,NULL,'0.3.12',NULL,NULL,NULL,318),(666,187,NULL,'UpdateQueryBuilder',1,0,0,0,NULL,NULL,'0.3.12',NULL,NULL,NULL,318),(667,190,NULL,'__construct',1,0,0,0,NULL,NULL,'0.3.12',NULL,NULL,NULL,318),(668,190,NULL,'UpdateQueryBuilder',1,0,0,0,NULL,NULL,'0.3.12',NULL,NULL,NULL,318),(669,191,NULL,'__construct',1,0,0,0,NULL,NULL,'0.3.12',NULL,NULL,NULL,318),(670,191,NULL,'UpdateQueryBuilder',1,0,0,0,NULL,NULL,'0.3.12',NULL,NULL,NULL,318),(671,192,NULL,'__construct',1,0,0,0,NULL,NULL,'0.3.12',NULL,NULL,NULL,318),(672,192,NULL,'UpdateQueryBuilder',1,0,0,0,NULL,NULL,'0.3.12',NULL,NULL,NULL,318),(673,193,NULL,'__construct',1,0,0,0,NULL,NULL,'0.3.12',NULL,NULL,NULL,318),(674,193,NULL,'UpdateQueryBuilder',1,0,0,0,NULL,NULL,'0.3.12',NULL,NULL,NULL,318),(675,194,NULL,'__construct',1,0,0,0,NULL,NULL,'0.3.12',NULL,NULL,NULL,318),(676,194,NULL,'UpdateQueryBuilder',1,0,0,0,NULL,NULL,'0.3.12',NULL,NULL,NULL,318),(677,195,NULL,'__construct',1,0,0,0,NULL,NULL,'0.3.12',NULL,NULL,NULL,318),(678,195,NULL,'UpdateQueryBuilder',1,0,0,0,NULL,NULL,'0.3.12',NULL,NULL,NULL,318),(679,196,NULL,'UpdateQueryBuilder',1,0,0,0,NULL,NULL,'0.3.12',NULL,NULL,NULL,318),(680,197,NULL,'UpdateQueryBuilder',1,0,0,0,NULL,NULL,'0.3.12',NULL,NULL,NULL,318),(681,202,NULL,'All',1,1,0,0,NULL,NULL,'0.3.12',NULL,NULL,NULL,318),(682,202,NULL,'None',1,1,0,0,NULL,NULL,'0.3.12',NULL,NULL,NULL,318),(683,202,NULL,'OrCondition',1,1,0,0,NULL,NULL,'0.3.12',NULL,NULL,NULL,318),(684,202,NULL,'AndCondition',1,1,0,0,NULL,NULL,'0.3.12',NULL,NULL,NULL,318),(685,202,NULL,'Not',1,1,0,0,NULL,NULL,'0.3.12',NULL,NULL,NULL,318),(686,202,NULL,'Equal',1,1,0,0,NULL,NULL,'0.3.12',NULL,NULL,NULL,318),(687,202,NULL,'NotEqual',1,1,0,0,NULL,NULL,'0.3.12',NULL,NULL,NULL,318),(688,202,NULL,'GreaterThan',1,1,0,0,NULL,NULL,'0.3.12',NULL,NULL,NULL,318),(689,202,NULL,'GreaterOrEqual',1,1,0,0,NULL,NULL,'0.3.12',NULL,NULL,NULL,318),(690,202,NULL,'LessThan',1,1,0,0,NULL,NULL,'0.3.12',NULL,NULL,NULL,318),(691,202,NULL,'LessOrEqual',1,1,0,0,NULL,NULL,'0.3.12',NULL,NULL,NULL,318),(692,202,NULL,'IsNull',1,1,0,0,NULL,NULL,'0.3.12',NULL,NULL,NULL,318),(693,202,NULL,'IsNotNull',1,1,0,0,NULL,NULL,'0.3.12',NULL,NULL,NULL,318),(694,202,NULL,'In',1,1,0,0,NULL,NULL,'0.3.12',NULL,NULL,NULL,318),(695,202,NULL,'Like',1,1,0,0,NULL,NULL,'0.3.12',NULL,NULL,NULL,318),(696,202,NULL,'_',1,1,0,0,NULL,NULL,'0.3.12',NULL,NULL,NULL,318),(697,202,NULL,'Clause',1,1,0,0,NULL,NULL,'0.3.12',NULL,NULL,NULL,318),(698,202,NULL,'OrderBy',1,1,0,0,NULL,NULL,'0.3.12',NULL,NULL,NULL,318),(699,202,NULL,'GroupBy',1,1,0,0,NULL,NULL,'0.3.12',NULL,NULL,NULL,318),(700,202,NULL,'Count',1,1,0,0,NULL,NULL,'0.3.12',NULL,NULL,NULL,318),(701,202,NULL,'Minimum',1,1,0,0,NULL,NULL,'0.3.12',NULL,NULL,NULL,318),(702,202,NULL,'Maximum',1,1,0,0,NULL,NULL,'0.3.12',NULL,NULL,NULL,318),(703,202,NULL,'Average',1,1,0,0,NULL,NULL,'0.3.12',NULL,NULL,NULL,318),(704,202,NULL,'Expand',1,1,0,0,NULL,NULL,'0.3.12',NULL,NULL,NULL,318),(705,202,NULL,'ExpandAsArray',1,1,0,0,NULL,NULL,'0.3.12',NULL,NULL,NULL,318),(706,202,NULL,'LimitInfo',1,1,0,0,NULL,NULL,'0.3.12',NULL,NULL,NULL,318),(707,202,NULL,'Distinct',1,1,0,0,NULL,NULL,'0.3.12',NULL,NULL,NULL,318),(708,202,NULL,'NamedValue',1,1,0,0,NULL,NULL,'0.3.12',NULL,NULL,NULL,318),(709,203,NULL,'UpdateQueryBuilder',1,0,1,0,NULL,NULL,'0.3.12',NULL,NULL,NULL,318),(710,203,NULL,'__toString',1,0,1,0,NULL,NULL,'0.3.12',NULL,NULL,NULL,318),(711,204,NULL,'CollapseNodes',2,0,0,0,NULL,NULL,'0.3.12',NULL,NULL,NULL,318),(712,204,NULL,'__construct',1,0,0,0,NULL,NULL,'0.3.12',NULL,NULL,NULL,318),(713,204,NULL,'UpdateQueryBuilder',1,0,0,0,NULL,NULL,'0.3.12',NULL,NULL,NULL,318),(714,204,NULL,'GetAsManualSql',1,0,0,0,NULL,NULL,'0.3.12',NULL,NULL,NULL,318),(715,204,NULL,'__toString',1,0,0,0,NULL,NULL,'0.3.12',NULL,NULL,NULL,318),(716,205,NULL,'UpdateQueryBuilder',1,0,0,0,NULL,NULL,'0.3.12',NULL,NULL,NULL,318),(717,205,NULL,'__toString',1,0,0,0,NULL,NULL,'0.3.12',NULL,NULL,NULL,318),(718,206,NULL,'__construct',1,0,0,0,NULL,NULL,'0.3.12',NULL,NULL,NULL,318),(719,206,NULL,'UpdateQueryBuilder',1,0,0,0,NULL,NULL,'0.3.12',NULL,NULL,NULL,318),(720,206,NULL,'__toString',1,0,0,0,NULL,NULL,'0.3.12',NULL,NULL,NULL,318),(721,207,NULL,'__construct',1,0,0,0,NULL,NULL,'0.3.12',NULL,NULL,NULL,318),(722,207,NULL,'UpdateQueryBuilder',1,0,0,0,NULL,NULL,'0.3.12',NULL,NULL,NULL,318),(723,207,NULL,'__toString',1,0,0,0,NULL,NULL,'0.3.12',NULL,NULL,NULL,318),(724,208,NULL,'__construct',1,0,0,0,NULL,NULL,'0.3.12',NULL,NULL,NULL,318),(725,208,NULL,'UpdateQueryBuilder',1,0,0,0,NULL,NULL,'0.3.12',NULL,NULL,NULL,318),(726,209,NULL,'__toString',1,0,0,0,NULL,NULL,'0.3.12',NULL,NULL,NULL,318),(727,210,NULL,'__toString',1,0,0,0,NULL,NULL,'0.3.12',NULL,NULL,NULL,318),(728,211,NULL,'__toString',1,0,0,0,NULL,NULL,'0.3.12',NULL,NULL,NULL,318),(729,212,NULL,'__toString',1,0,0,0,NULL,NULL,'0.3.12',NULL,NULL,NULL,318),(730,213,NULL,'__construct',1,0,0,0,NULL,NULL,'0.3.12',NULL,NULL,NULL,318),(731,213,NULL,'UpdateQueryBuilder',1,0,0,0,NULL,NULL,'0.3.12',NULL,NULL,NULL,318),(732,213,NULL,'__toString',1,0,0,0,NULL,NULL,'0.3.12',NULL,NULL,NULL,318),(733,214,NULL,'CollapseNodes',2,0,0,0,NULL,NULL,'0.3.12',NULL,NULL,NULL,318),(734,214,NULL,'__construct',1,0,0,0,NULL,NULL,'0.3.12',NULL,NULL,NULL,318),(735,214,NULL,'UpdateQueryBuilder',1,0,0,0,NULL,NULL,'0.3.12',NULL,NULL,NULL,318),(736,214,NULL,'__toString',1,0,0,0,NULL,NULL,'0.3.12',NULL,NULL,NULL,318),(737,216,NULL,'AddSelectItem',1,0,0,0,NULL,NULL,'0.3.12',NULL,NULL,NULL,318),(738,216,NULL,'AddFromItem',1,0,0,0,NULL,NULL,'0.3.12',NULL,NULL,NULL,318),(739,216,NULL,'AddJoinItem',1,0,0,0,NULL,NULL,'0.3.12',NULL,NULL,NULL,318),(740,216,NULL,'AddWhereItem',1,0,0,0,NULL,NULL,'0.3.12',NULL,NULL,NULL,318),(741,216,NULL,'AddOrderByItem',1,0,0,0,NULL,NULL,'0.3.12',NULL,NULL,NULL,318),(742,216,NULL,'AddGroupByItem',1,0,0,0,NULL,NULL,'0.3.12',NULL,NULL,NULL,318),(743,216,NULL,'SetLimitInfo',1,0,0,0,NULL,NULL,'0.3.12',NULL,NULL,NULL,318),(744,216,NULL,'SetDistinctFlag',1,0,0,0,NULL,NULL,'0.3.12',NULL,NULL,NULL,318),(745,216,NULL,'SetCountOnlyFlag',1,0,0,0,NULL,NULL,'0.3.12',NULL,NULL,NULL,318),(746,216,NULL,'AddExpandAsArrayNode',1,0,0,0,NULL,NULL,'0.3.12',NULL,NULL,NULL,318),(747,216,NULL,'__construct',1,0,0,0,NULL,NULL,'0.3.12',NULL,NULL,NULL,318),(748,216,NULL,'GetStatement',1,0,0,0,NULL,NULL,'0.3.12',NULL,NULL,NULL,318),(749,217,NULL,'__construct',1,0,0,0,NULL,NULL,'0.3.12',NULL,'The constructor of QInvalidCastException.','',319),(750,218,NULL,'__construct',1,0,0,1,NULL,NULL,'0.3.12',NULL,NULL,NULL,319),(751,218,NULL,'CastObjectTo',3,1,0,0,NULL,NULL,'0.3.12',NULL,NULL,NULL,319),(752,218,NULL,'CastValueTo',3,1,0,0,NULL,NULL,'0.3.12',NULL,NULL,NULL,319),(753,218,NULL,'CastArrayTo',3,1,0,0,NULL,NULL,'0.3.12',NULL,NULL,NULL,319),(754,218,NULL,'Cast',1,1,0,1,NULL,NULL,'0.3.12',NULL,NULL,NULL,319),(755,218,NULL,'Constant',1,1,0,1,NULL,NULL,'0.3.12',NULL,NULL,NULL,319),(756,218,NULL,'TypeFromDoc',1,1,0,1,NULL,NULL,'0.3.12',NULL,NULL,NULL,319),(757,218,NULL,'SoapType',1,1,0,1,NULL,NULL,'0.3.12',NULL,NULL,NULL,319),(758,219,NULL,'__construct',1,0,0,0,NULL,NULL,'0.3.12',NULL,NULL,NULL,320),(759,219,NULL,'NowToString',1,1,0,0,NULL,NULL,'0.3.12',NULL,NULL,NULL,320),(760,219,NULL,'__toString',1,0,0,0,NULL,NULL,'0.3.12',NULL,NULL,NULL,320),(761,219,NULL,'PHPDate',1,0,0,0,NULL,NULL,'0.3.12','0.3.43',NULL,NULL,320),(762,219,NULL,'IsNull',1,0,0,0,NULL,NULL,'0.3.12',NULL,NULL,NULL,320),(763,219,NULL,'IsDateNull',1,0,0,0,NULL,NULL,'0.3.12',NULL,NULL,NULL,320),(764,219,NULL,'IsTimeNull',1,0,0,0,NULL,NULL,'0.3.12',NULL,NULL,NULL,320),(765,219,NULL,'GetSoapDateTimeArray',1,0,0,0,NULL,NULL,'0.3.12',NULL,NULL,NULL,320),(766,30,NULL,'OverrideAttributes',1,0,0,1,NULL,NULL,'0.3.12',NULL,'Set one or any number of object properties at once.','Set any number of object properties according to a flexible name-value pair.\r\n\r\n<i>$mixOverrideArray</i> needs to be either a string in the format of <i>Property=Value</i> or an array in the format of <i>array(Property => Value)</i>.\r\n\r\n<i>Value</i> can be optionally surrounded by quotes.\r\n\r\nThis method essentially calls <i>$this->Property = Value</i> for each pair in <i>$mixOverrideArray</i>.',321),(767,220,NULL,'Push',1,0,0,0,NULL,NULL,'0.3.12',NULL,NULL,NULL,322),(768,220,NULL,'PushFirst',1,0,0,0,NULL,NULL,'0.3.12',NULL,NULL,NULL,322),(769,220,NULL,'Pop',1,0,0,0,NULL,NULL,'0.3.12',NULL,NULL,NULL,322),(770,220,NULL,'PopFirst',1,0,0,0,NULL,NULL,'0.3.12',NULL,NULL,NULL,322),(771,220,NULL,'Peek',1,0,0,0,NULL,NULL,'0.3.12',NULL,NULL,NULL,322),(772,220,NULL,'PeekLast',1,0,0,0,NULL,NULL,'0.3.12',NULL,NULL,NULL,322),(773,220,NULL,'IsEmpty',1,0,0,0,NULL,NULL,'0.3.12',NULL,NULL,NULL,322),(774,220,NULL,'Size',1,0,0,0,NULL,NULL,'0.3.12',NULL,NULL,NULL,322),(775,220,NULL,'ConvertToArray',1,0,0,0,NULL,NULL,'0.3.12',NULL,NULL,NULL,322),(776,221,NULL,'GetEmailAddresses',1,1,0,0,NULL,NULL,'0.3.12',NULL,'Return an array of valid e-mail addresses.','Return an array of valid e-mail addresses. This method accepts a string list of e-mail addresses and returns them as an array.\r\n\r\nUses regular expression matching to return only valid e-mail addresses.',323),(777,221,NULL,'Send',1,1,0,0,NULL,NULL,'0.3.12',NULL,'Send a message via SMTP.','Sends a message out via SMTP according to the server, ip, etc. preferences as specified by class variables. Takes in a QEmailMessage object.\r\n\r\nWill throw a QEmailException exception on any error.',323),(778,223,NULL,'SetHeader',1,0,0,0,NULL,NULL,'0.3.12',NULL,'Set a message header.','Set a message header\'s value.',323),(779,223,NULL,'GetHeader',1,0,0,0,NULL,NULL,'0.3.12',NULL,'Get a message header value','Get a message header value.',323),(780,223,NULL,'RemoveHeader',1,0,0,0,NULL,NULL,'0.3.12',NULL,'Remove a header from the message','Completely remove a header from the message.',323),(781,223,NULL,'__construct',1,0,0,0,NULL,NULL,'0.3.12',NULL,'Class constructor.','The class constructor, accepting from, to, subject, and body string values.',323),(782,147,NULL,'Pluralize',2,0,0,0,NULL,NULL,'0.3.12',NULL,NULL,NULL,345),(783,32,NULL,'GetAttributes',1,0,0,0,NULL,NULL,'0.3.14',NULL,NULL,NULL,185),(784,225,NULL,'__construct',1,0,0,0,NULL,NULL,'0.3.14',NULL,NULL,NULL,192),(785,225,NULL,'RenderScript',1,0,0,0,NULL,NULL,'0.3.14',NULL,NULL,NULL,192),(786,226,NULL,'GetControlHtml',1,0,0,0,NULL,NULL,'0.3.14',NULL,NULL,NULL,405),(787,226,NULL,'RenderAsEvents',1,0,0,0,NULL,NULL,'0.3.14',NULL,NULL,NULL,405),(788,226,NULL,'RenderAsHref',1,0,0,0,NULL,NULL,'0.3.14',NULL,'This method will eventually be deprecated, and its use is no longer recommended.\r\n\r\nDue to an unresolvable bug in IE7, all users are recommended to use RenderAsEvents() instead of RenderAsHref() in ALL cases, including within A HREF\'s.','The simple workaround would be, instead of having\r\n<code>\r\n<a href=\"<?php $this->pxyExample->RenderAsHref(null); ?>\">Foo</a>\r\n</code>\r\n\r\nyou should do\r\n<code>\r\n<a href=\"#\" <?php $this->pxyExample->RenderAsEvents(null); ?>>Foo</a>\r\n</code>',405),(789,226,NULL,'ParsePostData',1,0,0,0,NULL,NULL,'0.3.14',NULL,NULL,NULL,405),(790,226,NULL,'Validate',1,0,0,0,NULL,NULL,'0.3.14',NULL,NULL,NULL,405),(791,13,NULL,'GetItemHtml',2,0,0,0,NULL,NULL,'0.3.14',NULL,NULL,NULL,203),(792,7,NULL,'Focus',1,0,0,0,NULL,NULL,'0.3.14',NULL,NULL,NULL,214),(793,1,NULL,'GenerateQueryString',1,1,0,0,NULL,NULL,'0.3.14',NULL,NULL,NULL,309),(794,227,NULL,'__construct',1,0,0,0,NULL,NULL,'0.3.14',NULL,NULL,NULL,406),(795,227,NULL,'IsPositive',1,0,0,0,NULL,NULL,'0.3.14',NULL,NULL,NULL,406),(796,227,NULL,'IsNegative',1,0,0,0,NULL,NULL,'0.3.14',NULL,NULL,NULL,406),(797,227,NULL,'IsZero',1,0,0,0,NULL,NULL,'0.3.14',NULL,NULL,NULL,406),(798,227,NULL,'Difference',1,0,0,0,NULL,NULL,'0.3.14',NULL,NULL,NULL,406),(799,227,NULL,'SetFromQDateTime',1,0,0,0,NULL,NULL,'0.3.14',NULL,NULL,NULL,406),(800,227,NULL,'AddSeconds',1,0,0,0,NULL,NULL,'0.3.14',NULL,NULL,NULL,406),(801,227,NULL,'AddMinutes',1,0,0,0,NULL,NULL,'0.3.14',NULL,NULL,NULL,406),(802,227,NULL,'AddHours',1,0,0,0,NULL,NULL,'0.3.14',NULL,NULL,NULL,406),(803,227,NULL,'AddDays',1,0,0,0,NULL,NULL,'0.3.14',NULL,NULL,NULL,406),(804,227,NULL,'AddMonths',1,0,0,0,NULL,NULL,'0.3.14',NULL,NULL,NULL,406),(805,227,NULL,'GetYears',2,0,0,0,NULL,NULL,'0.3.14',NULL,NULL,NULL,406),(806,227,NULL,'GetMonths',2,0,0,0,NULL,NULL,'0.3.14',NULL,NULL,NULL,406),(807,227,NULL,'GetDays',2,0,0,0,NULL,NULL,'0.3.14',NULL,NULL,NULL,406),(808,227,NULL,'GetHours',2,0,0,0,NULL,NULL,'0.3.14',NULL,NULL,NULL,406),(809,227,NULL,'GetMinutes',2,0,0,0,NULL,NULL,'0.3.14',NULL,NULL,NULL,406),(810,227,NULL,'Add',1,0,0,0,NULL,NULL,'0.3.14',NULL,NULL,NULL,406),(811,227,NULL,'Subtract',1,0,0,0,NULL,NULL,'0.3.14',NULL,NULL,NULL,406),(812,227,NULL,'SimpleDisplay',1,0,0,0,NULL,NULL,'0.3.14',NULL,NULL,NULL,406),(813,227,NULL,'GetTimearray',2,0,0,0,NULL,NULL,'0.3.14',NULL,NULL,NULL,406),(814,219,NULL,'IsLaterThan',1,0,0,0,NULL,NULL,'0.3.14',NULL,NULL,NULL,320),(815,219,NULL,'IsEarlierThan',1,0,0,0,NULL,NULL,'0.3.14',NULL,NULL,NULL,320),(816,219,NULL,'IsEqualTo',1,0,0,0,NULL,NULL,'0.3.14',NULL,NULL,NULL,320),(817,219,NULL,'Difference',1,0,0,0,NULL,NULL,'0.3.14',NULL,NULL,NULL,320),(818,219,NULL,'Add',1,0,0,0,NULL,NULL,'0.3.14',NULL,NULL,NULL,320),(819,219,NULL,'Subtract',1,0,0,0,NULL,NULL,'0.3.14','0.3.43',NULL,NULL,407),(820,219,NULL,'Now',1,1,0,0,NULL,NULL,'0.3.14',NULL,NULL,NULL,320),(821,219,NULL,'format',1,0,0,0,NULL,NULL,'0.3.14',NULL,NULL,NULL,320),(822,219,NULL,'setTime',1,0,0,0,NULL,NULL,'0.3.14',NULL,NULL,NULL,320),(823,219,NULL,'setDate',1,0,0,0,NULL,NULL,'0.3.14',NULL,NULL,NULL,320),(824,219,NULL,'ReinforceNullProperties',2,0,0,0,NULL,NULL,'0.3.14',NULL,NULL,NULL,320),(825,219,NULL,'IsEarlierOrEqualTo',1,0,0,0,NULL,NULL,'0.3.14',NULL,NULL,NULL,320),(826,219,NULL,'IsLaterOrEqualTo',1,0,0,0,NULL,NULL,'0.3.14',NULL,NULL,NULL,320),(827,NULL,NULL,'QDateTimeErrorHandler',NULL,NULL,NULL,NULL,NULL,NULL,'0.3.14',NULL,NULL,NULL,320),(833,230,NULL,'RenderScript',1,0,0,0,NULL,NULL,'0.3.18',NULL,NULL,NULL,192),(831,7,NULL,'ResetOnPageStatus',1,0,0,0,NULL,NULL,'0.3.17',NULL,NULL,NULL,214),(828,219,NULL,'__sleep',1,0,0,0,NULL,NULL,'0.3.15',NULL,NULL,NULL,320),(830,219,NULL,'FromTimestamp',1,1,0,0,NULL,NULL,'0.3.16',NULL,NULL,NULL,320),(829,219,NULL,'__wakeup',1,0,0,0,NULL,NULL,'0.3.15',NULL,NULL,NULL,320),(834,231,NULL,'__construct',1,0,0,0,NULL,NULL,'0.3.18',NULL,NULL,NULL,192),(832,230,NULL,'__construct',1,0,0,0,NULL,NULL,'0.3.18',NULL,NULL,NULL,192),(835,231,NULL,'RenderScript',1,0,0,0,NULL,NULL,'0.3.18',NULL,NULL,NULL,192),(836,7,NULL,'GetChildControl',1,0,0,0,NULL,NULL,'0.3.18',NULL,NULL,NULL,214),(837,232,NULL,'GetControlHtml',2,0,0,0,NULL,NULL,'0.3.18',NULL,NULL,NULL,412),(838,232,NULL,'GetEndScript',1,0,0,0,NULL,NULL,'0.3.18',NULL,NULL,NULL,412),(839,232,NULL,'ShowDialogBox',1,0,0,0,NULL,NULL,'0.3.18',NULL,NULL,NULL,412),(840,232,NULL,'HideDialogBox',1,0,0,0,NULL,NULL,'0.3.18',NULL,NULL,NULL,412),(841,NULL,NULL,'__QForm_EvaluateTemplate_ObHandler',NULL,NULL,NULL,NULL,NULL,NULL,'0.3.21',NULL,NULL,NULL,204),(842,7,NULL,'Blink',1,0,0,0,NULL,NULL,'0.3.21',NULL,NULL,NULL,214),(866,219,NULL,'AddHours',1,0,0,0,NULL,NULL,'0.3.22',NULL,NULL,NULL,320),(843,236,NULL,'__construct',1,0,0,0,NULL,NULL,'0.3.22',NULL,NULL,NULL,422),(844,238,NULL,'__construct',1,0,0,0,NULL,NULL,'0.3.22',NULL,NULL,NULL,425),(845,238,NULL,'btnUpload_Click',1,0,0,0,NULL,NULL,'0.3.22',NULL,NULL,NULL,425),(846,238,NULL,'ShowError',1,0,0,0,NULL,NULL,'0.3.22',NULL,NULL,NULL,425),(847,233,NULL,'ParsePostData',1,0,0,0,NULL,NULL,'0.3.22',NULL,NULL,NULL,426),(848,233,NULL,'Validate',1,0,0,0,NULL,NULL,'0.3.22',NULL,NULL,NULL,426),(849,233,NULL,'__construct',1,0,0,0,NULL,NULL,'0.3.22',NULL,NULL,NULL,426),(850,233,NULL,'RenderAsImgSrc',1,0,0,0,NULL,NULL,'0.3.22',NULL,NULL,NULL,426),(851,233,NULL,'GetControlHtml',2,0,0,0,NULL,NULL,'0.3.22',NULL,NULL,NULL,426),(852,233,NULL,'Serialize',1,0,0,0,NULL,NULL,'0.3.22',NULL,NULL,NULL,426),(853,233,NULL,'Run',1,1,0,0,NULL,NULL,'0.3.22',NULL,NULL,NULL,426),(854,233,NULL,'FlowThrough',2,0,0,0,NULL,NULL,'0.3.22',NULL,NULL,NULL,426),(855,233,NULL,'SetupContentType',2,0,0,0,NULL,NULL,'0.3.22',NULL,NULL,NULL,426),(856,233,NULL,'RenderImage',1,0,0,0,NULL,NULL,'0.3.22',NULL,NULL,NULL,426),(857,3,NULL,'GetHeaderSortedHtml',2,0,0,0,NULL,NULL,'0.3.22',NULL,NULL,NULL,212),(858,116,NULL,'MultiQuery',1,0,0,0,NULL,NULL,'0.3.22',NULL,NULL,NULL,235),(859,115,NULL,'Connect',1,0,0,0,NULL,NULL,'0.3.22',NULL,NULL,NULL,236),(860,128,NULL,'Connect',1,0,0,0,NULL,NULL,'0.3.22',NULL,NULL,NULL,237),(861,133,NULL,'Connect',1,0,0,0,NULL,NULL,'0.3.22',NULL,NULL,NULL,238),(862,138,NULL,'Connect',1,0,0,0,NULL,NULL,'0.3.22',NULL,NULL,NULL,239),(863,121,NULL,'Connect',1,0,1,0,NULL,NULL,'0.3.22',NULL,NULL,NULL,313),(864,219,NULL,'AddSeconds',1,0,0,0,NULL,NULL,'0.3.22',NULL,NULL,NULL,320),(865,219,NULL,'AddMinutes',1,0,0,0,NULL,NULL,'0.3.22',NULL,NULL,NULL,320),(867,219,NULL,'AddDays',1,0,0,0,NULL,NULL,'0.3.22',NULL,NULL,NULL,320),(868,219,NULL,'AddMonths',1,0,0,0,NULL,NULL,'0.3.22',NULL,NULL,NULL,320),(869,219,NULL,'AddYears',1,0,0,0,NULL,NULL,'0.3.22',NULL,NULL,NULL,320),(870,219,NULL,'Modify',1,0,0,0,NULL,NULL,'0.3.22',NULL,NULL,NULL,320),(879,3,NULL,'GetAllColumns',1,0,0,0,NULL,NULL,'0.3.23',NULL,NULL,NULL,212),(871,235,NULL,'__construct',1,0,0,0,NULL,NULL,'0.3.22',NULL,NULL,NULL,424),(872,235,NULL,'Validate',1,0,0,0,NULL,NULL,'0.3.22',NULL,NULL,NULL,424),(873,235,NULL,'dlgFileAsset_Upload',1,0,0,0,NULL,NULL,'0.3.22',NULL,NULL,NULL,424),(874,235,NULL,'GetControlHtml',1,0,0,0,NULL,NULL,'0.3.22',NULL,NULL,NULL,424),(875,235,NULL,'btnDelete_Click',1,0,0,0,NULL,NULL,'0.3.22',NULL,NULL,NULL,424),(877,235,NULL,'SetFile',2,0,0,0,NULL,NULL,'0.3.22',NULL,NULL,NULL,424),(880,138,NULL,'GetFieldsForTable',1,0,0,0,NULL,NULL,'0.3.23',NULL,NULL,NULL,239),(876,235,NULL,'GetWebUrl',1,0,0,0,NULL,NULL,'0.3.22',NULL,NULL,NULL,424),(878,235,NULL,'SetFileAssetType',2,0,0,0,NULL,NULL,'0.3.22',NULL,NULL,NULL,424),(881,235,NULL,'SetupIconFilePathArray',2,0,0,0,NULL,NULL,'0.3.24',NULL,NULL,NULL,424),(882,NULL,NULL,'_b',NULL,NULL,NULL,NULL,NULL,NULL,'0.3.25',NULL,NULL,NULL,176),(886,239,NULL,'RenderAsImgSrc',1,0,0,0,NULL,NULL,'0.3.25',NULL,NULL,NULL,435),(884,239,NULL,'Validate',1,0,0,0,NULL,NULL,'0.3.25',NULL,NULL,NULL,435),(885,239,NULL,'__construct',1,0,0,0,NULL,NULL,'0.3.25',NULL,NULL,NULL,435),(883,239,NULL,'ParsePostData',1,0,0,0,NULL,NULL,'0.3.25',NULL,NULL,NULL,435),(907,223,NULL,'Attach',1,0,0,0,NULL,NULL,'0.3.26',NULL,NULL,NULL,323),(887,239,NULL,'GetControlHtml',2,0,0,0,NULL,NULL,'0.3.25',NULL,NULL,NULL,435),(888,239,NULL,'Serialize',1,0,0,0,NULL,NULL,'0.3.25',NULL,NULL,NULL,435),(889,239,NULL,'Run',1,1,0,0,NULL,NULL,'0.3.25',NULL,NULL,NULL,435),(890,239,NULL,'SetupContentType',2,0,0,0,NULL,NULL,'0.3.25','0.3.43',NULL,NULL,435),(891,239,NULL,'RenderImage',1,0,1,0,NULL,NULL,'0.3.25',NULL,NULL,NULL,435),(892,239,NULL,'RenderImageHelper',2,0,0,0,NULL,NULL,'0.3.25',NULL,NULL,NULL,435),(908,223,NULL,'RemoveAttachment',1,0,0,0,NULL,NULL,'0.3.26',NULL,NULL,NULL,323),(906,223,NULL,'AddAttachment',1,0,0,0,NULL,NULL,'0.3.26',NULL,NULL,NULL,323),(905,244,NULL,'__construct',1,0,0,0,NULL,NULL,'0.3.26',NULL,NULL,NULL,323),(893,240,NULL,'__construct',1,0,0,0,NULL,NULL,'0.3.26',NULL,NULL,NULL,318),(894,240,NULL,'UpdateQueryBuilder',1,0,0,0,NULL,NULL,'0.3.26',NULL,NULL,NULL,318),(895,241,NULL,'__construct',1,0,0,0,NULL,NULL,'0.3.26',NULL,NULL,NULL,318),(896,241,NULL,'UpdateQueryBuilder',1,0,0,0,NULL,NULL,'0.3.26',NULL,NULL,NULL,318),(897,242,NULL,'__construct',1,0,0,0,NULL,NULL,'0.3.26',NULL,NULL,NULL,318),(898,242,NULL,'UpdateQueryBuilder',1,0,0,0,NULL,NULL,'0.3.26',NULL,NULL,NULL,318),(899,243,NULL,'__construct',1,0,0,0,NULL,NULL,'0.3.26',NULL,NULL,NULL,318),(900,243,NULL,'UpdateQueryBuilder',1,0,0,0,NULL,NULL,'0.3.26',NULL,NULL,NULL,318),(901,202,NULL,'NotIn',1,1,0,0,NULL,NULL,'0.3.26',NULL,NULL,NULL,318),(902,202,NULL,'NotLike',1,1,0,0,NULL,NULL,'0.3.26',NULL,NULL,NULL,318),(903,202,NULL,'Between',1,1,0,0,NULL,NULL,'0.3.26',NULL,NULL,NULL,318),(904,202,NULL,'NotBetween',1,1,0,0,NULL,NULL,'0.3.26',NULL,NULL,NULL,318),(909,245,NULL,'GetMimeTypeForFile',1,1,0,0,NULL,NULL,'0.3.26',NULL,NULL,NULL,437),(910,245,NULL,'GetMimeTypeForFilename',1,1,0,0,NULL,NULL,'0.3.26',NULL,NULL,NULL,437),(911,11,NULL,'ProcessJavaScriptList',2,0,0,0,NULL,NULL,'0.3.29',NULL,NULL,NULL,204),(912,11,NULL,'ProcessStyleSheetList',2,0,0,0,NULL,NULL,'0.3.29',NULL,NULL,NULL,204),(915,239,NULL,'RenderImageMagickHelper',2,0,0,0,NULL,NULL,'0.3.30',NULL,NULL,NULL,435),(913,202,NULL,'Sum',1,1,0,0,NULL,NULL,'0.3.29',NULL,NULL,NULL,318),(914,246,NULL,'__toString',1,0,0,0,NULL,NULL,'0.3.29',NULL,NULL,NULL,318),(931,7,NULL,'AddCssClass',1,0,0,0,NULL,NULL,'0.3.35',NULL,NULL,NULL,214),(918,247,NULL,'GetCustomLinkStyle',1,0,0,0,NULL,NULL,'0.3.33',NULL,NULL,NULL,439),(917,247,NULL,'SetCustomLinkStyle',1,0,0,0,NULL,NULL,'0.3.33',NULL,NULL,NULL,439),(916,247,NULL,'ParsePostData',1,0,0,0,NULL,NULL,'0.3.33',NULL,NULL,NULL,439),(919,247,NULL,'RemoveCustomLinkStyle',1,0,0,0,NULL,NULL,'0.3.33',NULL,NULL,NULL,439),(920,247,NULL,'GetControlHtml',2,0,0,0,NULL,NULL,'0.3.33',NULL,NULL,NULL,439),(921,247,NULL,'GetEndScript',1,0,0,0,NULL,NULL,'0.3.33',NULL,NULL,NULL,439),(922,247,NULL,'Validate',1,0,0,0,NULL,NULL,'0.3.33',NULL,NULL,NULL,439),(923,149,NULL,'WordsFromUnderscore',1,1,0,0,NULL,NULL,'0.3.33',NULL,NULL,NULL,248),(927,250,NULL,'Validate',1,0,0,0,NULL,NULL,'0.3.34',NULL,NULL,NULL,516),(926,250,NULL,'ParseForDateTimeValue',1,1,0,0,NULL,NULL,'0.3.34',NULL,NULL,NULL,516),(924,180,NULL,'GetDataGridHtmlHelper',2,0,0,0,NULL,NULL,'0.3.33',NULL,NULL,NULL,318),(925,180,NULL,'GetDataGridHtml',1,0,0,0,NULL,NULL,'0.3.33',NULL,NULL,NULL,318),(928,15,NULL,'Select',1,0,0,0,NULL,NULL,'0.3.34',NULL,NULL,NULL,179),(929,251,NULL,'__construct',1,0,0,0,NULL,NULL,'0.3.34',NULL,NULL,NULL,192),(930,251,NULL,'RenderScript',1,0,0,0,NULL,NULL,'0.3.34',NULL,NULL,NULL,192),(935,143,NULL,'FormLabelVariableNameForUniqueReverseReference',2,0,0,0,NULL,NULL,'0.3.37',NULL,NULL,NULL,242),(938,7,NULL,'CreatePersistent',1,1,0,0,NULL,NULL,'0.3.38',NULL,NULL,NULL,214),(932,7,NULL,'RemoveCssClass',1,0,0,0,NULL,NULL,'0.3.35',NULL,NULL,NULL,214),(934,143,NULL,'FormLabelVariableNameForColumn',2,0,0,0,NULL,NULL,'0.3.37',NULL,NULL,NULL,242),(937,11,NULL,'PersistControl',1,0,0,0,NULL,NULL,'0.3.38',NULL,NULL,NULL,204),(933,180,NULL,'GetDataGridOrderByNode',1,0,0,0,NULL,NULL,'0.3.35',NULL,NULL,NULL,318),(936,143,NULL,'FormLabelVariableNameForManyToManyReference',2,0,0,0,NULL,NULL,'0.3.37',NULL,NULL,NULL,242),(961,258,NULL,'Validate',1,0,0,0,NULL,NULL,'0.3.39',NULL,NULL,NULL,544),(960,258,NULL,'ParsePostData',1,0,0,0,NULL,NULL,'0.3.39',NULL,NULL,NULL,544),(939,7,NULL,'Persist',1,0,0,0,NULL,NULL,'0.3.38',NULL,NULL,NULL,214),(940,115,NULL,'GetFoundRows',1,0,0,0,NULL,NULL,'0.3.38',NULL,NULL,NULL,236),(941,143,NULL,'TypeNameFromColumnName',2,0,0,0,NULL,NULL,'0.3.38',NULL,NULL,NULL,242),(942,143,NULL,'FormControlClassForColumn',2,0,0,0,NULL,NULL,'0.3.38',NULL,NULL,NULL,242),(943,184,NULL,'GetWhereClause',1,0,0,0,NULL,NULL,'0.3.38',NULL,NULL,NULL,318),(944,202,NULL,'SubSql',1,1,0,0,NULL,NULL,'0.3.38',NULL,NULL,NULL,318),(945,202,NULL,'Virtual',1,1,0,0,NULL,NULL,'0.3.38',NULL,NULL,NULL,318),(946,254,NULL,'__construct',1,0,0,0,NULL,NULL,'0.3.38',NULL,NULL,NULL,318),(947,254,NULL,'GetColumnAlias',1,0,0,0,NULL,NULL,'0.3.38',NULL,NULL,NULL,318),(948,255,NULL,'__construct',1,0,0,0,NULL,NULL,'0.3.38',NULL,NULL,NULL,318),(949,255,NULL,'GetColumnAlias',1,0,0,0,NULL,NULL,'0.3.38',NULL,NULL,NULL,318),(950,255,NULL,'GetAttributeName',1,0,0,0,NULL,NULL,'0.3.38',NULL,NULL,NULL,318),(951,256,NULL,'__construct',1,0,0,0,NULL,NULL,'0.3.38',NULL,NULL,NULL,318),(952,256,NULL,'UpdateQueryBuilder',1,0,0,0,NULL,NULL,'0.3.38',NULL,NULL,NULL,318),(953,256,NULL,'__toString',1,0,0,0,NULL,NULL,'0.3.38',NULL,NULL,NULL,318),(954,216,NULL,'AddSelectFunction',1,0,0,0,NULL,NULL,'0.3.38',NULL,NULL,NULL,318),(955,216,NULL,'GetTableAlias',1,0,0,0,NULL,NULL,'0.3.38',NULL,NULL,NULL,318),(956,216,NULL,'SetVirtualNode',1,0,0,0,NULL,NULL,'0.3.38',NULL,NULL,NULL,318),(957,216,NULL,'GetVirtualNode',1,0,0,0,NULL,NULL,'0.3.38',NULL,NULL,NULL,318),(958,257,NULL,'GetWhereStatement',1,0,0,0,NULL,NULL,'0.3.38',NULL,NULL,NULL,318),(959,257,NULL,'GetFromStatement',1,0,0,0,NULL,NULL,'0.3.38',NULL,NULL,NULL,318),(962,258,NULL,'GetControlHtml',1,0,0,0,NULL,NULL,'0.3.39',NULL,NULL,NULL,544),(963,258,NULL,'__construct',1,0,0,0,NULL,NULL,'0.3.39',NULL,NULL,NULL,544),(964,77,NULL,'AddAction',1,0,0,0,NULL,NULL,'0.3.39',NULL,NULL,NULL,191),(965,77,NULL,'__construct',1,0,0,0,NULL,NULL,'0.3.39',NULL,NULL,NULL,191),(966,77,NULL,'GetEndScript',1,0,0,0,NULL,NULL,'0.3.39',NULL,NULL,NULL,191),(967,259,NULL,'__construct',1,0,0,0,NULL,NULL,'0.3.39',NULL,NULL,NULL,192),(968,259,NULL,'RenderScript',1,0,0,0,NULL,NULL,'0.3.39',NULL,NULL,NULL,192),(969,260,NULL,'__construct',1,0,0,0,NULL,NULL,'0.3.39',NULL,NULL,NULL,192),(970,260,NULL,'RenderScript',1,0,0,0,NULL,NULL,'0.3.39',NULL,NULL,NULL,192),(971,261,NULL,'__construct',1,0,0,0,NULL,NULL,'0.3.39',NULL,NULL,NULL,192),(972,261,NULL,'RenderScript',1,0,0,0,NULL,NULL,'0.3.39',NULL,NULL,NULL,192),(973,262,NULL,'ParsePostData',1,0,0,0,NULL,NULL,'0.3.39',NULL,NULL,NULL,545),(974,262,NULL,'GetJavaScriptAction',1,0,0,0,NULL,NULL,'0.3.39',NULL,NULL,NULL,545),(975,262,NULL,'GetControlHtml',2,0,0,0,NULL,NULL,'0.3.39',NULL,NULL,NULL,545),(976,262,NULL,'Validate',1,0,0,0,NULL,NULL,'0.3.39',NULL,NULL,NULL,545),(977,3,NULL,'PersistPrepare',2,0,0,0,NULL,NULL,'0.3.39',NULL,NULL,NULL,212),(978,7,NULL,'PersistPrepare',2,0,0,0,NULL,NULL,'0.3.39',NULL,NULL,NULL,214),(979,117,NULL,'MySqlFetchField',1,0,0,0,NULL,NULL,'0.3.39',NULL,NULL,NULL,236),(980,139,NULL,'MySqlFetchField',1,0,0,0,NULL,NULL,'0.3.39',NULL,NULL,NULL,239),(981,263,NULL,'__construct',1,0,0,0,NULL,NULL,'0.3.39',NULL,NULL,NULL,546),(982,263,NULL,'addPattern',1,0,0,0,NULL,NULL,'0.3.39',NULL,NULL,NULL,546),(983,263,NULL,'addEntryPattern',1,0,0,0,NULL,NULL,'0.3.39',NULL,NULL,NULL,546),(984,263,NULL,'addExitPattern',1,0,0,0,NULL,NULL,'0.3.39',NULL,NULL,NULL,546),(985,263,NULL,'Tokenize',1,0,0,0,NULL,NULL,'0.3.39',NULL,NULL,NULL,546),(986,263,NULL,'Reduce',3,0,0,0,NULL,NULL,'0.3.39',NULL,NULL,NULL,546),(987,264,NULL,'addPattern',1,0,0,0,NULL,NULL,'0.3.39',NULL,NULL,NULL,547),(988,264,NULL,'scrubPattern',2,0,0,0,NULL,NULL,'0.3.39',NULL,NULL,NULL,547),(989,264,NULL,'match',1,0,0,0,NULL,NULL,'0.3.39',NULL,NULL,NULL,547),(990,264,NULL,'compileRegex',3,0,0,0,NULL,NULL,'0.3.39',NULL,NULL,NULL,547),(991,257,NULL,'__construct',1,0,0,0,NULL,NULL,'0.3.41',NULL,NULL,NULL,318),(992,216,NULL,'AddJoinCustomItem',1,0,0,0,NULL,NULL,'0.3.42',NULL,NULL,NULL,318),(993,216,NULL,'AddJoinCustomSqlItem',1,0,0,0,NULL,NULL,'0.3.42',NULL,NULL,NULL,318);
UNLOCK TABLES;
/*!40000 ALTER TABLE `operation` ENABLE KEYS */;

--
-- Table structure for table `parameter`
--

DROP TABLE IF EXISTS `parameter`;
CREATE TABLE `parameter` (
  `id` int(10) unsigned NOT NULL auto_increment,
  `operation_id` int(10) unsigned NOT NULL default '0',
  `order_number` int(11) default NULL,
  `variable_id` int(10) unsigned NOT NULL default '0',
  `reference_flag` tinyint(1) default NULL,
  PRIMARY KEY  (`id`),
  UNIQUE KEY `variable_id` (`variable_id`),
  KEY `parameter_operation_id_idx` (`operation_id`),
  KEY `parameter_variable_id_idx` (`variable_id`)
) ENGINE=MyISAM DEFAULT CHARSET=latin1;

--
-- Dumping data for table `parameter`
--


/*!40000 ALTER TABLE `parameter` DISABLE KEYS */;
LOCK TABLES `parameter` WRITE;
INSERT INTO `parameter` VALUES (1,1,1,1,0),(2,2,1,25,0),(3,2,1,26,0),(4,3,1,34,0),(5,3,1,35,0),(6,5,1,43,0),(7,7,1,53,0),(8,7,1,54,0),(9,7,1,55,0),(10,8,1,56,0),(11,9,1,57,0),(12,9,1,58,0),(13,9,1,59,0),(14,9,1,60,0),(15,10,1,61,0),(16,11,1,62,0),(17,12,1,63,0),(18,13,1,64,0),(19,13,1,65,0),(20,14,1,66,0),(21,15,1,67,0),(22,16,1,68,0),(23,17,1,69,0),(24,18,1,100,0),(25,18,1,101,0),(26,21,1,102,0),(27,21,1,103,0),(28,24,1,119,0),(29,28,1,128,0),(30,28,1,129,0),(31,28,1,130,0),(32,28,1,131,0),(33,34,1,152,0),(34,34,1,153,0),(35,38,1,154,0),(36,38,1,155,0),(37,38,1,156,0),(38,39,1,157,0),(39,40,1,179,0),(40,41,1,180,0),(41,41,1,181,0),(42,42,1,200,0),(43,42,1,201,0),(44,42,1,202,0),(45,43,1,209,0),(46,43,1,210,0),(47,44,1,211,0),(48,45,1,212,0),(49,48,1,220,0),(50,48,1,221,0),(51,54,1,239,0),(52,54,1,240,0),(53,59,1,363,0),(54,60,1,364,0),(55,60,1,365,0),(56,60,1,366,0),(57,61,1,369,0),(58,62,1,370,0),(59,63,1,374,0),(60,63,1,375,0),(61,64,1,376,0),(62,65,1,379,0),(63,65,1,380,0),(64,66,1,381,0),(65,66,1,382,0),(66,66,1,383,0),(67,67,1,385,0),(68,68,1,386,0),(69,69,1,389,0),(70,70,1,390,0),(71,71,1,393,0),(72,72,1,394,0),(73,73,1,396,0),(74,74,1,397,0),(75,75,1,400,0),(76,75,1,401,0),(77,76,1,402,0),(78,77,1,405,0),(79,77,1,406,0),(80,78,1,407,0),(81,79,1,409,0),(82,80,1,411,0),(83,81,1,412,0),(84,83,1,429,0),(85,83,1,430,0),(86,86,1,431,0),(87,86,1,432,0),(88,88,1,447,0),(89,89,1,454,0),(90,89,1,455,0),(91,92,1,462,0),(92,92,1,463,0),(93,92,1,464,0),(94,93,1,465,0),(95,93,1,466,0),(96,94,1,467,0),(97,96,1,468,0),(98,97,1,485,0),(99,97,1,486,0),(100,97,1,487,0),(101,97,1,488,0),(102,97,1,489,0),(103,98,1,490,0),(104,99,1,509,0),(105,99,1,510,0),(106,100,1,511,0),(107,100,1,512,0),(108,105,1,538,0),(109,106,1,539,0),(110,108,1,540,0),(111,109,1,541,0),(112,111,1,542,0),(113,112,1,543,0),(114,114,1,544,0),(115,115,1,545,0),(116,123,1,571,0),(117,124,1,572,0),(118,125,1,573,0),(119,126,1,574,0),(120,131,1,609,0),(121,131,1,610,0),(122,131,1,611,0),(123,132,1,612,0),(124,132,1,613,0),(125,133,1,643,0),(126,133,1,644,0),(127,136,1,645,0),(128,136,1,646,0),(129,147,1,665,0),(130,148,1,666,0),(131,149,1,667,0),(132,149,1,668,0),(133,150,1,669,0),(134,150,1,670,0),(135,151,1,671,0),(136,153,1,672,0),(137,154,1,673,0),(138,155,1,674,0),(139,156,1,675,0),(140,157,1,676,0),(141,159,1,677,0),(142,160,1,678,0),(143,161,1,679,0),(144,163,1,680,0),(145,164,1,681,0),(146,165,1,682,0),(147,165,1,683,0),(148,166,1,684,0),(149,167,1,685,0),(936,849,1,2400,0),(151,169,1,687,0),(152,171,1,688,0),(153,173,1,689,0),(154,174,1,690,0),(155,175,1,691,0),(156,179,1,715,0),(885,841,1,2309,0),(1145,915,1,2717,0),(159,189,1,758,0),(160,189,1,759,0),(161,195,1,794,0),(162,195,1,795,0),(163,196,1,796,0),(164,197,1,797,0),(165,197,1,798,0),(166,198,1,799,0),(167,199,1,800,0),(168,200,1,801,0),(169,202,1,802,0),(170,203,1,803,0),(171,204,1,804,0),(172,205,1,805,0),(173,205,1,806,0),(174,206,1,807,0),(175,206,1,808,0),(176,208,1,809,0),(177,208,1,810,0),(178,211,1,811,0),(179,211,1,812,0),(180,211,1,813,0),(181,212,1,814,0),(182,214,1,815,0),(183,217,1,836,0),(184,217,1,837,0),(185,217,1,838,0),(186,217,1,839,0),(187,218,1,846,0),(188,218,1,847,0),(189,223,1,907,0),(190,223,1,908,0),(191,224,1,909,0),(192,225,1,910,0),(193,226,1,911,0),(194,227,1,912,0),(195,227,1,913,0),(196,228,1,914,0),(197,228,1,915,0),(198,229,1,916,0),(199,229,1,917,0),(1300,934,1,2931,0),(201,231,1,919,0),(202,231,1,920,0),(203,232,1,921,0),(204,232,1,922,0),(205,233,1,923,0),(206,234,1,924,0),(207,235,1,925,0),(208,235,1,926,0),(209,236,1,927,0),(210,237,1,928,0),(211,239,1,929,0),(212,239,1,930,0),(213,242,1,931,0),(214,244,1,932,0),(215,244,1,933,0),(216,249,1,934,0),(217,249,1,935,0),(218,249,1,936,0),(219,251,1,937,0),(220,252,1,938,0),(221,253,1,939,0),(222,255,1,940,0),(223,260,1,941,0),(224,261,1,942,0),(225,263,1,943,0),(226,276,1,1025,0),(227,279,1,1052,0),(228,280,1,1053,0),(229,281,1,1054,0),(230,282,1,1055,0),(231,283,1,1056,0),(232,284,1,1057,0),(233,286,1,1058,0),(234,289,1,1059,0),(235,290,1,1063,0),(236,291,1,1064,0),(237,292,1,1065,0),(238,293,1,1066,0),(239,294,1,1067,0),(240,295,1,1068,0),(241,297,1,1069,0),(242,298,1,1070,0),(243,298,1,1071,0),(244,303,1,1072,0),(245,304,1,1073,0),(246,305,1,1074,0),(247,306,1,1075,0),(248,307,1,1076,0),(249,308,1,1077,0),(250,309,1,1078,0),(251,310,1,1079,0),(252,311,1,1081,0),(253,311,1,1082,0),(254,311,1,1083,0),(255,312,1,1086,0),(256,312,1,1087,0),(257,322,1,1089,0),(258,323,1,1090,0),(259,323,1,1091,0),(260,324,1,1092,0),(261,326,1,1093,0),(262,326,1,1094,0),(263,327,1,1095,0),(264,328,1,1099,0),(265,328,1,1100,0),(266,329,1,1101,0),(267,330,1,1102,0),(268,331,1,1103,0),(269,332,1,1104,0),(270,333,1,1105,0),(271,334,1,1106,0),(272,336,1,1107,0),(273,337,1,1108,0),(274,338,1,1109,0),(275,338,1,1110,0),(276,343,1,1111,0),(277,344,1,1112,0),(278,345,1,1114,0),(279,345,1,1115,0),(280,345,1,1116,0),(281,346,1,1119,0),(282,346,1,1120,0),(283,356,1,1122,0),(284,357,1,1123,0),(285,357,1,1124,0),(286,358,1,1125,0),(287,360,1,1126,0),(288,360,1,1127,0),(289,361,1,1130,0),(290,361,1,1131,0),(291,362,1,1132,0),(292,363,1,1133,0),(293,364,1,1134,0),(294,365,1,1135,0),(295,366,1,1136,0),(296,367,1,1137,0),(297,369,1,1138,0),(298,370,1,1139,0),(299,370,1,1140,0),(300,375,1,1141,0),(301,376,1,1142,0),(302,377,1,1143,0),(303,378,1,1145,0),(304,378,1,1146,0),(305,378,1,1147,0),(306,379,1,1150,0),(307,379,1,1151,0),(308,389,1,1153,0),(309,390,1,1154,0),(310,390,1,1155,0),(311,391,1,1156,0),(312,393,1,1157,0),(313,393,1,1158,0),(314,394,1,1160,0),(315,395,1,1161,0),(316,396,1,1162,0),(317,397,1,1163,0),(318,397,1,1164,0),(319,399,1,1168,0),(320,399,1,1169,0),(321,409,1,1170,0),(322,409,1,1171,0),(323,411,1,1243,0),(324,412,1,1244,0),(325,412,1,1245,0),(326,412,1,1246,0),(327,412,1,1247,0),(328,414,1,1248,0),(329,414,1,1249,0),(1187,416,1,2783,0),(331,415,1,1251,0),(332,415,1,1252,0),(333,416,1,1253,0),(334,416,1,1254,0),(335,417,1,1255,0),(336,417,1,1256,0),(337,418,1,1257,0),(338,419,1,1258,0),(339,420,1,1259,0),(340,421,1,1260,0),(341,422,1,1261,0),(342,423,1,1262,0),(343,424,1,1263,0),(344,425,1,1264,0),(345,426,1,1265,0),(346,427,1,1266,0),(347,427,1,1267,0),(348,428,1,1268,0),(349,429,1,1269,0),(350,429,1,1270,0),(351,429,1,1271,0),(352,429,1,1272,0),(353,429,1,1273,0),(354,430,1,1274,0),(355,431,1,1275,0),(356,432,1,1276,0),(357,433,1,1277,0),(358,434,1,1278,0),(359,435,1,1279,0),(360,435,1,1280,0),(361,435,1,1281,0),(362,436,1,1282,0),(363,436,1,1283,0),(364,436,1,1284,0),(365,437,1,1285,0),(366,437,1,1286,0),(367,437,1,1287,0),(368,437,1,1288,0),(369,438,1,1289,0),(370,438,1,1290,0),(371,438,1,1291,0),(372,438,1,1292,0),(373,439,1,1293,0),(374,440,1,1294,0),(375,441,1,1295,0),(376,442,1,1297,0),(377,442,1,1298,0),(378,442,1,1299,0),(379,442,1,1300,0),(380,443,1,1313,0),(381,444,1,1361,0),(382,445,1,1362,0),(383,445,1,1363,0),(384,446,1,1364,0),(385,446,1,1365,0),(386,451,1,1366,0),(387,452,1,1367,0),(388,454,1,1368,0),(389,455,1,1369,0),(390,455,1,1370,0),(391,456,1,1371,0),(392,457,1,1372,0),(393,458,1,1373,0),(394,459,1,1374,0),(395,460,1,1375,0),(396,461,1,1376,0),(397,461,1,1377,0),(398,462,1,1378,0),(399,463,1,1379,0),(400,463,1,1380,0),(401,464,1,1381,0),(402,464,1,1382,0),(403,465,1,1383,0),(404,465,1,1384,0),(405,465,1,1385,0),(406,465,1,1386,0),(407,465,1,1387,0),(408,465,1,1388,0),(409,466,1,1389,0),(410,466,1,1390,0),(411,467,1,1394,1),(412,468,1,1395,0),(413,469,1,1396,0),(414,470,1,1397,0),(415,471,1,1398,0),(416,472,1,1399,0),(417,473,1,1429,0),(418,478,1,1438,0),(419,479,1,1451,0),(420,479,1,1452,0),(421,479,1,1453,0),(422,480,1,1454,0),(423,481,1,1455,0),(424,482,1,1456,0),(425,483,1,1457,0),(426,483,1,1458,0),(427,484,1,1459,0),(428,484,1,1460,0),(429,485,1,1461,0),(430,485,1,1462,0),(431,486,1,1472,0),(432,486,1,1473,0),(433,486,1,1474,0),(434,486,1,1475,0),(435,487,1,1476,0),(436,488,1,1477,0),(437,489,1,1478,0),(438,490,1,1479,0),(439,494,1,1505,0),(440,496,1,1506,0),(441,497,1,1507,0),(442,497,1,1508,0),(443,499,1,1509,0),(444,499,1,1510,0),(445,500,1,1511,0),(446,502,1,1512,0),(447,504,1,1513,0),(448,505,1,1514,0),(449,506,1,1515,0),(450,506,1,1516,0),(451,507,1,1517,0),(452,508,1,1518,0),(453,509,1,1519,0),(454,510,1,1520,0),(455,513,1,1534,0),(456,514,1,1535,0),(457,515,1,1536,0),(458,515,1,1537,0),(459,516,1,1538,0),(460,518,1,1553,0),(461,518,1,1554,0),(462,518,1,1555,0),(463,521,1,1556,0),(464,522,1,1573,0),(465,522,1,1574,0),(466,522,1,1575,0),(467,523,1,1576,0),(468,523,1,1577,0),(469,524,1,1580,0),(470,524,1,1581,0),(471,526,1,1591,0),(472,526,1,1592,0),(473,526,1,1593,0),(474,528,1,1594,0),(475,530,1,1603,0),(476,531,1,1604,0),(477,532,1,1605,0),(478,532,1,1606,0),(479,533,1,1607,0),(480,534,1,1613,0),(481,535,1,1614,0),(482,536,1,1615,0),(483,538,1,1616,0),(484,538,1,1617,0),(485,539,1,1618,0),(486,540,1,1619,0),(487,541,1,1620,0),(488,545,1,1621,0),(489,546,1,1622,0),(490,547,1,1623,0),(491,549,1,1624,0),(492,551,1,1625,0),(493,552,1,1626,0),(494,552,1,1627,0),(495,552,1,1628,0),(496,553,1,1629,0),(497,553,1,1630,0),(498,564,1,1659,0),(499,564,1,1660,0),(500,565,1,1661,0),(501,567,1,1670,0),(502,567,1,1671,0),(503,567,1,1672,0),(504,567,1,1673,0),(505,568,1,1682,0),(506,568,1,1683,0),(507,568,1,1684,0),(508,568,1,1685,0),(509,569,1,1704,0),(510,569,1,1705,0),(511,569,1,1706,0),(512,569,1,1707,0),(513,571,1,1708,0),(514,576,1,1739,0),(515,577,1,1740,0),(516,578,1,1741,0),(517,579,1,1742,0),(518,580,1,1743,0),(519,580,1,1744,0),(520,581,1,1745,0),(521,581,1,1746,0),(522,581,1,1747,0),(523,582,1,1748,0),(524,582,1,1749,0),(525,583,1,1750,0),(526,584,1,1751,0),(527,584,1,1752,0),(528,585,1,1753,0),(529,585,1,1754,0),(530,586,1,1755,0),(531,586,1,1756,0),(532,587,1,1757,0),(533,587,1,1758,0),(534,588,1,1759,0),(535,588,1,1760,0),(536,588,1,1761,0),(537,588,1,1762,0),(538,588,1,1763,0),(539,590,1,1764,0),(540,590,1,1765,0),(541,591,1,1766,0),(542,591,1,1767,0),(543,591,1,1768,0),(544,592,1,1769,0),(545,592,1,1770,0),(546,592,1,1771,0),(547,592,1,1772,0),(548,593,1,1773,0),(549,593,1,1774,0),(550,594,1,1775,0),(551,595,1,1776,0),(552,595,1,1777,0),(553,596,1,1778,0),(554,596,1,1779,0),(555,596,1,1780,0),(556,598,1,1781,0),(557,598,1,1782,0),(558,598,1,1783,0),(559,598,1,1784,0),(560,600,1,1785,0),(561,602,1,1789,0),(562,602,1,1790,0),(563,602,1,1791,0),(564,602,1,1792,0),(565,603,1,1793,0),(566,603,1,1794,0),(567,603,1,1795,0),(568,603,1,1796,0),(569,604,1,1797,0),(570,604,1,1798,0),(571,604,1,1799,0),(572,604,1,1800,0),(573,605,1,1805,0),(574,605,1,1806,0),(575,605,1,1807,0),(576,605,1,1808,0),(577,606,1,1809,1),(578,610,1,1810,0),(579,611,1,1811,0),(580,612,1,1819,0),(581,613,1,1820,0),(582,614,1,1821,0),(583,617,1,1822,0),(584,618,1,1823,1),(585,620,1,1831,0),(586,621,1,1832,0),(587,621,1,1833,0),(588,621,1,1834,1),(589,622,1,1835,0),(590,622,1,1836,0),(591,625,1,1837,0),(592,631,1,1838,0),(593,632,1,1839,0),(594,632,1,1840,0),(595,633,1,1845,0),(596,634,1,1846,0),(597,634,1,1847,0),(598,637,1,1848,0),(599,638,1,1849,0),(600,638,1,1850,0),(601,639,1,1851,0),(602,639,1,1852,0),(603,639,1,1853,0),(604,640,1,1854,0),(605,642,1,1862,0),(606,642,1,1863,0),(607,642,1,1864,0),(608,642,1,1865,0),(609,643,1,1874,0),(610,643,1,1875,0),(611,643,1,1876,0),(612,644,1,1877,0),(613,644,1,1878,0),(614,644,1,1879,0),(615,646,1,1880,0),(616,646,1,1881,0),(617,647,1,1882,0),(618,647,1,1883,0),(619,647,1,1884,0),(620,647,1,1885,0),(621,648,1,1887,0),(622,648,1,1888,0),(623,648,1,1889,0),(624,648,1,1890,0),(625,649,1,1891,0),(626,649,1,1892,0),(627,650,1,1893,0),(628,650,1,1894,0),(629,650,1,1895,0),(630,650,1,1896,0),(631,652,1,1897,0),(632,653,1,1898,0),(633,653,1,1899,0),(634,654,1,1900,0),(635,654,1,1901,0),(636,654,1,1902,0),(637,654,1,1903,0),(638,656,1,1905,0),(639,657,1,1906,0),(640,658,1,1908,0),(641,660,1,1909,0),(642,661,1,1910,0),(643,662,1,1911,0),(644,663,1,1912,0),(645,664,1,1914,0),(646,665,1,1915,0),(647,666,1,1916,0),(648,667,1,1920,0),(649,668,1,1921,0),(650,669,1,1924,0),(651,669,1,1925,0),(652,670,1,1926,0),(653,671,1,1927,0),(654,672,1,1928,0),(655,673,1,1929,0),(656,674,1,1930,0),(657,675,1,1931,0),(658,675,1,1932,0),(659,676,1,1933,0),(660,677,1,1934,0),(661,677,1,1935,0),(662,678,1,1936,0),(663,679,1,1938,0),(664,680,1,1940,0),(665,685,1,1945,0),(666,686,1,1946,0),(667,686,1,1947,0),(668,687,1,1948,0),(669,687,1,1949,0),(670,688,1,1950,0),(671,688,1,1951,0),(672,689,1,1952,0),(673,689,1,1953,0),(674,690,1,1954,0),(675,690,1,1955,0),(676,691,1,1956,0),(677,691,1,1957,0),(678,692,1,1958,0),(679,693,1,1959,0),(680,694,1,1960,0),(681,694,1,1961,0),(682,695,1,1962,0),(683,695,1,1963,0),(684,696,1,1964,0),(685,696,1,1965,0),(686,696,1,1966,0),(687,700,1,1967,0),(688,700,1,1968,0),(689,701,1,1969,0),(690,701,1,1970,0),(691,702,1,1971,0),(692,702,1,1972,0),(693,703,1,1973,0),(694,703,1,1974,0),(695,704,1,1975,0),(696,705,1,1976,0),(697,706,1,1977,0),(698,706,1,1978,0),(699,708,1,1979,0),(700,709,1,1980,0),(701,711,1,1982,0),(702,712,1,1983,0),(703,713,1,1984,0),(704,716,1,1985,0),(705,718,1,1988,0),(706,718,1,1989,0),(707,719,1,1990,0),(708,721,1,1992,0),(709,722,1,1993,0),(710,724,1,1997,0),(711,724,1,1998,0),(712,725,1,1999,0),(713,730,1,2005,0),(714,731,1,2006,0),(715,733,1,2008,0),(716,734,1,2009,0),(717,735,1,2010,0),(1342,954,1,2994,0),(1346,955,1,2998,0),(1353,956,1,3005,0),(721,740,1,2026,0),(722,741,1,2027,0),(723,742,1,2028,0),(724,743,1,2029,0),(725,746,1,2030,0),(726,747,1,2031,0),(727,747,1,2032,0),(728,749,1,2036,0),(729,749,1,2037,0),(730,751,1,2046,0),(731,751,1,2047,0),(732,752,1,2048,0),(733,752,1,2049,0),(734,753,1,2050,0),(735,753,1,2051,0),(736,754,1,2052,0),(737,754,1,2053,0),(738,755,1,2054,0),(739,756,1,2055,0),(740,757,1,2056,0),(741,758,1,2074,0),(742,759,1,2075,0),(743,760,1,2076,0),(744,761,1,2077,0),(745,765,1,2078,0),(746,766,1,2086,0),(747,767,1,2088,0),(748,768,1,2089,0),(749,771,1,2090,0),(750,776,1,2100,0),(751,777,1,2101,0),(752,778,1,2110,0),(753,778,1,2111,0),(754,779,1,2112,0),(755,780,1,2113,0),(756,780,1,2114,0),(757,781,1,2115,0),(758,781,1,2116,0),(759,781,1,2117,0),(760,781,1,2118,0),(761,782,1,2127,0),(762,42,1,2131,0),(763,783,1,2132,0),(764,783,1,2133,0),(765,784,1,2137,0),(766,784,1,2138,0),(767,785,1,2139,0),(768,92,1,2140,0),(769,787,1,2141,0),(770,787,1,2142,0),(771,788,1,2143,0),(772,788,1,2144,0),(773,791,1,2146,0),(774,791,1,2147,0),(775,794,1,2155,0),(776,798,1,2156,0),(777,799,1,2157,0),(778,799,1,2158,0),(779,800,1,2159,0),(780,801,1,2160,0),(781,802,1,2161,0),(782,803,1,2162,0),(783,804,1,2163,0),(784,810,1,2164,0),(785,811,1,2165,0),(805,826,1,2195,0),(803,825,1,2193,0),(1456,815,1,3141,0),(789,817,1,2176,0),(790,818,1,2177,0),(791,819,1,2178,0),(792,820,1,2182,0),(823,830,1,2214,0),(794,821,1,2184,0),(795,822,1,2185,0),(796,822,1,2186,0),(797,822,1,2187,0),(798,823,1,2188,0),(799,823,1,2189,0),(800,823,1,2190,0),(843,832,1,2237,0),(1457,814,1,3142,0),(927,843,1,2355,0),(844,833,1,2238,0),(845,834,1,2240,0),(846,835,1,2241,0),(847,836,1,2244,0),(869,42,1,2275,0),(870,92,1,2277,0),(970,877,1,2482,0),(886,842,1,2310,0),(887,842,1,2311,0),(888,601,1,2314,0),(889,601,1,2315,0),(890,601,1,2316,0),(891,601,1,2317,0),(954,864,1,2455,0),(928,843,1,2356,0),(929,844,1,2377,0),(1184,415,1,2780,0),(931,844,1,2379,0),(932,845,1,2380,0),(933,845,1,2381,0),(934,845,1,2382,0),(935,846,1,2383,0),(937,849,1,2401,0),(938,850,1,2402,0),(939,854,1,2403,0),(940,856,1,2404,0),(941,857,1,2420,0),(942,279,1,2421,0),(943,281,1,2422,0),(944,283,1,2423,0),(945,858,1,2425,0),(946,534,1,2441,0),(1085,905,1,2620,0),(955,865,1,2456,0),(956,866,1,2457,0),(957,867,1,2458,0),(958,868,1,2459,0),(959,869,1,2460,0),(960,870,1,2461,0),(961,871,1,2463,0),(962,871,1,2464,0),(986,878,1,2499,0),(1016,882,1,2532,0),(1001,880,1,2515,0),(1057,893,1,2586,0),(1017,882,1,2533,0),(1018,361,1,2539,0),(1040,885,1,2566,0),(1041,885,1,2567,0),(1042,886,1,2568,0),(1043,891,1,2569,0),(1044,892,1,2570,0),(1045,892,1,2571,0),(1056,893,1,2585,0),(1058,894,1,2587,0),(1059,895,1,2588,0),(1060,895,1,2589,0),(1061,896,1,2590,0),(1062,897,1,2592,0),(1063,897,1,2593,0),(1064,897,1,2594,0),(1065,898,1,2595,0),(1066,899,1,2597,0),(1067,899,1,2598,0),(1068,899,1,2599,0),(1069,900,1,2600,0),(1070,901,1,2601,0),(1071,901,1,2602,0),(1072,902,1,2603,0),(1073,902,1,2604,0),(1074,903,1,2605,0),(1075,903,1,2606,0),(1076,903,1,2607,0),(1077,904,1,2608,0),(1078,904,1,2609,0),(1079,904,1,2610,0),(1080,696,1,2611,0),(1114,913,1,2682,0),(1109,911,1,2675,0),(1086,905,1,2621,0),(1087,905,1,2622,0),(1088,906,1,2628,0),(1089,907,1,2629,0),(1090,907,1,2630,0),(1091,907,1,2631,0),(1092,908,1,2632,0),(1093,909,1,2654,0),(1094,910,1,2655,0),(1115,913,1,2683,0),(1110,912,1,2676,0),(1179,917,1,2763,0),(1194,924,1,2792,0),(1258,931,1,2885,0),(1146,915,1,2718,0),(1193,643,1,2791,0),(1180,917,1,2764,0),(1181,918,1,2765,0),(1182,919,1,2766,0),(1183,844,1,2778,0),(1185,415,1,2781,0),(1186,415,1,2782,0),(1188,417,1,2784,0),(1189,923,1,2785,0),(1195,924,1,2793,0),(1196,648,1,2794,0),(1361,963,1,3016,0),(1321,647,1,2958,0),(1218,926,1,2819,0),(1219,61,1,2842,0),(1220,63,1,2845,0),(1221,65,1,2847,0),(1222,66,1,2848,0),(1223,929,1,2850,0),(1224,930,1,2851,0),(1225,230,1,2852,0),(1259,932,1,2886,0),(1311,937,1,2944,0),(1301,935,1,2932,0),(1302,936,1,2933,0),(1320,646,1,2957,0),(1312,938,1,2945,0),(1313,938,1,2946,0),(1314,938,1,2947,0),(1315,941,1,2948,0),(1316,942,1,2949,0),(1416,991,1,3099,0),(1324,943,1,2962,0),(1325,944,1,2963,0),(1326,944,1,2964,0),(1327,945,1,2965,0),(1328,945,1,2966,0),(1329,704,1,2967,0),(1330,946,1,2971,0),(1331,946,1,2972,0),(1332,947,1,2973,0),(1333,948,1,2976,0),(1334,948,1,2977,0),(1335,949,1,2978,0),(1336,951,1,2980,0),(1337,952,1,2981,0),(1338,721,1,2983,0),(1339,737,1,2991,0),(1340,737,1,2992,0),(1341,737,1,2993,0),(1343,954,1,2995,0),(1344,954,1,2996,0),(1345,738,1,2997,0),(1347,739,1,2999,0),(1348,739,1,3000,0),(1349,739,1,3001,0),(1350,739,1,3002,0),(1351,739,1,3003,0),(1352,739,1,3004,0),(1354,956,1,3006,0),(1355,957,1,3007,0),(1413,649,1,3094,0),(1414,650,1,3095,0),(1409,150,1,3090,0),(1362,963,1,3017,0),(1363,964,1,3024,0),(1364,964,1,3025,0),(1365,965,1,3026,0),(1366,965,1,3027,0),(1367,965,1,3028,0),(1368,967,1,3031,0),(1369,968,1,3032,0),(1370,969,1,3034,0),(1371,970,1,3035,0),(1372,971,1,3037,0),(1373,972,1,3038,0),(1374,981,1,3051,0),(1375,982,1,3052,0),(1376,982,1,3053,0),(1377,982,1,3054,0),(1378,983,1,3055,0),(1379,983,1,3056,0),(1380,983,1,3057,0),(1381,983,1,3058,0),(1382,984,1,3059,0),(1383,984,1,3060,0),(1384,984,1,3061,0),(1385,984,1,3062,0),(1386,985,1,3063,1),(1387,986,1,3064,1),(1388,987,1,3069,0),(1389,987,1,3070,0),(1390,988,1,3071,0),(1391,989,1,3072,0),(1392,989,1,3073,1),(1427,992,1,3110,0),(1415,943,1,3096,0),(1426,992,1,3109,0),(1425,992,1,3108,0),(1428,993,1,3111,0),(1453,830,1,3138,0),(1454,758,1,3139,0),(1455,816,1,3140,0);
UNLOCK TABLES;
/*!40000 ALTER TABLE `parameter` ENABLE KEYS */;

--
-- Table structure for table `protection_type`
--

DROP TABLE IF EXISTS `protection_type`;
CREATE TABLE `protection_type` (
  `id` int(10) unsigned NOT NULL auto_increment,
  `name` varchar(50) NOT NULL default '',
  PRIMARY KEY  (`id`),
  UNIQUE KEY `name` (`name`)
) ENGINE=MyISAM DEFAULT CHARSET=latin1;

--
-- Dumping data for table `protection_type`
--


/*!40000 ALTER TABLE `protection_type` DISABLE KEYS */;
LOCK TABLES `protection_type` WRITE;
INSERT INTO `protection_type` VALUES (1,'Public'),(2,'Protected'),(3,'Private');
UNLOCK TABLES;
/*!40000 ALTER TABLE `protection_type` ENABLE KEYS */;

--
-- Table structure for table `qcodo_class`
--

DROP TABLE IF EXISTS `qcodo_class`;
CREATE TABLE `qcodo_class` (
  `id` int(10) unsigned NOT NULL auto_increment,
  `parent_qcodo_class_id` int(10) unsigned default NULL,
  `interface_id` int(10) unsigned default NULL,
  `class_group_id` int(10) unsigned default NULL,
  `name` varchar(100) NOT NULL default '',
  `abstract_flag` tinyint(1) default NULL,
  `enumeration_flag` tinyint(1) default NULL,
  `first_version` varchar(40) default NULL,
  `last_version` varchar(40) default NULL,
  `short_description` text,
  `extended_description` text,
  `file_id` int(10) unsigned default NULL,
  PRIMARY KEY  (`id`),
  UNIQUE KEY `name` (`name`),
  KEY `qcodo_class_parent_qcodo_class_id_idx` (`parent_qcodo_class_id`),
  KEY `qcodo_class_interface_id_idx` (`interface_id`),
  KEY `qcodo_class_class_group_id_idx` (`class_group_id`),
  KEY `qcodo_class_file_id_idx` (`file_id`)
) ENGINE=MyISAM DEFAULT CHARSET=latin1;

--
-- Dumping data for table `qcodo_class`
--


/*!40000 ALTER TABLE `qcodo_class` DISABLE KEYS */;
LOCK TABLES `qcodo_class` WRITE;
INSERT INTO `qcodo_class` VALUES (1,30,NULL,2,'QApplicationBase',1,NULL,'0.3.12',NULL,NULL,NULL,309),(2,1,NULL,2,'QApplication',1,NULL,'0.3.12',NULL,NULL,NULL,159),(3,25,NULL,4,'QDataGridBase',1,0,'0.3.12',NULL,NULL,NULL,212),(4,3,NULL,4,'QDataGrid',0,0,'0.3.12',NULL,NULL,NULL,163),(5,8,NULL,4,'QPaginatorBase',1,0,'0.3.12',NULL,NULL,NULL,183),(6,5,NULL,4,'QPaginator',0,0,'0.3.12',NULL,NULL,NULL,164),(7,30,NULL,4,'QControlBase',1,0,'0.3.12',NULL,NULL,NULL,214),(8,7,NULL,4,'QControl',1,0,'0.3.12',NULL,NULL,NULL,165),(9,92,NULL,4,'QButtonBase',1,0,'0.3.12',NULL,NULL,NULL,193),(10,9,NULL,4,'QButton',0,0,'0.3.12',NULL,NULL,NULL,166),(11,30,NULL,4,'QFormBase',1,0,'0.3.12',NULL,'The main parent class of all views/forms in a Qcodo application.','QFormBase is <b>the</b> parent class of all views, or <i>QForms</i>, in a Qcodo application. It handles most of the dirty work of managing state, form controls, validation/error messages, ajax rendering and more.\r\n\r\nIt also declares the contract of child QForms, such as the familiar methods Form_Run(), Form_Validate(), etc.',204),(12,11,NULL,4,'QForm',1,0,'0.3.12',NULL,'The simple abstract parent of all QForms.','This is the simple abstract parent of all QForms. All of your generated views (eg generated *FormBases in forms_generated/) will extend this class.\r\n\r\nQForm declares some form preferences such as a cryptography key, a form state handler, and the ability to override javascript component loading.',167),(13,96,NULL,4,'QListBoxBase',1,0,'0.3.12',NULL,NULL,NULL,203),(14,13,NULL,4,'QListBox',0,0,'0.3.12',NULL,NULL,NULL,168),(15,8,NULL,4,'QTextBoxBase',1,0,'0.3.12',NULL,NULL,NULL,179),(16,15,NULL,4,'QTextBox',0,0,'0.3.12',NULL,'This class will render an HTML input tag of type text or password; or a textarea.','This class will render an HTML Textbox -- which can either be <input type=\"text\">,\r\n<input type=\"password\"> or <textarea> depending on the TextMode (see below).',169),(17,8,NULL,4,'QImageLabelBase',1,0,'0.3.12',NULL,NULL,NULL,217),(18,17,NULL,4,'QImageLabel',0,0,'0.3.12',NULL,NULL,NULL,171),(19,NULL,NULL,2,'QErrorAttribute',0,NULL,'0.3.12',NULL,NULL,NULL,175),(20,8,NULL,4,'QBlockControl',1,0,'0.3.12',NULL,NULL,NULL,200),(21,20,NULL,4,'QPanel',0,0,'0.3.12',NULL,NULL,NULL,177),(22,NULL,NULL,7,'QFontFamily',1,1,'0.3.12',NULL,'A QForm enumeration representing values for the css \'font-family\' property.','A QForm enumeration representing values for the css <i>font-family</i> property.\r\n\r\nfont-family specifies the font name of a box. In other words, it determines what font is used to render content.\r\n\r\nThis is typically a comma-separated list, of which the browser will use the first font it recognizes. Font names that are made up of more than one word must be placed within quotation marks. <i>QFontFamily</i> takes care of this for you.',178),(23,93,NULL,11,'QCallerException',0,NULL,'0.3.12',NULL,'This is the main exception to be thrown by any method to indicate that the CALLER is responsible for causing the exception.','This is the main exception to be thrown by any method to indicate that the <b>caller</b> is responsible for causing the exception. This works in conjunction with Qcodo\'s error handling/reporting so that the correct file/line-number is displayed to the user.\r\n\r\nFor example, for a class that contains the method <i>GetItemAtIndex($intIndex)</i>, it is conceivable that the method\'s caller could pass an invalid parameter as <i>GetItemAtIndex(15)</i>, where 15 does not exist. <i>GetItemAtIndex()</i> would then throw a <i>QIndexOutOfRangeException</i> (which extends <i>QCallerException</i>). If the <i>QCallerException</i> is not caught, then the exception will be reported to the user. The <b>caller</b>, or the script who <b>called</b> <i>GetItemAtIndex()</i>, would have that line highlighted as being responsible for calling the error.\r\n\r\nThe PHP default for exeception reporting would normally say that the \"throw Exception\" line in <i>GetItemAtIndex()</i> is responsible for throwing the exception. While this is technically true, in reality, it was the line that <b>called</b> <i>GetItemAtIndex()</i> which is responsible. This allows for much cleaner exception reporting.\r\n\r\nAs a more in-depth example, suppose a method <i>OuterMethod()</i> takes in parameters and ends up passing those paremeters directly into another method <i>InnerMethod()</i> which could throw a <i>CallerException</i>.  <i>OuterMethod()</i> is responsible for catching and rethrowing the caller exception.  And when this is done, <i>IncrementOffset()</i> <b>must</b> be called on the exception object in order to indicate that <i>OuterMethod()</i>\'s <b>caller</b> is responsible for the exception.\r\n\r\nSo the code snippet to call <i>InnerMethod()</i> by <i>OuterMethod()</i> should look like:\r\n\r\n<code>\r\nfunction OuterMethod($mixValue) {\r\n    try {\r\n        InnerMethod($mixValue);\r\n    } catch (CallerException $objExc) {\r\n        $objExc->IncrementOffset();\r\n        throw $objExc;\r\n    }\r\n    // Do Other Stuff\r\n}\r\n</code>\r\n\r\nAgain, calling <i>IncrementOffset()</i> and rethrowing the exception assures the user that the line of code actually responsible for the exception is properly being reported by the Qcodo error reporting/handler.',317),(24,23,NULL,4,'QCrossScriptingException',0,0,'0.3.12',NULL,NULL,NULL,179),(25,8,NULL,4,'QPaginatedControl',1,0,'0.3.12',NULL,NULL,NULL,194),(26,25,NULL,4,'QDataRepeater',0,0,'0.3.12',NULL,NULL,NULL,180),(27,30,NULL,4,'QControlGrouping',1,0,'0.3.12',NULL,NULL,NULL,186),(28,27,NULL,4,'QDropZoneGrouping',0,0,'0.3.12',NULL,NULL,NULL,181),(29,8,NULL,4,'QDateTimePicker',0,0,'0.3.12',NULL,NULL,NULL,182),(30,NULL,NULL,2,'QBaseClass',1,NULL,'0.3.12',NULL,'The base class for all classes in the Qcodo development framework.','This is the base class for all classes in the Qcodo framework. It provides fundamental error handling of property getters and setters and a final function for setting a list of object properties via OverrideAttribute.\r\n\r\n<b>Note</b>\r\nAs of 2/13/07 there are two class methods missing from this api documentation: __get() and __set(). Each subclass of QBaseClass should override these default property accessor methods, and refer to parent::__get() in a try-catch block to handle QCallerException throwing. For example, most Qcodo classes will define something like:\r\n\r\n<code>\r\n		public function __get($strName) {\r\n			switch ($strName) {\r\n				case \'MyProperty01\':\r\n					return $this->MyProperty01;\r\n				case \'MyProperty02\':\r\n					return $this->MyProperty02;\r\n				default:\r\n					try {\r\n						return parent::__get($strName);\r\n					} catch (QCallerException $objExc) {\r\n						$objExc->IncrementOffset();\r\n						throw $objExc;\r\n					}\r\n			}\r\n		}   \r\n</code>\r\n\r\nIt is recommended you follow this pattern in your own getters and setters. Specifically, resorting to the try/catch block like the above example for handling attempts to get/set undefined properties.',321),(31,30,NULL,4,'QListItemStyle',0,0,'0.3.12',NULL,NULL,NULL,184),(32,30,NULL,4,'QListItem',0,0,'0.3.12',NULL,NULL,NULL,185),(33,16,NULL,4,'QFloatTextBox',0,0,'0.3.12',NULL,NULL,NULL,187),(34,8,NULL,4,'QFileControl',0,0,'0.3.12',NULL,NULL,NULL,188),(35,30,NULL,6,'QEvent',1,0,'0.3.12',NULL,'The base class for all Qcodo events.','The base class for all Qcodo events. This class declares the boilerplate for all Qcodo events, such as the corresponding Javascript event name, optional conditions (for more complex events like capturing particular key events), and optional delay.\r\n\r\nIn essence, all QEvents are abstractions of client-side javascript events.',189),(36,35,NULL,6,'QBlurEvent',0,0,'0.3.12',NULL,'QEvent class representing a browser \'blur\' event.','QEvent class representing a browser \'blur\' event.',189),(37,35,NULL,6,'QChangeEvent',0,0,'0.3.12',NULL,'QEvent class representing the browser \'change\' event.','QEvent class representing the browser \'change\' event.',189),(38,35,NULL,6,'QClickEvent',0,0,'0.3.12',NULL,'QEvent class representing a browser \'click\' event.','QEvent class representing a browser \'click\' event.',189),(39,35,NULL,6,'QDoubleClickEvent',0,0,'0.3.12',NULL,'QEvent class representing a browser \'dblclick\' event.','QEvent class representing a browser \'dblclick\' event.',189),(40,35,NULL,6,'QDragDropEvent',0,0,'0.3.12',NULL,'QEvent representing the browser \'dragdrop\' event.','QEvent representing the browser \'dragdrop\' event.',189),(41,35,NULL,6,'QFocusEvent',0,0,'0.3.12',NULL,'QEvent class representing a browser \'focus\' event.','QEvent class representing a browser \'focus\' event.',189),(42,35,NULL,6,'QKeyDownEvent',0,0,'0.3.12',NULL,'QEvent class representing a browser \'keydown\' event.','QEvent class representing a browser \'keydown\' event.',189),(43,35,NULL,6,'QKeyPressEvent',0,0,'0.3.12',NULL,'QEvent class representing a browser \'keypress\' event.','QEvent class representing a browser \'keypress\' event.',189),(44,35,NULL,6,'QKeyUpEvent',0,0,'0.3.12',NULL,'QEvent class representing a browser \'keyup\' event.','QEvent class representing a browser \'keyup\' event.',189),(45,35,NULL,6,'QMouseDownEvent',0,0,'0.3.12',NULL,'QEvent class representing a browser \'mousedown\' event.','QEvent class representing a browser \'mousedown\' event.',189),(46,35,NULL,6,'QMouseMoveEvent',0,0,'0.3.12',NULL,'QEvent class representing a browser \'mousemove\' event.','QEvent class representing a browser \'mousemove\' event.',189),(47,35,NULL,6,'QMouseOutEvent',0,0,'0.3.12',NULL,'QEvent class representing a browser \'mouseout\' event.','QEvent class representing a browser \'mouseout\' event.',189),(48,35,NULL,6,'QMouseOverEvent',0,0,'0.3.12',NULL,'QEvent class representing a browser \'mouseover\' event.','QEvent class representing a browser \'mouseover\' event.',189),(49,35,NULL,6,'QMouseUpEvent',0,0,'0.3.12',NULL,'QEvent class representing a browser \'mouseup\' event.','QEvent class representing a browser \'mouseup\' event.',189),(50,35,NULL,6,'QMoveEvent',0,0,'0.3.12',NULL,'QEvent class representing a \'qcodomove\' event.','QEvent class representing a \'qcodomove\' event. This event wraps the traditional \'move\' event with additional functionality.',189),(51,35,NULL,6,'QResizeEvent',0,0,'0.3.12',NULL,'QEvent class representing a \'qcodoresize\' event.','QEvent class representing a \'qcodoresize\' event.',189),(52,35,NULL,6,'QSelectEvent',0,0,'0.3.12',NULL,'QEvent class representing a browser \'select\' event.','QEvent class representing a browser \'select\' event.',189),(53,42,NULL,6,'QEscapeKeyEvent',0,0,'0.3.12',NULL,'QKeyDownEvent (QKeyPressEvent for Mac) class that represents the \'keypress\' (\'keydown\') event of the escape key.','QKeyDownEvent (QKeyPressEvent for Mac) class that represents the \'keypress\' (\'keydown\') event of the escape key.',189),(54,42,NULL,6,'QUpArrowKeyEvent',0,0,'0.3.12',NULL,'QKeyDownEvent (QKeyPressEvent for Mac) class that represents the \'keypress\' (\'keydown\') event of the up arrow.','QKeyDownEvent (QKeyPressEvent for Mac) class that represents the \'keypress\' (\'keydown\') event of the up arrow.',189),(55,42,NULL,6,'QDownArrowKeyEvent',0,0,'0.3.12',NULL,'QKeyDownEvent (QKeyPressEvent for Mac) class that represents the \'keypress\' (\'keydown\') event of the down arrow.','QKeyDownEvent (QKeyPressEvent for Mac) class that represents the \'keypress\' (\'keydown\') event of the down arrow.',189),(56,42,NULL,6,'QEnterKeyEvent',0,0,'0.3.12',NULL,'QKeyDownEvent (QKeyPressEvent for Mac) class that represents the \'keypress\' (\'keydown\') event of the enter key.','QKeyDownEvent (QKeyPressEvent for Mac) class that represents the \'keypress\' (\'keydown\') event of the enter key.',189),(57,NULL,NULL,7,'QBorderStyle',1,1,'0.3.12',NULL,'A QForm enumeration representing values for the css \'border-style\' property.','A QForm enumeration representing values for the css <i>border-style</i> property.\r\n\r\n<i>border-style</i> specifies the style of an element\'s complete border.\r\n\r\nPossible css values include:\r\n** <i>none</i>\r\n** <i>dotted</i>\r\n** <i>dashed</i>\r\n** <i>solid</i>\r\n** <i>double</i>\r\n** <i>groove</i>\r\n** <i>ridge</i>\r\n** <i>inset</i>\r\n** <i>outset</i>',190),(58,NULL,NULL,7,'QDisplayStyle',1,1,'0.3.12',NULL,'A QForm enumeration representing values for the css \'display\' property.','A QForm enumeration representing values for the css <i>display</i> property.\r\n\r\n<i>display</i> specifies the display type of a box (as in the CSS <i>box model</i>).',190),(59,NULL,NULL,7,'QTextAlign',1,1,'0.3.12',NULL,'A QForm enumeration representing values for the css \'text-align\' property.','A QForm enumeration representing values for the css <i>text-align</i> property.\r\n\r\n<i>text-align</i> specifies the alignment of text inside a box.',190),(60,NULL,NULL,7,'QRepeatDirection',1,1,'0.3.12',NULL,'A QForm enumeration representing values for a QListControl\'s visual direction.','',190),(61,NULL,NULL,7,'QGridLines',1,1,'0.3.12',NULL,'A QForm enumeration representing values for a table\'s \'rules\' attribute.','A QForm enumeration representing values for a table\'s <i>rules</i> attribute.\r\n\r\nThe <i>rules</i> attribute specifies the type of grid lines rendered in a table.',190),(62,NULL,NULL,7,'QSelectionMode',1,1,'0.3.12',NULL,'A QForm enumeration representing a select element\'s \'multiple\' property.','',190),(63,NULL,NULL,7,'QTextMode',1,1,'0.3.12',NULL,'A QForm enumeration representing types of text input modes.','',190),(64,NULL,NULL,7,'QHorizontalAlign',1,1,'0.3.12',NULL,'A QForm enumeration representing values of horizontal alignment.','',190),(65,NULL,NULL,7,'QVerticalAlign',1,1,'0.3.12',NULL,'A QForm enumeration representing types of vertical alignment.','',190),(66,NULL,NULL,7,'QBorderCollapse',1,1,'0.3.12',NULL,'A QForm enumeration representing values for the css \'border-collapse\' property.','A QForm enumeration representing values for the css <i>border-collapse</i> property.\r\n\r\n<i>border-collapse</i> specifies which border model should be used in a table.\r\n\r\nPossible css values include:\r\n** <i>collapse</i> \"collapsing borders\" model - cells share adjacent borders.\r\n**<i>separate</i> (default) \"separated borders\" model - cells have their own borders.\r\nNote that enumeration values and css property values differ.',190),(67,NULL,NULL,7,'QDateTimePickerType',1,1,'0.3.12',NULL,'A QForm enumeration representing the the type of QDateTimePicker.','A QForm enumeration representing the the type of QDateTimePicker (an unintentionally obvious explanation).\r\n\r\nIf your interface needs a date/time picker, you can customize what fields are rendered as UI. So if you just need a date picker, you can tell your QDateTimePicker to just display itself as a month/day/year control. If you just want a time picker, you can tell QDateTimePicker to just render an hour/minute control. And so on.',190),(68,NULL,NULL,7,'QCalendarType',1,1,'0.3.12',NULL,'A QForm enumeration representing values for different types of QCalendar control.','A QForm enumeration representing values for different types of QCalendar control. Use these values to specify how you would like your QCalendar to be rendered.\r\n\r\nExample:\r\n\r\n<code>\r\n$this->cal = new QCalendar($this);\r\n$this->cal->CalendarType = QCalendarType::TimeOnly; // just display the time picker\r\n</code>',190),(69,NULL,NULL,7,'QDateTimePickerFormat',1,1,'0.3.12',NULL,'A QForm enumeration representing the day, month, year order of a QDateTimePicker control.','A QForm enumeration representing the day, month, year order of a QDateTimePicker control.',190),(70,NULL,NULL,7,'QCrossScripting',1,1,'0.3.12',NULL,'A QForm enumeration representing types of allowable text input.','A QForm enumeration representing types of allowable text input. From most to least strict, those types are:\r\n** Deny\r\n** HtmlEntities\r\n** Allow',190),(71,NULL,NULL,7,'QCallType',1,1,'0.3.12',NULL,'A QForm enumeration representing call types (eg, Ajax or Server).','A QForm enumeration representing call types (eg, Ajax or Server).\r\n\r\nUsed internally by *Base classes when determining rendering behavior.',190),(72,NULL,NULL,7,'QPosition',1,1,'0.3.12',NULL,'A QForm enumeration representing values for the css \'position\' property.','A QForm enumeration representing values for the css \'position\' property.\r\n\r\nFor more about position behavior, see <http://www.w3.org/TR/REC-CSS2/visuren.html#choose-position>',190),(73,NULL,NULL,7,'QResizeHandleDirection',1,1,'0.3.12',NULL,'A QForm enumeration representing types of visual resize handles.','',190),(74,NULL,NULL,7,'QCursor',1,1,'0.3.12',NULL,'A QForm enumeration representing values for the css cursor property.','A QForm enumeration representing values for the css <i>cursor</i> property.\r\n\r\n<i>cursor</i> Specifies the appearance of the cursor when it passes over an element.',190),(75,NULL,NULL,7,'QOverflow',1,1,'0.3.12',NULL,'A QForm enumeration representing values for the css \'overflow\' property.','A QForm enumeration representing values for the css <i>overflow</i> property.\r\n\r\nSpecifies what should happen to the overflow - the portions of content that do not fit inside a box.',190),(76,NULL,NULL,7,'QCausesValidation',1,1,'0.3.12',NULL,'A QForm enumeration representing possible validation behavior.','A QForm enumeration representing possible validation behavior.\r\n\r\nFor more advanced users, note that <b>CausesValidation</b> can also be set to <i>QCausesValidation::SiblingsAndChildren</i> or <i>QCausesValidation::SiblingsOnly</i>. This functionality is geared for developers who are creating more complex QForms with child controls (either dynamically created, via custom composite controls, custom QPanels, etc). This allows for more finely-tuned direction in specifying a subset of controls that should be validated, instead of validating all controls on the form.\r\n\r\n<i>SiblingsAndChildren</i> specifies the validation of all sibling controls, and their children, of the control that is triggering the action, while <i>SiblingsOnly</i> specifies the validation of the triggering control\'s siblings <b>only</b>.\r\n\r\nQforms will go through a validation process just before it executes any Server-based actions, if needed. If the QControl that triggers the QServerAction has its <b>CausesValidation</b> property set to \"true\", then before executing the QServerAction the QForm will go through every visible control in the entire QForm and call <i>Validate()</i>. Only after ensuring that every control is valid, will the QForm go ahead and execute the assigned QServerAction.\r\n\r\nOtherwise, every QControl whose <i>Validate()</i> fails will have its <b>ValidationError</b> property	set with the appropriate error message.\r\n\r\nWhat the validation checks for is dependent on the control you are using. In general, QControls that have their <b>Required</b> property set to \"true\" will check to ensure that data was at least entered or selected.\r\n\r\nSome controls have additional rules.',190),(77,8,NULL,4,'QCalendar',0,0,'0.3.12',NULL,NULL,NULL,191),(78,30,NULL,5,'QAction',1,0,'0.3.12',NULL,NULL,NULL,192),(79,78,NULL,5,'QServerAction',0,0,'0.3.12',NULL,NULL,NULL,192),(80,78,NULL,5,'QAjaxAction',0,0,'0.3.12',NULL,NULL,NULL,192),(81,79,NULL,5,'QServerControlAction',0,0,'0.3.12',NULL,NULL,NULL,192),(82,80,NULL,5,'QAjaxControlAction',0,0,'0.3.12',NULL,NULL,NULL,192),(83,78,NULL,5,'QJavaScriptAction',0,0,'0.3.12',NULL,NULL,NULL,192),(84,78,NULL,5,'QConfirmAction',0,0,'0.3.12',NULL,NULL,NULL,192),(85,78,NULL,5,'QAlertAction',0,0,'0.3.12',NULL,NULL,NULL,192),(86,78,NULL,5,'QResetTimerAction',0,0,'0.3.12',NULL,NULL,NULL,192),(87,78,NULL,5,'QTerminateAction',0,0,'0.3.12',NULL,NULL,NULL,192),(88,78,NULL,5,'QToggleDisplayAction',0,0,'0.3.12',NULL,NULL,NULL,192),(89,78,NULL,5,'QToggleEnableAction',0,0,'0.3.12',NULL,NULL,NULL,192),(90,78,NULL,5,'QRegisterClickPositionAction',0,0,'0.3.12',NULL,NULL,NULL,192),(91,78,NULL,5,'QFocusControlAction',0,0,'0.3.12',NULL,NULL,NULL,192),(92,8,NULL,4,'QActionControl',1,0,'0.3.12',NULL,'An abstract QControl class that is extended by things like QButtons.','An abstract QControl class that is extended by things like QButtons. It basically pre-sets CausesValidation to be true (b/c most of the time, when a button is clicked we\'d assume that we want the validation to kick off) And it pre-defines ParsePostData, GetJavaScriptAction and Validate.',205),(93,NULL,NULL,1,'Exception',NULL,NULL,'0.3.12',NULL,NULL,NULL,NULL),(94,93,NULL,4,'QDataBindException',0,0,'0.3.12',NULL,NULL,NULL,194),(95,92,NULL,4,'QImageButton',0,0,'0.3.12',NULL,NULL,NULL,195),(96,8,NULL,4,'QListControl',1,0,'0.3.12',NULL,NULL,NULL,196),(97,30,NULL,4,'QTreeNavItem',0,0,'0.3.12',NULL,NULL,NULL,197),(98,16,NULL,4,'QWriteBox',0,0,'0.3.12',NULL,NULL,NULL,198),(99,8,NULL,4,'QControlLabel',0,0,'0.3.12',NULL,NULL,NULL,199),(100,8,NULL,4,'QTreeNav',0,0,'0.3.12',NULL,NULL,NULL,201),(101,30,NULL,4,'QDataGridColumn',0,0,'0.3.12',NULL,NULL,NULL,202),(102,20,NULL,4,'QLabel',0,0,'0.3.12',NULL,NULL,NULL,206),(103,30,NULL,4,'QDataGridRowStyle',0,0,'0.3.12',NULL,NULL,NULL,207),(104,96,NULL,4,'QRadioButtonList',0,0,'0.3.12',NULL,NULL,NULL,208),(105,8,NULL,4,'QRadioButton',0,0,'0.3.12',NULL,NULL,NULL,209),(106,16,NULL,4,'QIntegerTextBox',0,0,'0.3.12',NULL,NULL,NULL,210),(107,96,NULL,4,'QCheckBoxList',0,0,'0.3.12',NULL,NULL,NULL,211),(108,8,NULL,4,'QWaitIcon',0,0,'0.3.12',NULL,NULL,NULL,213),(109,8,NULL,4,'QCheckBox',0,0,'0.3.12',NULL,NULL,NULL,215),(110,92,NULL,4,'QLinkButton',0,0,'0.3.12',NULL,NULL,NULL,216),(111,NULL,NULL,7,'QImageType',1,1,'0.3.12',NULL,'A QForm enumeration representing image encoding (mime) types.','A QForm enumeration representing image encoding (mime) types.\r\n\r\nUsed particularly by <i>QImageLabelBase</i> in determining what type of image format to produce.',190),(112,30,NULL,4,'QFileFormStateHandler',0,0,'0.3.12',NULL,NULL,NULL,232),(113,30,NULL,4,'QSessionFormStateHandler',0,0,'0.3.12',NULL,NULL,NULL,233),(114,30,NULL,4,'QFormStateHandler',0,0,'0.3.12',NULL,NULL,NULL,234),(115,121,NULL,8,'QMySqliDatabase',0,NULL,'0.3.12',NULL,NULL,NULL,236),(116,115,NULL,8,'QMySqli5Database',0,NULL,'0.3.12',NULL,NULL,NULL,235),(117,124,NULL,8,'QMySqliDatabaseResult',0,NULL,'0.3.12',NULL,NULL,NULL,236),(118,117,NULL,8,'QMySqli5DatabaseResult',0,NULL,'0.3.12',NULL,NULL,NULL,235),(119,127,NULL,8,'QMySqliDatabaseField',0,NULL,'0.3.12',NULL,NULL,NULL,236),(120,119,NULL,8,'QMySqli5DatabaseField',0,NULL,'0.3.12',NULL,NULL,NULL,235),(121,30,NULL,8,'QDatabaseBase',1,NULL,'0.3.12',NULL,NULL,NULL,313),(122,23,NULL,8,'QDatabaseExceptionBase',1,NULL,'0.3.12',NULL,NULL,NULL,313),(123,122,NULL,8,'QMySqliDatabaseException',0,NULL,'0.3.12',NULL,NULL,NULL,236),(124,30,NULL,8,'QDatabaseResultBase',1,NULL,'0.3.12',NULL,NULL,NULL,313),(125,30,NULL,8,'QDatabaseRowBase',1,NULL,'0.3.12',NULL,NULL,NULL,313),(126,125,NULL,8,'QMySqliDatabaseRow',0,NULL,'0.3.12',NULL,NULL,NULL,236),(127,30,NULL,8,'QDatabaseFieldBase',1,NULL,'0.3.12',NULL,NULL,NULL,313),(128,121,NULL,8,'QSqlServerDatabase',0,NULL,'0.3.12',NULL,NULL,NULL,237),(129,122,NULL,8,'QSqlServerDatabaseException',0,NULL,'0.3.12',NULL,NULL,NULL,237),(130,124,NULL,8,'QSqlServerDatabaseResult',0,NULL,'0.3.12',NULL,NULL,NULL,237),(131,125,NULL,8,'QSqlServerDatabaseRow',0,NULL,'0.3.12',NULL,NULL,NULL,237),(132,127,NULL,8,'QSqlServerDatabaseField',0,NULL,'0.3.12',NULL,NULL,NULL,237),(133,121,NULL,8,'QPostgreSqlDatabase',0,NULL,'0.3.12',NULL,NULL,NULL,238),(134,122,NULL,8,'QPostgreSqlDatabaseException',0,NULL,'0.3.12',NULL,NULL,NULL,238),(135,124,NULL,8,'QPostgreSqlDatabaseResult',0,NULL,'0.3.12',NULL,NULL,NULL,238),(136,125,NULL,8,'QPostgreSqlDatabaseRow',0,NULL,'0.3.12',NULL,NULL,NULL,238),(137,127,NULL,8,'QPostgreSqlDatabaseField',0,NULL,'0.3.12',NULL,NULL,NULL,238),(138,115,NULL,8,'QMySqlDatabase',0,NULL,'0.3.12',NULL,NULL,NULL,239),(139,117,NULL,8,'QMySqlDatabaseResult',0,NULL,'0.3.12',NULL,NULL,NULL,239),(140,119,NULL,8,'QMySqlDatabaseField',0,NULL,'0.3.12',NULL,NULL,NULL,239),(141,30,NULL,3,'QManyToManyReference',0,NULL,'0.3.12',NULL,NULL,NULL,240),(142,30,NULL,3,'QReverseReference',0,NULL,'0.3.12',NULL,NULL,NULL,241),(143,30,NULL,3,'QCodeGenBase',1,NULL,'0.3.12',NULL,NULL,NULL,242),(144,30,NULL,3,'QIndex',0,NULL,'0.3.12',NULL,NULL,NULL,243),(145,30,NULL,3,'QTypeTable',0,NULL,'0.3.12',NULL,NULL,NULL,244),(146,30,NULL,3,'QReference',0,NULL,'0.3.12',NULL,NULL,NULL,246),(147,143,NULL,3,'QCodeGen',0,NULL,'0.3.12',NULL,NULL,NULL,345),(148,147,NULL,3,'QDatabaseCodeGen',0,NULL,'0.3.12',NULL,NULL,NULL,247),(149,NULL,NULL,3,'QConvertNotationBase',1,NULL,'0.3.12',NULL,NULL,NULL,248),(150,30,NULL,3,'QColumn',0,NULL,'0.3.12',NULL,NULL,NULL,249),(151,147,NULL,3,'QRestServiceCodeGen',0,NULL,'0.3.12',NULL,NULL,NULL,250),(152,30,NULL,3,'QTable',0,NULL,'0.3.12',NULL,NULL,NULL,251),(153,30,NULL,9,'QQueryExpansion',0,NULL,'0.3.12',NULL,NULL,NULL,307),(154,23,NULL,2,'QCryptographyException',0,NULL,'0.3.12',NULL,NULL,NULL,308),(155,30,NULL,2,'QCryptography',0,NULL,'0.3.12',NULL,NULL,NULL,308),(156,NULL,NULL,2,'QRequestMode',0,NULL,'0.3.12',NULL,NULL,NULL,309),(157,NULL,NULL,2,'QBrowserType',0,1,'0.3.12',NULL,NULL,NULL,309),(158,23,NULL,12,'QPoParserException',0,NULL,'0.3.12',NULL,'This exception is thrown when there are problems parsing a .po translation file.','This exception is thrown when there are problems parsing a .po translation file, such as invalid content, mising message ids, etc.\r\n\r\nIf this exception is thrown, first check your .po file to ensure that it is correct.',310),(159,30,NULL,12,'QI18n',0,NULL,'0.3.12',NULL,'The Qcodo core utility class that handles internationalization (i18n).','Qcodo offers internationalization support via <i>QApplication::Translate()</i> which internally will use the QI18n class.  In other words, you will probably never need to use the QI18n class yourself. Language and country settings can be setup in <i>prepend.inc</i>. By default, Qcodo will check the session to determine which language and country is currently being used, but it is really up to the developer to determine how you want the language and country codes get discovered (e.g., via the URL, via GET arguments, etc.)\r\n\r\nLanguage files are in the GNU PO format (see <http://www.gnu.org/software/gettext/manual/html_node/gettext_9.html> for more information) and are placed in the <i>/includes/i18n</i> directory.\r\n\r\n<b>To translate any piece of text, simply use <i>QApplication::Translate($yourvar)</i>.</b> Or as a shortcut, if you want to do a PHP <i>print()</i> of any translated text in your template, you can use the Qcodo printing shortcut <i>_t($yourvar)</i>, which does the equivalent of <i>print(QApplication::Translate($yourvar))</i>.\r\n\r\nNote that generated Form Drafts and the QControls are all I18n aware -- they will translate themselves based on the selected language as long as the appropriate language file exists. Qcodo-specific language files are part of Qcodo core, and exist in <i>includes/qcodo/i18n</i>.\r\n\r\n<b>Please Note:</b> we are desperately in need of more language files. If you are able to contribute please take the current <i>en.po</i> file and translate it to any currently unsupported language and feel free to submit it. Also note that the Spanish translation <i>es.po</i> language files (both in the example and in Qcodo core) need to be corrected.\r\n\r\nFinally, due to the heavy processing of PO parsing, the results of the PO parsing are cached using QCache, and cached files are stored in <i>includes/cache/i18n</i>.',310),(160,30,NULL,10,'QRssFeed',0,NULL,'0.3.12',NULL,NULL,NULL,311),(161,30,NULL,10,'QRssImage',0,NULL,'0.3.12',NULL,NULL,NULL,311),(162,30,NULL,10,'QRssCategory',0,NULL,'0.3.12',NULL,NULL,NULL,311),(163,30,NULL,10,'QRssItem',0,NULL,'0.3.12',NULL,NULL,NULL,311),(164,NULL,NULL,2,'QString',1,NULL,'0.3.12',NULL,'An abstract utility class for string manipulation.','An abstract utility class for string manipulation. Note that all methods are static. This class encapsulates a handful of grunt string manipulation tools, such as \'return the last char of a string.\'',312),(165,30,NULL,8,'QDatabaseForeignKey',0,NULL,'0.3.12',NULL,NULL,NULL,313),(166,30,NULL,8,'QDatabaseIndex',0,NULL,'0.3.12',NULL,NULL,NULL,313),(167,NULL,NULL,8,'QDatabaseFieldType',1,NULL,'0.3.12',NULL,NULL,NULL,313),(168,30,NULL,2,'QCache',0,NULL,'0.3.12',NULL,NULL,NULL,314),(169,NULL,NULL,2,'QUpdateUtility',0,NULL,'0.3.12',NULL,NULL,NULL,315),(170,NULL,NULL,2,'QDirectoryToken',0,NULL,'0.3.12',NULL,NULL,NULL,315),(171,30,NULL,10,'QSoapParameter',0,NULL,'0.3.12',NULL,NULL,NULL,316),(172,30,NULL,10,'QSoapMethod',0,NULL,'0.3.12',NULL,NULL,NULL,316),(173,30,NULL,10,'QSoapService',0,NULL,'0.3.12',NULL,'This class allows you to very easily add SOAP-enabled PHP methods to your application.','The Qcodo <b>QSoapService</b> class allows you to very easily add SOAP-enabled PHP methods to your application.\r\n\r\nIt utilizes the <i>SoapServer</i> class in PHP 5.1 or greater (and subsequently, this specific example also uses the <i>SoapClient</i> class to illustrate the <b>QSoapService</b> in action). However, <b>QSoapService</b> adds a significant level of functionality, overcoming most of the inherent issues found in the PHP <i>SoapServer</i>, including:\r\n\r\n** Full, Automatic WSDL Generation\r\n** Supports parameters that are Pass By Reference\r\n** Supports <b>QDateTime</b>, arrays and other input/output parameters that are complex data structures\r\n** And of course, full support for code generated data objects\r\n\r\nTo use, simply create a class which extends from <b>QSoapService</b>, and define any public methods as you would any other class (static, private and protected methods can be defined in this class as well, but they will not be exposed as publically available webservice methods).\r\n\r\nPlease note is that because SOAP by definition is a strongly-typed protocol, and because PHP is not, you must declare the types of the input and output parameters for each webservice-enabled method.  This is done through standard PHPDoc tags.  Please view the example code:\r\n\r\n<http://examples.qcodo.com/examples/communication/soap.php>\r\n\r\nAnd finally, due to the heavy processing of WSDL generation, the results of the WSDL generation are cached using <b>QCache</b> and cached files are stored in <i>/includes/cache/soap</i>.',316),(174,23,NULL,11,'QUndefinedPrimaryKeyException',0,NULL,'0.3.12',NULL,'This exception is thrown when a data object\'s primary key is invalid.','This exception is thrown by a data object operation when it checks the primary key (eg, <i>$intId</i>) and finds it to be invalid.',317),(175,23,NULL,11,'QIndexOutOfRangeException',0,NULL,'0.3.12',NULL,'This exception is thrown to indicate an out-of-range index for a particular array.','This exception is thrown to indicate an out-of-range index for a particular array. Note that unlike it\'s parent QCallerException, QIndexOutOfRangeException\'s constructor takes the bad index and a message string, and starts with a call stack offset of 2.\r\n\r\nFor more information on the call stack offset, see QCallerException.',317),(176,23,NULL,11,'QUndefinedPropertyException',0,NULL,'0.3.12',NULL,'The exception thrown when attempting to get or set an invalid object property .','The exception thrown by QBaseClass\' and QDateTime\'s <i>__get()</i> and <i>__set()</i> override methods when attempting to get or set an invalid object property.',317),(177,23,NULL,11,'QOptimisticLockingException',0,NULL,'0.3.12',NULL,'This exception is thrown when a lock condition is encountered.','This exception is thrown when a lock condition is encountered. To override optimistic locking, call <i>Save()</i> with <i>$blnForceUpdate</i> set to true.',317),(178,23,NULL,11,'QRemoteAdminDeniedException',0,NULL,'0.3.12',NULL,'This exception is thrown when remote admin is disabled and an attempt is made to access an admin page.','This exception is thrown when remote admin is FALSE and an attempt is made to access an admin page (eg, form_drafts, codegen, or any script that calls <i>QApplicationBase::CheckRemoteAdmin()</i>) from any host other than localhost.\r\n\r\nTo allow remote access to a script, set the <i>ALLOW_REMOTE_ADMIN</i> constant in <i>configuration.inc.php</i> to TRUE.\r\n\r\nSee <i>configuration.inc.php</i> and <i>QApplicationBase::CheckRemoteAdmin()</i> for more additional information.',317),(179,30,NULL,9,'QQBaseNode',1,NULL,'0.3.12',NULL,NULL,NULL,318),(180,179,NULL,9,'QQNode',0,NULL,'0.3.12',NULL,NULL,NULL,318),(181,180,NULL,9,'QQReverseReferenceNode',0,NULL,'0.3.12',NULL,NULL,NULL,318),(182,179,NULL,9,'QQAssociationNode',0,NULL,'0.3.12',NULL,NULL,NULL,318),(183,180,NULL,9,'QQNamedValue',0,NULL,'0.3.12',NULL,NULL,NULL,318),(184,30,NULL,9,'QQCondition',1,NULL,'0.3.12',NULL,NULL,NULL,318),(185,184,NULL,9,'QQConditionAll',0,NULL,'0.3.12',NULL,NULL,NULL,318),(186,184,NULL,9,'QQConditionNone',0,NULL,'0.3.12',NULL,NULL,NULL,318),(187,184,NULL,9,'QQConditionLogical',1,NULL,'0.3.12',NULL,NULL,NULL,318),(188,187,NULL,9,'QQConditionOr',0,NULL,'0.3.12',NULL,NULL,NULL,318),(189,187,NULL,9,'QQConditionAnd',0,NULL,'0.3.12',NULL,NULL,NULL,318),(190,184,NULL,9,'QQConditionNot',0,NULL,'0.3.12',NULL,NULL,NULL,318),(191,184,NULL,9,'QQConditionComparison',1,NULL,'0.3.12',NULL,NULL,NULL,318),(192,191,NULL,9,'QQConditionIsNull',0,NULL,'0.3.12',NULL,NULL,NULL,318),(193,191,NULL,9,'QQConditionIsNotNull',0,NULL,'0.3.12',NULL,NULL,NULL,318),(194,191,NULL,9,'QQConditionIn',0,NULL,'0.3.12',NULL,NULL,NULL,318),(195,191,NULL,9,'QQConditionLike',0,NULL,'0.3.12',NULL,NULL,NULL,318),(196,191,NULL,9,'QQConditionEqual',0,NULL,'0.3.12',NULL,NULL,NULL,318),(197,191,NULL,9,'QQConditionNotEqual',0,NULL,'0.3.12',NULL,NULL,NULL,318),(198,191,NULL,9,'QQConditionGreaterThan',0,NULL,'0.3.12',NULL,NULL,NULL,318),(199,191,NULL,9,'QQConditionLessThan',0,NULL,'0.3.12',NULL,NULL,NULL,318),(200,191,NULL,9,'QQConditionGreaterOrEqual',0,NULL,'0.3.12',NULL,NULL,NULL,318),(201,191,NULL,9,'QQConditionLessOrEqual',0,NULL,'0.3.12',NULL,NULL,NULL,318),(202,NULL,NULL,9,'QQ',0,NULL,'0.3.12',NULL,NULL,NULL,318),(203,30,NULL,9,'QQClause',1,NULL,'0.3.12',NULL,NULL,NULL,318),(204,203,NULL,9,'QQOrderBy',0,NULL,'0.3.12',NULL,NULL,NULL,318),(205,203,NULL,9,'QQDistinct',0,NULL,'0.3.12',NULL,NULL,NULL,318),(206,203,NULL,9,'QQLimitInfo',0,NULL,'0.3.12',NULL,NULL,NULL,318),(207,203,NULL,9,'QQExpand',0,NULL,'0.3.12',NULL,NULL,NULL,318),(208,203,NULL,9,'QQAggregationClause',1,NULL,'0.3.12',NULL,NULL,NULL,318),(209,208,NULL,9,'QQCount',0,NULL,'0.3.12',NULL,NULL,NULL,318),(210,208,NULL,9,'QQMinimum',0,NULL,'0.3.12',NULL,NULL,NULL,318),(211,208,NULL,9,'QQMaximum',0,NULL,'0.3.12',NULL,NULL,NULL,318),(212,208,NULL,9,'QQAverage',0,NULL,'0.3.12',NULL,NULL,NULL,318),(213,203,NULL,9,'QQExpandAsArray',0,NULL,'0.3.12',NULL,NULL,NULL,318),(214,203,NULL,9,'QQGroupBy',0,NULL,'0.3.12',NULL,NULL,NULL,318),(215,202,NULL,9,'QQuery',0,NULL,'0.3.12',NULL,NULL,NULL,318),(216,30,NULL,9,'QQueryBuilder',0,NULL,'0.3.12',NULL,NULL,NULL,318),(217,23,NULL,11,'QInvalidCastException',0,NULL,'0.3.12',NULL,'The exception that is thrown by QType::Cast() if an invalid cast is performed.','The exception that is thrown by QType::Cast() if an invalid cast is performed. QInvalidCastException derives from QCallerException, and therefore should be handled similar to how QCallerExceptions are handled (e.g. IncrementOffset should be called whenever an InvalidCastException is caught and rethrown). See QCallerException <http://api.qcodo.com/index.php/QCallerException> for additional information.',319),(218,NULL,NULL,2,'QType',1,NULL,'0.3.12',NULL,NULL,NULL,319),(219,229,NULL,2,'QDateTime',0,NULL,'0.3.12',NULL,NULL,NULL,320),(220,30,NULL,2,'QStack',0,NULL,'0.3.12',NULL,NULL,NULL,322),(221,30,NULL,10,'QEmailServer',1,NULL,'0.3.12',NULL,'This class can be used to send e-mail messages via any accessible SMTP server.','The <b>QEmailServer</b> (and its dependent <b>QEmailMessage</b> class) allows the application to send messages via any accessible SMTP server. The <b>QEmailServer</b> class is an abstract class and <b>is not meant to be instantiated</b>. It has one public static method, <i>Send</i>, which takes in a QEmailMessage object. \r\n\r\nObviously, many PHP developers will be familiar with the PHP <i>mail()</i> function, which internally makes a shell call to <i>sendmail</i>.  But note that for many reasons (including security, maintenance and deployability), <b>QEmailServer does not use PHP\'s <i>mail()</i> nor does it use <i>sendmail</i></b>.\r\n\r\n<b>QEmailServer</b> is an abstract class that only has static variables (which define the location of the SMTP server, other preferences, etc) and a single static	<i>Send</i> method. The <i>Send</i> method takes in a <b>QEmailMessage</b> object.\r\n\r\nThe <b>QEmailMessage</b> object contains the relavent email addresses (e.g. From, To, Cc and Bcc), as well as the subject and body.  Note that the body can be in either plain text, HTML or both.  Qcodo will automatically handle the multipart message encoding for you.\r\n\r\nFinally, note that for development environments that do not have ready access to an SMTP server, the <b>QEmailServer</b> can be set to <i>TestMode</i>, where communication between the application and the SMTP server will be written to disk instead of an SMTP socket.  This allows developers to develop and test email capability without actually sending out any emails.\r\n\r\nSome examples of use:\r\n\r\n<code>\r\n// We want to define our email SMTP server (it defaults to \'localhost\')\r\n// This would typically be done in prepend.inc, and its value should probably be a constant\r\n// that is defined in _configuration.inc\r\n\r\nQEmailServer::$SmtpServer = \'mx.acme.com\';\r\n\r\n$objMessage = new QEmailMessage();\r\n// set message properties like to, from, subject, body\r\n\r\nQEmailServer::Send($objMessage);\r\n\r\n// or do it all on one line\r\n\r\nQEmailServer::Send(new QEmailMessage(\'reporting@acme.com\', \'jdoe@acme.com\', \'Alerts Received!\', $strBody));\r\n</code>',323),(222,23,NULL,10,'QEmailException',0,NULL,'0.3.12',NULL,'This exception is thrown to indicate errors from QEmailServer and sending e-mail.','This exception is thrown to indicate errors from QEmailServer and sending e-mail.',323),(223,30,NULL,10,'QEmailMessage',0,NULL,'0.3.12',NULL,'This class represents an e-mail message.','This class represents an e-mail message with typical properties and header information.\r\n\r\nThe <b>QEmailMessage</b> object contains the relevent email addresses (e.g. From, To, Cc and Bcc), as well as the subject and body.  Note that the body can be in either plain text, HTML or both.  Qcodo will automatically handle the multipart message encoding for you.\r\n\r\nIn addition, <b>QEmailMessage</b> supports an array of header key-value pairs.\r\n\r\nA very simple example:\r\n\r\n<code>\r\nQEmailServer::Send(new QEmailMessage(\'reports@acme.com\', \'jdoe@acme.com\', \'Alert!\', $strBody));\r\n</code>',323),(224,149,NULL,3,'QConvertNotation',1,NULL,'0.3.12',NULL,NULL,NULL,347),(225,78,NULL,5,'QCssClassAction',0,NULL,'0.3.14',NULL,'','',192),(226,8,NULL,4,'QControlProxy',0,NULL,'0.3.14',NULL,'','',405),(227,30,NULL,2,'QDateTimeSpan',0,NULL,'0.3.14',NULL,'','',406),(228,23,NULL,11,'QDateTimeNullException',0,NULL,'0.3.14',NULL,'This exception is thrown whenever an attempt is made to set a partial time (e.g. the \"Hour\", \"Minute\" or \"Second\" property) when the QDateTime object has a null time value, or whenever an attempt is made to set a partial date (e.g. the \"Year\", \"Month\" or \"Day\" property) when the QDateTime object has a null date value.','',320),(229,NULL,NULL,1,'DateTime',NULL,NULL,'0.3.14',NULL,NULL,NULL,NULL),(230,78,NULL,5,'QShowDialogBox',0,NULL,'0.3.18',NULL,'','',192),(231,78,NULL,5,'QHideDialogBox',0,NULL,'0.3.18',NULL,'','',192),(232,21,NULL,4,'QDialogBox',0,NULL,'0.3.18',NULL,'','',412),(233,8,NULL,4,'QImageControlBase',1,NULL,'0.3.22',NULL,'','',426),(234,233,NULL,4,'QImageControl',0,NULL,'0.3.22',NULL,'','',421),(235,21,NULL,4,'QFileAssetBase',0,NULL,'0.3.22',NULL,'','',424),(236,235,NULL,4,'QFileAsset',0,NULL,'0.3.22',NULL,'','',422),(237,NULL,NULL,7,'QFileAssetType',1,NULL,'0.3.22',NULL,'A QForm enumeration representing file types.','A QForm enumeration representing file types, such as Image or Pdf.',190),(238,232,NULL,4,'QFileAssetDialog',0,NULL,'0.3.22',NULL,'This control is NOT intended to be used on its own, but is intended to only be used by the QFileAsset control.','',425),(239,8,NULL,4,'QImageBase',1,NULL,'0.3.25',NULL,'','',435),(240,191,NULL,9,'QQConditionNotIn',0,NULL,'0.3.26',NULL,'','',318),(241,191,NULL,9,'QQConditionNotLike',0,NULL,'0.3.26',NULL,'','',318),(242,191,NULL,9,'QQConditionBetween',0,NULL,'0.3.26',NULL,'','',318),(243,191,NULL,9,'QQConditionNotBetween',0,NULL,'0.3.26',NULL,'','',318),(244,30,NULL,10,'QEmailAttachment',0,NULL,'0.3.26',NULL,'','',323),(245,NULL,NULL,10,'QMimeType',1,NULL,'0.3.26',NULL,'','',437),(246,208,NULL,9,'QQSum',0,NULL,'0.3.29',NULL,'','',318),(247,8,NULL,4,'QImageRollover',0,NULL,'0.3.33',NULL,'','',439),(248,NULL,NULL,7,'QMetaControlCreateType',1,NULL,'0.3.33',NULL,'','',190),(249,NULL,NULL,7,'QMetaControlArgumentType',1,NULL,'0.3.33',NULL,'','',190),(250,16,NULL,4,'QDateTimeTextBox',0,NULL,'0.3.34',NULL,'','',516),(251,78,NULL,5,'QSelectControlAction',0,NULL,'0.3.34',NULL,'','',192),(252,180,NULL,1,'QQSubQueryNode',1,NULL,'0.3.38',NULL,NULL,NULL,318),(253,252,NULL,1,'QQSubQueryCountNode',0,NULL,'0.3.38',NULL,NULL,NULL,318),(254,252,NULL,1,'QQSubQuerySqlNode',0,NULL,'0.3.38',NULL,NULL,NULL,318),(255,180,NULL,1,'QQVirtualNode',0,NULL,'0.3.38',NULL,NULL,NULL,318),(256,203,NULL,1,'QQExpandVirtualNode',0,NULL,'0.3.38',NULL,NULL,NULL,318),(257,216,NULL,1,'QPartialQueryBuilder',0,NULL,'0.3.38',NULL,NULL,NULL,318),(258,8,NULL,1,'QSampleControl',0,NULL,'0.3.39',NULL,NULL,NULL,544),(259,78,NULL,1,'QBlurControlAction',0,NULL,'0.3.39',NULL,NULL,NULL,192),(260,78,NULL,1,'QShowCalendarAction',0,NULL,'0.3.39',NULL,NULL,NULL,192),(261,78,NULL,1,'QHideCalendarAction',0,NULL,'0.3.39',NULL,NULL,NULL,192),(262,8,NULL,1,'QCalendarPopup',0,NULL,'0.3.39',NULL,NULL,NULL,545),(263,30,NULL,1,'QLexer',0,NULL,'0.3.39',NULL,NULL,NULL,546),(264,30,NULL,1,'QRegex',0,NULL,'0.3.39',NULL,NULL,NULL,547);
UNLOCK TABLES;
/*!40000 ALTER TABLE `qcodo_class` ENABLE KEYS */;

--
-- Table structure for table `qcodo_constant`
--

DROP TABLE IF EXISTS `qcodo_constant`;
CREATE TABLE `qcodo_constant` (
  `id` int(10) unsigned NOT NULL auto_increment,
  `qcodo_class_id` int(10) unsigned default NULL,
  `variable_id` int(10) unsigned NOT NULL default '0',
  `file_id` int(10) unsigned default NULL,
  PRIMARY KEY  (`id`),
  UNIQUE KEY `variable_id` (`variable_id`),
  KEY `qcodo_constant_qcodo_class_id_idx` (`qcodo_class_id`),
  KEY `qcodo_constant_variable_id_idx` (`variable_id`),
  KEY `qcodo_constant_file_id_idx` (`file_id`)
) ENGINE=MyISAM DEFAULT CHARSET=latin1;

--
-- Dumping data for table `qcodo_constant`
--


/*!40000 ALTER TABLE `qcodo_constant` DISABLE KEYS */;
LOCK TABLES `qcodo_constant` WRITE;
INSERT INTO `qcodo_constant` VALUES (1,NULL,2,161),(2,NULL,3,161),(3,NULL,4,161),(4,NULL,5,161),(5,NULL,6,161),(6,NULL,7,161),(7,NULL,8,161),(8,NULL,9,161),(9,NULL,10,161),(10,NULL,11,161),(11,NULL,12,161),(12,NULL,13,161),(13,NULL,14,161),(14,NULL,15,161),(15,NULL,16,161),(16,NULL,17,161),(17,NULL,18,161),(18,NULL,19,161),(19,NULL,20,161),(20,NULL,21,161),(21,NULL,22,161),(22,NULL,23,161),(23,NULL,24,161),(24,NULL,70,176),(25,22,75,178),(26,22,76,178),(27,22,77,178),(28,22,78,178),(29,22,79,178),(30,22,80,178),(31,22,81,178),(32,22,82,178),(33,22,83,178),(34,22,84,178),(35,57,265,190),(36,57,266,190),(37,57,267,190),(38,57,268,190),(39,57,269,190),(40,57,270,190),(41,57,271,190),(42,57,272,190),(43,57,273,190),(44,57,274,190),(45,58,275,190),(46,58,276,190),(47,58,277,190),(48,58,278,190),(49,59,279,190),(50,59,280,190),(51,60,281,190),(52,60,282,190),(53,61,283,190),(54,61,284,190),(55,61,285,190),(56,61,286,190),(57,62,287,190),(58,62,288,190),(59,62,289,190),(60,63,290,190),(61,63,291,190),(62,63,292,190),(63,64,293,190),(64,64,294,190),(65,64,295,190),(66,64,296,190),(67,64,297,190),(68,65,298,190),(69,65,299,190),(70,65,300,190),(71,65,301,190),(72,66,302,190),(73,66,303,190),(74,66,304,190),(75,67,305,190),(76,67,306,190),(77,67,307,190),(78,67,308,190),(79,67,309,190),(80,68,310,190),(81,68,311,190),(82,68,312,190),(83,68,313,190),(84,68,314,190),(85,69,315,190),(86,69,316,190),(87,69,317,190),(88,70,318,190),(89,70,319,190),(90,70,320,190),(91,71,321,190),(92,71,322,190),(93,71,323,190),(94,72,324,190),(95,72,325,190),(96,72,326,190),(97,72,327,190),(98,73,328,190),(99,73,329,190),(100,74,330,190),(101,74,331,190),(102,74,332,190),(103,74,333,190),(104,74,334,190),(105,74,335,190),(106,74,336,190),(107,74,337,190),(108,74,338,190),(109,74,339,190),(110,74,340,190),(111,74,341,190),(112,74,342,190),(113,74,343,190),(114,74,344,190),(115,74,345,190),(116,74,346,190),(117,74,347,190),(118,75,348,190),(119,75,349,190),(120,75,350,190),(121,75,351,190),(122,75,352,190),(123,76,353,190),(124,76,354,190),(125,76,355,190),(126,76,356,190),(127,98,499,198),(128,98,500,198),(129,98,501,198),(130,98,502,198),(131,98,503,198),(132,98,504,198),(133,98,505,198),(134,11,651,204),(135,11,652,204),(136,11,653,204),(137,111,1003,190),(138,111,1004,190),(139,111,1005,190),(140,143,1224,242),(141,143,1225,242),(142,143,1226,242),(143,143,1227,242),(144,143,1228,242),(145,143,1229,242),(146,156,1521,309),(147,156,1522,309),(148,157,1523,309),(149,157,1524,309),(150,157,1525,309),(151,157,1526,309),(152,157,1527,309),(153,159,1528,310),(154,159,1529,310),(155,159,1530,310),(156,159,1531,310),(157,159,1532,310),(158,167,1690,313),(159,167,1691,313),(160,167,1692,313),(161,167,1693,313),(162,167,1694,313),(163,167,1695,313),(164,167,1696,313),(165,167,1697,313),(166,167,1698,313),(167,169,1709,315),(168,169,1710,315),(169,169,1711,315),(170,169,1712,315),(171,169,1713,315),(172,183,1904,318),(173,218,2038,319),(174,218,2039,319),(175,218,2040,319),(176,218,2041,319),(177,218,2042,319),(178,218,2043,319),(179,218,2044,319),(180,218,2045,319),(181,219,2057,320),(182,219,2058,320),(183,219,2059,320),(184,219,2060,320),(185,219,2061,320),(186,219,2062,320),(187,219,2063,320),(188,219,2064,320),(189,219,2065,320),(190,219,2066,320),(191,157,2286,309),(192,157,2287,309),(193,157,2288,309),(194,157,2289,309),(195,157,2290,309),(196,157,2291,309),(197,157,2292,309),(198,157,2293,309),(199,237,2368,190),(200,237,2369,190),(201,116,2424,235),(202,115,2426,236),(203,128,2427,237),(204,133,2428,238),(205,138,2429,239),(206,227,2432,406),(207,227,2433,406),(208,227,2434,406),(209,227,2435,406),(210,227,2436,406),(211,121,2438,313),(212,NULL,2531,161),(213,237,2534,190),(214,245,2635,437),(215,245,2636,437),(216,245,2637,437),(217,245,2638,437),(218,245,2639,437),(219,245,2640,437),(220,245,2641,437),(221,245,2642,437),(222,245,2643,437),(223,245,2644,437),(224,245,2645,437),(225,245,2646,437),(226,245,2647,437),(227,245,2648,437),(228,245,2649,437),(229,245,2650,437),(230,245,2651,437),(231,NULL,2753,161),(232,248,2772,190),(233,248,2773,190),(234,248,2774,190),(235,249,2775,190),(236,249,2776,190),(237,249,2777,190),(238,36,2824,189),(239,37,2825,189),(240,38,2826,189),(241,39,2827,189),(242,40,2828,189),(243,41,2829,189),(244,42,2830,189),(245,43,2831,189),(246,44,2832,189),(247,45,2833,189),(248,46,2834,189),(249,47,2835,189),(250,48,2836,189),(251,49,2837,189),(252,50,2838,189),(253,51,2839,189),(254,52,2840,189),(255,NULL,2942,161),(256,263,3044,546),(257,263,3045,546),(258,264,3065,547),(259,NULL,3125,161),(260,111,3126,190);
UNLOCK TABLES;
/*!40000 ALTER TABLE `qcodo_constant` ENABLE KEYS */;

--
-- Table structure for table `qcodo_interface`
--

DROP TABLE IF EXISTS `qcodo_interface`;
CREATE TABLE `qcodo_interface` (
  `id` int(10) unsigned NOT NULL auto_increment,
  `parent_qcodo_interface_id` int(10) unsigned default NULL,
  `class_group_id` int(10) unsigned default NULL,
  `name` varchar(100) NOT NULL default '',
  `first_version` varchar(40) default NULL,
  `last_version` varchar(40) default NULL,
  `short_description` text,
  `extended_description` text,
  `file_id` int(10) unsigned default NULL,
  PRIMARY KEY  (`id`),
  UNIQUE KEY `name` (`name`),
  KEY `qcodo_interface_parent_qcodo_interface_id_idx` (`parent_qcodo_interface_id`),
  KEY `qcodo_interface_class_group_id_idx` (`class_group_id`),
  KEY `qcodo_interface_file_id_idx` (`file_id`)
) ENGINE=MyISAM DEFAULT CHARSET=latin1;

--
-- Dumping data for table `qcodo_interface`
--


/*!40000 ALTER TABLE `qcodo_interface` DISABLE KEYS */;
LOCK TABLES `qcodo_interface` WRITE;
UNLOCK TABLES;
/*!40000 ALTER TABLE `qcodo_interface` ENABLE KEYS */;

--
-- Table structure for table `variable`
--

DROP TABLE IF EXISTS `variable`;
CREATE TABLE `variable` (
  `id` int(10) unsigned NOT NULL auto_increment,
  `name` varchar(100) default NULL,
  `variable_type_id` int(10) unsigned NOT NULL default '0',
  `object_type_id` int(10) unsigned default NULL,
  `array_flag` tinyint(1) default NULL,
  `default_value` varchar(200) default NULL,
  `first_version` varchar(40) default NULL,
  `last_version` varchar(40) default NULL,
  `short_description` text,
  `extended_description` text,
  PRIMARY KEY  (`id`),
  KEY `variable_type_id_idx` (`variable_type_id`),
  KEY `variable_object_type_id_idx` (`object_type_id`)
) ENGINE=MyISAM DEFAULT CHARSET=latin1;

--
-- Dumping data for table `variable`
--


/*!40000 ALTER TABLE `variable` DISABLE KEYS */;
LOCK TABLES `variable` WRITE;
INSERT INTO `variable` VALUES (1,'strClassName',2,NULL,NULL,NULL,'0.3.12',NULL,NULL,NULL),(2,'\'SERVER_INSTANCE\'',2,NULL,NULL,'\'dev\'','0.3.12',NULL,NULL,NULL),(3,'\'ALLOW_REMOTE_ADMIN\'',2,NULL,NULL,'false','0.3.12',NULL,NULL,NULL),(4,'\'__DOCROOT__\'',2,NULL,NULL,'\'/var/www/qcodo/wwwroot\'','0.3.12',NULL,NULL,NULL),(5,'\'__VIRTUAL_DIRECTORY__\'',2,NULL,NULL,'\'\'','0.3.12',NULL,NULL,NULL),(6,'\'__SUBDIRECTORY__\'',2,NULL,NULL,'\'\'','0.3.12',NULL,NULL,NULL),(7,'\'__DEVTOOLS_CLI__\'',2,NULL,NULL,'__DOCROOT____SUBDIRECTORY__\'/../_devtools_cli\'','0.3.12',NULL,NULL,NULL),(8,'\'__INCLUDES__\'',2,NULL,NULL,'__DOCROOT____SUBDIRECTORY__\'/includes\'','0.3.12',NULL,NULL,NULL),(9,'\'__QCODO__\'',2,NULL,NULL,'__INCLUDES__\'/qcodo\'','0.3.12',NULL,NULL,NULL),(10,'\'__QCODO_CORE__\'',2,NULL,NULL,'__INCLUDES__\'/qcodo/_core\'','0.3.12',NULL,NULL,NULL),(11,'\'__DATA_CLASSES__\'',2,NULL,NULL,'__INCLUDES__\'/data_classes\'','0.3.12',NULL,NULL,NULL),(12,'\'__DATAGEN_CLASSES__\'',2,NULL,NULL,'__INCLUDES__\'/data_classes/generated\'','0.3.12',NULL,NULL,NULL),(13,'\'__FORMBASE_CLASSES__\'',2,NULL,NULL,'__INCLUDES__\'/formbase_classes_generated\'','0.3.12',NULL,NULL,NULL),(14,'\'__PANELBASE_CLASSES__\'',2,NULL,NULL,'__INCLUDES__\'/panelbase_classes_generated\'','0.3.12',NULL,NULL,NULL),(15,'\'__DEVTOOLS__\'',2,NULL,NULL,'__SUBDIRECTORY__\'/_devtools\'','0.3.12',NULL,NULL,NULL),(16,'\'__FORM_DRAFTS__\'',2,NULL,NULL,'__SUBDIRECTORY__\'/drafts\'','0.3.12',NULL,NULL,NULL),(17,'\'__PANEL_DRAFTS__\'',2,NULL,NULL,'__SUBDIRECTORY__\'/drafts/dashboard\'','0.3.12',NULL,NULL,NULL),(18,'\'__EXAMPLES__\'',2,NULL,NULL,'__SUBDIRECTORY__\'/examples\'','0.3.12',NULL,NULL,NULL),(19,'\'__JS_ASSETS__\'',2,NULL,NULL,'__SUBDIRECTORY__\'/assets/js\'','0.3.12',NULL,NULL,NULL),(20,'\'__CSS_ASSETS__\'',2,NULL,NULL,'__SUBDIRECTORY__\'/assets/css\'','0.3.12',NULL,NULL,NULL),(21,'\'__IMAGE_ASSETS__\'',2,NULL,NULL,'__SUBDIRECTORY__\'/assets/images\'','0.3.12',NULL,NULL,NULL),(22,'\'__PHP_ASSETS__\'',2,NULL,NULL,'__SUBDIRECTORY__\'/assets/php\'','0.3.12',NULL,NULL,NULL),(23,'\'DB_CONNECTION_1\'',2,NULL,NULL,'serializearray\'adapter\'=>\'MySqli5\'\'server\'=>\'localhost\'\'port\'=>null\'database\'=>\'qcodo\'\'username\'=>\'root\'\'password\'=>\'\'\'profiling\'=>false','0.3.12',NULL,NULL,NULL),(24,'\'ERROR_PAGE_PATH\'',2,NULL,NULL,'__PHP_ASSETS__\'/_core/error_page.php\'','0.3.12',NULL,NULL,NULL),(25,'objParentObject',9,NULL,NULL,NULL,'0.3.12',NULL,NULL,NULL),(26,'strControlId',2,NULL,NULL,'null','0.3.12',NULL,NULL,NULL),(27,'intIndexCount',3,NULL,NULL,'10','0.3.12',NULL,NULL,NULL),(28,'strInactiveStepCssClass',2,NULL,NULL,'\'paginator_inactive_step\'','0.3.12','0.3.43',NULL,NULL),(29,'strActiveStepCssClass',2,NULL,NULL,'\'paginator_active_step\'','0.3.12','0.3.43',NULL,NULL),(30,'strPageCssClass',2,NULL,NULL,'\'paginator_page\'','0.3.12','0.3.43',NULL,NULL),(31,'strSelectedPageCssClass',2,NULL,NULL,'\'paginator_selected_page\'','0.3.12','0.3.43',NULL,NULL),(32,'strLabelForPrevious',2,NULL,NULL,NULL,'0.3.12',NULL,NULL,NULL),(33,'strLabelForNext',2,NULL,NULL,NULL,'0.3.12',NULL,NULL,NULL),(34,'objParentObject',9,NULL,NULL,NULL,'0.3.12',NULL,NULL,NULL),(35,'strControlId',2,NULL,NULL,'null','0.3.12',NULL,NULL,NULL),(36,'IndexCount',3,NULL,NULL,'10','0.3.12',NULL,NULL,NULL),(37,'InactiveStepCssClass',2,NULL,NULL,'\'paginator_inactive_step\'','0.3.12','0.3.43',NULL,NULL),(38,'ActiveStepCssClass',2,NULL,NULL,'\'paginator_active_step\'','0.3.12','0.3.43',NULL,NULL),(39,'PageCssClass',2,NULL,NULL,'\'paginator_page\'','0.3.12','0.3.43',NULL,NULL),(40,'SelectedPageCssClass',2,NULL,NULL,'\'paginator_selected_page\'','0.3.12','0.3.43',NULL,NULL),(41,'LabelForNext',2,NULL,NULL,NULL,'0.3.12',NULL,NULL,NULL),(42,'LabelForPrevious',2,NULL,NULL,NULL,'0.3.12',NULL,NULL,NULL),(43,'blnDisplayOutput',5,NULL,NULL,'true','0.3.12',NULL,NULL,NULL),(44,'strCssClass',2,NULL,NULL,'\'button\'','0.3.12',NULL,NULL,NULL),(45,'EncryptionKey',2,NULL,0,'null','0.3.12',NULL,'The encryption key to use for encrypting formstate.',''),(46,'FormStateHandler',2,NULL,0,'\'QFormStateHandler\'','0.3.12',NULL,'The classname of the formstate handler to use.',''),(47,'strCssClass',2,NULL,NULL,'\'listbox\'','0.3.12',NULL,NULL,NULL),(48,'strCssClass',2,NULL,NULL,'\'textbox\'','0.3.12',NULL,NULL,NULL),(49,'strCacheFolder',2,NULL,NULL,'null','0.3.12',NULL,NULL,NULL),(50,'Label',1,NULL,NULL,NULL,'0.3.12',NULL,NULL,NULL),(51,'Contents',1,NULL,NULL,NULL,'0.3.12',NULL,NULL,NULL),(52,'MultiLine',1,NULL,NULL,NULL,'0.3.12',NULL,NULL,NULL),(53,'strLabel',2,NULL,NULL,NULL,'0.3.12',NULL,NULL,NULL),(54,'strContents',2,NULL,NULL,NULL,'0.3.12',NULL,NULL,NULL),(55,'blnMultiLine',5,NULL,NULL,NULL,'0.3.12',NULL,NULL,NULL),(56,'__exc_objException',1,NULL,NULL,NULL,'0.3.12',NULL,NULL,NULL),(57,'__exc_errno',1,NULL,NULL,NULL,'0.3.12',NULL,NULL,NULL),(58,'__exc_errstr',1,NULL,NULL,NULL,'0.3.12',NULL,NULL,NULL),(59,'__exc_errfile',1,NULL,NULL,NULL,'0.3.12',NULL,NULL,NULL),(60,'__exc_errline',1,NULL,NULL,NULL,'0.3.12',NULL,NULL,NULL),(61,'strData',2,NULL,NULL,NULL,'0.3.12',NULL,NULL,NULL),(62,'strClassName',2,NULL,NULL,NULL,'0.3.12',NULL,NULL,NULL),(63,'strBuffer',2,NULL,NULL,NULL,'0.3.12',NULL,NULL,NULL),(64,'strString',2,NULL,NULL,NULL,'0.3.12',NULL,NULL,NULL),(65,'blnHtmlEntities',5,NULL,NULL,'true','0.3.12',NULL,NULL,NULL),(66,'strString',2,NULL,NULL,NULL,'0.3.12',NULL,NULL,NULL),(67,'intNumber',3,NULL,NULL,NULL,'0.3.12',NULL,NULL,NULL),(68,'intNumber',3,NULL,NULL,NULL,'0.3.12',NULL,NULL,NULL),(69,'strString',2,NULL,NULL,NULL,'0.3.12',NULL,NULL,NULL),(70,'\'QCODO_VERSION\'',2,NULL,NULL,'\'0.3.43 (Qcodo Beta 3)\'','0.3.12',NULL,NULL,NULL),(71,'strTagName',2,NULL,NULL,'\'div\'','0.3.12',NULL,NULL,NULL),(72,'strDefaultDisplayStyle',2,NULL,NULL,'QDisplayStyle::Block','0.3.12',NULL,NULL,NULL),(73,'blnIsBlockElement',5,NULL,NULL,'true','0.3.12',NULL,NULL,NULL),(74,'blnHtmlEntities',5,NULL,NULL,'false','0.3.12',NULL,NULL,NULL),(75,'Arial',2,NULL,0,'\'Arial, Helvetica, sans-serif\'','0.3.12',NULL,'arial, helvetica, sans-serif',''),(76,'Helvetica',2,NULL,0,'\'Helvetica, Arial, sans-serif\'','0.3.12',NULL,'helvetica, arial, sans-serf',''),(77,'Tahoma',2,NULL,0,'\'Tahoma, Arial, Helvetica, sans-serif\'','0.3.12',NULL,'tahoma, arial, helvetica, sans-serif',''),(78,'TrebuchetMs',2,NULL,0,'\"\'Trebuchet MS\', Arial, Helvetica, sans-serif\"','0.3.12',NULL,'trebuchet ms, arial, helvetica, sans-serif',''),(79,'Verdana',2,NULL,0,'\'Verdana, Arial, Helvetica, sans-serif\'','0.3.12',NULL,'verdana, arial, helvetica, sans-serif',''),(80,'TimesNewRoman',2,NULL,0,'\"\'Times New Roman\', Times, serif\"','0.3.12',NULL,'times new roman, times, serif',''),(81,'Georgia',2,NULL,0,'\"Georgia, \'Times New Roman\', Times, serif\"','0.3.12',NULL,'georgia, times new roman, times, serif',''),(82,'LucidaConsole',2,NULL,0,'\"\'Lucida Console\', \'Courier New\', Courier, monospaced\"','0.3.12',NULL,'lucida console, courier new, courier, monospaced',''),(83,'CourierNew',2,NULL,0,'\"\'Courier New\', Courier, monospaced\"','0.3.12',NULL,'courier new, courier, monospaced',''),(84,'Courier',2,NULL,0,'\'Courier, monospaced\'','0.3.12',NULL,'courier, monospaced',''),(85,'intColumns',3,NULL,NULL,'0','0.3.12',NULL,NULL,NULL),(86,'strText',2,NULL,NULL,'null','0.3.12',NULL,NULL,NULL),(87,'strLabelForRequired',2,NULL,NULL,NULL,'0.3.12',NULL,NULL,NULL),(88,'strLabelForRequiredUnnamed',2,NULL,NULL,NULL,'0.3.12',NULL,NULL,NULL),(89,'strLabelForTooShort',2,NULL,NULL,NULL,'0.3.12',NULL,NULL,NULL),(90,'strLabelForTooShortUnnamed',2,NULL,NULL,NULL,'0.3.12',NULL,NULL,NULL),(91,'strLabelForTooLong',2,NULL,NULL,NULL,'0.3.12',NULL,NULL,NULL),(92,'strLabelForTooLongUnnamed',2,NULL,NULL,NULL,'0.3.12',NULL,NULL,NULL),(93,'intMaxLength',3,NULL,NULL,'0','0.3.12',NULL,NULL,NULL),(94,'intMinLength',3,NULL,NULL,'0','0.3.12',NULL,NULL,NULL),(95,'blnReadOnly',5,NULL,NULL,'false','0.3.12',NULL,NULL,NULL),(96,'intRows',3,NULL,NULL,'0','0.3.12',NULL,NULL,NULL),(97,'strTextMode',2,NULL,NULL,'QTextMode::SingleLine','0.3.12',NULL,NULL,NULL),(98,'strCrossScripting',2,NULL,NULL,'QCrossScripting::Deny','0.3.12',NULL,NULL,NULL),(99,'blnWrap',5,NULL,NULL,'true','0.3.12',NULL,NULL,NULL),(100,'objParentObject',9,NULL,NULL,NULL,'0.3.12',NULL,NULL,NULL),(101,'strControlId',2,NULL,NULL,'null','0.3.12',NULL,NULL,NULL),(102,'blnIncludeCustom',5,NULL,NULL,'true','0.3.12',NULL,NULL,NULL),(103,'blnIncludeAction',5,NULL,NULL,'true','0.3.12',NULL,NULL,NULL),(104,'Columns',3,NULL,NULL,'0','0.3.12',NULL,NULL,NULL),(105,'Text',2,NULL,NULL,'null','0.3.12',NULL,NULL,NULL),(106,'LabelForRequired',2,NULL,NULL,NULL,'0.3.12',NULL,NULL,NULL),(107,'LabelForRequiredUnnamed',2,NULL,NULL,NULL,'0.3.12',NULL,NULL,NULL),(108,'LabelForTooShort',2,NULL,NULL,NULL,'0.3.12',NULL,NULL,NULL),(109,'LabelForTooShortUnnamed',2,NULL,NULL,NULL,'0.3.12',NULL,NULL,NULL),(110,'LabelForTooLong',2,NULL,NULL,NULL,'0.3.12',NULL,NULL,NULL),(111,'LabelForTooLongUnnamed',2,NULL,NULL,NULL,'0.3.12',NULL,NULL,NULL),(112,'CrossScripting',2,NULL,NULL,'QCrossScripting::Deny','0.3.12',NULL,NULL,NULL),(113,'MaxLength',3,NULL,NULL,'0','0.3.12',NULL,NULL,NULL),(114,'MinLength',3,NULL,NULL,'0','0.3.12',NULL,NULL,NULL),(115,'ReadOnly',5,NULL,NULL,'false','0.3.12',NULL,NULL,NULL),(116,'Rows',3,NULL,NULL,'0','0.3.12',NULL,NULL,NULL),(117,'TextMode',2,NULL,NULL,'QTextMode::SingleLine','0.3.12',NULL,NULL,NULL),(118,'Wrap',5,NULL,NULL,'true','0.3.12',NULL,NULL,NULL),(119,'strControlId',2,NULL,NULL,NULL,'0.3.12',NULL,NULL,NULL),(120,'strTemplate',2,NULL,NULL,'null','0.3.12',NULL,NULL,NULL),(121,'intCurrentItemIndex',3,NULL,NULL,'null','0.3.12',NULL,NULL,NULL),(122,'strTagName',2,NULL,NULL,'\'div\'','0.3.12',NULL,NULL,NULL),(123,'Template',2,NULL,NULL,'null','0.3.12',NULL,NULL,NULL),(124,'CurrentItemIndex',3,NULL,NULL,'null','0.3.12',NULL,NULL,NULL),(125,'TagName',2,NULL,NULL,'\'div\'','0.3.12',NULL,NULL,NULL),(126,'blnAllowSelf',5,NULL,NULL,NULL,'0.3.12',NULL,NULL,NULL),(127,'blnAllowSelfParent',5,NULL,NULL,NULL,'0.3.12',NULL,NULL,NULL),(128,'objForm',9,NULL,NULL,NULL,'0.3.12',NULL,NULL,NULL),(129,'strGroupingId',2,NULL,NULL,NULL,'0.3.12',NULL,NULL,NULL),(130,'blnAllowSelfParent',5,NULL,NULL,'false','0.3.12',NULL,NULL,NULL),(131,'blnAllowSelf',5,NULL,NULL,'false','0.3.12',NULL,NULL,NULL),(132,'dttDateTime',7,NULL,NULL,'null','0.3.12',NULL,NULL,NULL),(133,'strDateTimePickerType',2,NULL,NULL,'QDateTimePickerType::Date','0.3.12',NULL,NULL,NULL),(134,'strDateTimePickerFormat',2,NULL,NULL,'QDateTimePickerFormat::MonthDayYear','0.3.12',NULL,NULL,NULL),(135,'intMinimumYear',3,NULL,NULL,'1970','0.3.12',NULL,NULL,NULL),(136,'intMaximumYear',3,NULL,NULL,'2010','0.3.12',NULL,NULL,NULL),(137,'intSelectedMonth',3,NULL,NULL,'null','0.3.12',NULL,NULL,NULL),(138,'intSelectedDay',3,NULL,NULL,'null','0.3.12',NULL,NULL,NULL),(139,'intSelectedYear',3,NULL,NULL,'null','0.3.12',NULL,NULL,NULL),(140,'strJavaScripts',2,NULL,NULL,'\'_core/date_time_picker.js\'','0.3.12',NULL,NULL,NULL),(141,'DateTime',7,NULL,NULL,'null','0.3.12',NULL,NULL,NULL),(142,'DateTimePickerType',2,NULL,NULL,'QDateTimePickerType::Date','0.3.12',NULL,NULL,NULL),(143,'DateTimePickerFormat',2,NULL,NULL,'QDateTimePickerFormat::MonthDayYear','0.3.12',NULL,NULL,NULL),(144,'MinimumYear',3,NULL,NULL,'1970','0.3.12',NULL,NULL,NULL),(145,'MaximumYear',3,NULL,NULL,'2010','0.3.12',NULL,NULL,NULL),(146,'intItemsPerPage',3,NULL,NULL,'15','0.3.12',NULL,NULL,NULL),(147,'intPageNumber',3,NULL,NULL,'1','0.3.12',NULL,NULL,NULL),(148,'intTotalItemCount',3,NULL,NULL,'0','0.3.12',NULL,NULL,NULL),(149,'blnUseAjax',5,NULL,NULL,'false','0.3.12',NULL,NULL,NULL),(150,'objPaginatedControl',9,NULL,NULL,NULL,'0.3.12',NULL,NULL,NULL),(151,'blnIsBlockElement',5,NULL,NULL,'false','0.3.12',NULL,NULL,NULL),(152,'objParentObject',9,NULL,NULL,NULL,'0.3.12',NULL,NULL,NULL),(153,'strControlId',2,NULL,NULL,'null','0.3.12',NULL,NULL,NULL),(154,'strFormId',2,NULL,NULL,NULL,'0.3.12',NULL,NULL,NULL),(155,'strControlId',2,NULL,NULL,NULL,'0.3.12',NULL,NULL,NULL),(156,'strParameter',2,NULL,NULL,NULL,'0.3.12',NULL,NULL,NULL),(157,'objPaginatedControl',9,NULL,NULL,NULL,'0.3.12',NULL,NULL,NULL),(158,'ItemsPerPage',3,NULL,NULL,'15','0.3.12',NULL,NULL,NULL),(159,'PageNumber',3,NULL,NULL,'1','0.3.12',NULL,NULL,NULL),(160,'TotalItemCount',3,NULL,NULL,'0','0.3.12',NULL,NULL,NULL),(161,'UseAjax',5,NULL,NULL,'false','0.3.12',NULL,NULL,NULL),(162,'PageCount',1,NULL,NULL,NULL,'0.3.12',NULL,NULL,NULL),(163,'PaginatedControl',9,NULL,NULL,NULL,'0.3.12',NULL,NULL,NULL),(164,'strBackColor',2,NULL,NULL,'null','0.3.12',NULL,NULL,NULL),(165,'strBorderColor',2,NULL,NULL,'null','0.3.12',NULL,NULL,NULL),(166,'strBorderStyle',2,NULL,NULL,'QBorderStyle::NotSet','0.3.12',NULL,NULL,NULL),(167,'strBorderWidth',2,NULL,NULL,'null','0.3.12',NULL,NULL,NULL),(168,'strCssClass',2,NULL,NULL,'null','0.3.12',NULL,NULL,NULL),(169,'blnFontBold',5,NULL,NULL,'false','0.3.12',NULL,NULL,NULL),(170,'blnFontItalic',5,NULL,NULL,'false','0.3.12',NULL,NULL,NULL),(171,'strFontNames',2,NULL,NULL,'null','0.3.12',NULL,NULL,NULL),(172,'blnFontOverline',5,NULL,NULL,'false','0.3.12',NULL,NULL,NULL),(173,'strFontSize',2,NULL,NULL,'null','0.3.12',NULL,NULL,NULL),(174,'blnFontStrikeout',5,NULL,NULL,'false','0.3.12',NULL,NULL,NULL),(175,'blnFontUnderline',5,NULL,NULL,'false','0.3.12',NULL,NULL,NULL),(176,'strForeColor',2,NULL,NULL,'null','0.3.12',NULL,NULL,NULL),(177,'strHeight',2,NULL,NULL,'null','0.3.12',NULL,NULL,NULL),(178,'strWidth',2,NULL,NULL,'null','0.3.12',NULL,NULL,NULL),(179,'objOverrideStyle',9,NULL,NULL,NULL,'0.3.12',NULL,NULL,NULL),(180,'blnIncludeCustom',5,NULL,NULL,'true','0.3.12',NULL,NULL,NULL),(181,'blnIncludeAction',5,NULL,NULL,'true','0.3.12',NULL,NULL,NULL),(182,'BackColor',2,NULL,NULL,'null','0.3.12',NULL,NULL,NULL),(183,'BorderColor',2,NULL,NULL,'null','0.3.12',NULL,NULL,NULL),(184,'BorderStyle',2,NULL,NULL,'QBorderStyle::NotSet','0.3.12',NULL,NULL,NULL),(185,'BorderWidth',2,NULL,NULL,'null','0.3.12',NULL,NULL,NULL),(186,'CssClass',2,NULL,NULL,'null','0.3.12',NULL,NULL,NULL),(187,'FontBold',5,NULL,NULL,'false','0.3.12',NULL,NULL,NULL),(188,'FontItalic',5,NULL,NULL,'false','0.3.12',NULL,NULL,NULL),(189,'FontNames',2,NULL,NULL,'null','0.3.12',NULL,NULL,NULL),(190,'FontOverline',5,NULL,NULL,'false','0.3.12',NULL,NULL,NULL),(191,'FontSize',2,NULL,NULL,'null','0.3.12',NULL,NULL,NULL),(192,'FontStrikeout',5,NULL,NULL,'false','0.3.12',NULL,NULL,NULL),(193,'FontUnderline',5,NULL,NULL,'false','0.3.12',NULL,NULL,NULL),(194,'ForeColor',2,NULL,NULL,'null','0.3.12',NULL,NULL,NULL),(195,'Height',2,NULL,NULL,'null','0.3.12',NULL,NULL,NULL),(196,'Width',2,NULL,NULL,'null','0.3.12',NULL,NULL,NULL),(197,'strName',2,NULL,NULL,'null','0.3.12',NULL,NULL,NULL),(198,'strValue',2,NULL,NULL,'null','0.3.12',NULL,NULL,NULL),(199,'blnSelected',5,NULL,NULL,'false','0.3.12',NULL,NULL,NULL),(200,'strName',2,NULL,NULL,NULL,'0.3.12',NULL,NULL,NULL),(201,'strValue',2,NULL,NULL,NULL,'0.3.12',NULL,NULL,NULL),(202,'blnSelected',5,NULL,NULL,'false','0.3.12',NULL,NULL,NULL),(203,'Name',2,NULL,NULL,'null','0.3.12',NULL,NULL,NULL),(204,'Value',2,NULL,NULL,'null','0.3.12',NULL,NULL,NULL),(205,'Selected',5,NULL,NULL,'false','0.3.12',NULL,NULL,NULL),(206,'strGroupingId',2,NULL,NULL,NULL,'0.3.12',NULL,NULL,NULL),(207,'objControlArray',9,NULL,1,'array','0.3.12',NULL,NULL,NULL),(208,'blnModified',5,NULL,NULL,'false','0.3.12',NULL,NULL,NULL),(209,'objForm',9,NULL,NULL,NULL,'0.3.12',NULL,NULL,NULL),(210,'strGroupingId',2,NULL,NULL,NULL,'0.3.12',NULL,NULL,NULL),(211,'objControl',9,NULL,NULL,NULL,'0.3.12',NULL,NULL,NULL),(212,'strControlId',2,NULL,NULL,NULL,'0.3.12',NULL,NULL,NULL),(213,'GroupingId',2,NULL,NULL,NULL,'0.3.12',NULL,NULL,NULL),(214,'Modified',5,NULL,NULL,'false','0.3.12',NULL,NULL,NULL),(215,'fltMaximum',4,NULL,NULL,'null','0.3.12',NULL,NULL,NULL),(216,'fltMinimum',4,NULL,NULL,'null','0.3.12',NULL,NULL,NULL),(217,'strLabelForInvalid',2,NULL,NULL,NULL,'0.3.12',NULL,NULL,NULL),(218,'strLabelForLess',2,NULL,NULL,NULL,'0.3.12',NULL,NULL,NULL),(219,'strLabelForGreater',2,NULL,NULL,NULL,'0.3.12',NULL,NULL,NULL),(220,'objParentObject',9,NULL,NULL,NULL,'0.3.12',NULL,NULL,NULL),(221,'strControlId',2,NULL,NULL,'null','0.3.12',NULL,NULL,NULL),(222,'Maximum',4,NULL,NULL,'null','0.3.12',NULL,NULL,NULL),(223,'Minimum',4,NULL,NULL,'null','0.3.12',NULL,NULL,NULL),(224,'LabelForInvalid',2,NULL,NULL,NULL,'0.3.12',NULL,NULL,NULL),(225,'LabelForGreater',2,NULL,NULL,NULL,'0.3.12',NULL,NULL,NULL),(226,'LabelForLess',2,NULL,NULL,NULL,'0.3.12',NULL,NULL,NULL),(227,'strFileName',2,NULL,NULL,'null','0.3.12',NULL,NULL,NULL),(228,'strType',2,NULL,NULL,'null','0.3.12',NULL,NULL,NULL),(229,'intSize',3,NULL,NULL,'null','0.3.12',NULL,NULL,NULL),(230,'strFile',2,NULL,NULL,'null','0.3.12',NULL,NULL,NULL),(231,'strFormAttributes',2,NULL,NULL,'array \'enctype\'=>\'multipart/form-data\'','0.3.12',NULL,NULL,NULL),(232,'FileName',2,NULL,NULL,'null','0.3.12',NULL,NULL,NULL),(233,'Type',2,NULL,NULL,'null','0.3.12',NULL,NULL,NULL),(234,'Size',3,NULL,NULL,'null','0.3.12',NULL,NULL,NULL),(235,'File',2,NULL,NULL,'null','0.3.12',NULL,NULL,NULL),(236,'strJavaScriptEvent',2,NULL,0,NULL,'0.3.12',NULL,'The Javascript event handler name, eg \'onfocus\'.',''),(237,'strCondition',2,NULL,0,'null','0.3.12',NULL,'The (Javascript) condition that needs to be met for this event to fire.',''),(238,'intDelay',3,NULL,0,'0','0.3.12',NULL,'Event delay in milliseconds.',''),(239,'intDelay',3,NULL,0,'0','0.3.12',NULL,'Event delay in milliseconds.',''),(240,'strCondition',2,NULL,0,'null','0.3.12',NULL,'An optional event condition (as Javascript string).',''),(241,'JavaScriptEvent',2,NULL,0,NULL,'0.3.12',NULL,'The Javascript event handler name, eg \'onfocus\'.',''),(242,'Condition',2,NULL,0,'null','0.3.12',NULL,'The (Javascript) condition that needs to be met for this event to fire.',''),(243,'Delay',3,NULL,0,'0','0.3.12',NULL,'Event delay in milliseconds.',''),(244,'strJavaScriptEvent',2,NULL,0,'\'onblur\'','0.3.12',NULL,'The javascript event handler name.',''),(245,'strJavaScriptEvent',2,NULL,0,'\'onchange\'','0.3.12',NULL,'The javascript event handler name.',''),(246,'strJavaScriptEvent',2,NULL,0,'\'onclick\'','0.3.12',NULL,'The javascript event handler name.',''),(247,'strJavaScriptEvent',2,NULL,0,'\'ondblclick\'','0.3.12',NULL,'The javascript event handler name',''),(248,'strJavaScriptEvent',2,NULL,0,'\'ondragdrop\'','0.3.12',NULL,'The javascript event handler name',''),(249,'strJavaScriptEvent',2,NULL,0,'\'onfocus\'','0.3.12',NULL,'The (Javascript) condition that needs to be met for this event to fire.',''),(250,'strJavaScriptEvent',2,NULL,0,'\'onkeydown\'','0.3.12',NULL,'The javascript event handler name.',''),(251,'strJavaScriptEvent',2,NULL,0,'\'onkeypress\'','0.3.12',NULL,'The javascript event handler name.',''),(252,'strJavaScriptEvent',2,NULL,0,'\'onkeyup\'','0.3.12',NULL,'The javascript event handler name.',''),(253,'strJavaScriptEvent',2,NULL,0,'\'onmousedown\'','0.3.12',NULL,'The javascript event handler name.',''),(254,'strJavaScriptEvent',2,NULL,0,'\'onmousemove\'','0.3.12',NULL,'The javascript event handler name.',''),(255,'strJavaScriptEvent',2,NULL,0,'\'onmouseout\'','0.3.12',NULL,'The javascript event handler name.',''),(256,'strJavaScriptEvent',2,NULL,0,'\'onmouseover\'','0.3.12',NULL,'The javascript event handler name.',''),(257,'strJavaScriptEvent',2,NULL,0,'\'onmouseup\'','0.3.12',NULL,'The javascript event handler name.',''),(258,'strJavaScriptEvent',2,NULL,0,'\'onqcodomove\'','0.3.12',NULL,'The javascript event handler name.',''),(259,'strJavaScriptEvent',2,NULL,0,'\'onqcodoresize\'','0.3.12',NULL,'The javascript event handler name.',''),(260,'strJavaScriptEvent',2,NULL,0,'\'onselect\'','0.3.12',NULL,'The javascript event handler name.',''),(261,'strCondition',2,NULL,0,'\'event.keyCode == 27\'','0.3.12',NULL,'The (Javascript) condition that needs to be met for this event to fire.',''),(262,'strCondition',2,NULL,0,'\'event.keyCode == 38\'','0.3.12',NULL,'The (Javascript) condition that needs to be met for this event to fire.',''),(263,'strCondition',2,NULL,0,'\'event.keyCode == 40\'','0.3.12',NULL,'The (Javascript) condition that needs to be met for this event to fire.',''),(264,'strCondition',2,NULL,0,'\'event.keyCode == 13\'','0.3.12',NULL,'The (Javascript) condition that needs to be met for this event to fire.',''),(265,'NotSet',2,NULL,0,'\'NotSet\'','0.3.12',NULL,'Represents an unset border-style property.',''),(266,'None',2,NULL,0,'\'none\'','0.3.12',NULL,'Alludes to border-style: none.',''),(267,'Dotted',2,NULL,0,'\'dotted\'','0.3.12',NULL,'Alludes to border-style: dotted.',''),(268,'Dashed',2,NULL,0,'\'dashed\'','0.3.12',NULL,'Alludes to border-style: dashed.',''),(269,'Solid',2,NULL,0,'\'solid\'','0.3.12',NULL,'Alludes to border-style: solid.',''),(270,'Double',2,NULL,0,'\'double\'','0.3.12',NULL,'Alludes to border-style: double.',''),(271,'Groove',2,NULL,0,'\'groove\'','0.3.12',NULL,'Alludes to border-style: groove.',''),(272,'Ridge',2,NULL,0,'\'ridge\'','0.3.12',NULL,'Alludes to border-style: ridge.',''),(273,'Inset',2,NULL,0,'\'inset\'','0.3.12',NULL,'Alludes to border-style: inset.',''),(274,'Outset',2,NULL,0,'\'outset\'','0.3.12',NULL,'Alludes to border-style: outset.',''),(275,'None',2,NULL,0,'\'none\'','0.3.12',NULL,'Alludes to display: none.',''),(276,'Block',2,NULL,0,'\'block\'','0.3.12',NULL,'Alludes to display: block.',''),(277,'Inline',2,NULL,0,'\'inline\'','0.3.12',NULL,'Alludes to display: inline.',''),(278,'NotSet',2,NULL,0,'\'NotSet\'','0.3.12',NULL,'Indicates an unset display style.',''),(279,'Left',2,NULL,0,'\'left\'','0.3.12',NULL,'Alludes to \'text-align: left\'.',''),(280,'Right',2,NULL,0,'\'right\'','0.3.12',NULL,'Alludes to \'text-align: right\'.',''),(281,'Horizontal',2,NULL,0,'\'Horizontal\'','0.3.12',NULL,'Expresses a horizontal direction.',''),(282,'Vertical',2,NULL,0,'\'Vertical\'','0.3.12',NULL,'Expresses a vertical direction.',''),(283,'None',2,NULL,0,'\'none\'','0.3.12',NULL,'Alludes to rules=\"none\"',''),(284,'Horizontal',2,NULL,0,'\'horizontal\'','0.3.12',NULL,'Alludes to rules=\"rows\". Rules will appear between rows only.',''),(285,'Vertical',2,NULL,0,'\'vertical\'','0.3.12',NULL,'Alludes to rules=\"cols\". Rules will appear between columns only.',''),(286,'Both',2,NULL,0,'\'both\'','0.3.12',NULL,'Alludes to rules=\"all\". Rules will appear between all rows and columns.',''),(287,'Single',2,NULL,0,'\'Single\'','0.3.12',NULL,'Alludes to not declaring multiple=\"multiple\" (the default).',''),(288,'Multiple',2,NULL,0,'\'Multiple\'','0.3.12',NULL,'Alludes to multiple=\"multiple\".',''),(289,'None',2,NULL,0,'\'None\'','0.3.12',NULL,'An unset selection mode.',''),(290,'SingleLine',2,NULL,0,'\'SingleLine\'','0.3.12',NULL,'Single-line text input.',''),(291,'MultiLine',2,NULL,0,'\'MultiLine\'','0.3.12',NULL,'Multi-line text input, like a textarea.',''),(292,'Password',2,NULL,0,'\'Password\'','0.3.12',NULL,'Password-style input (text is obfuscated).',''),(293,'NotSet',2,NULL,0,'\'NotSet\'','0.3.12',NULL,'Specifies an unset alignment.',''),(294,'Left',2,NULL,0,'\'left\'','0.3.12',NULL,'Expresses left alignment.',''),(295,'Center',2,NULL,0,'\'center\'','0.3.12',NULL,'Expresses centered alignment.',''),(296,'Right',2,NULL,0,'\'right\'','0.3.12',NULL,'Expresses right alignment.',''),(297,'Justify',2,NULL,0,'\'justify\'','0.3.12',NULL,'Expresses \'justified\' alignment.',''),(298,'NotSet',2,NULL,0,'\'NotSet\'','0.3.12',NULL,'An unset vertical alignment.',''),(299,'Top',2,NULL,0,'\'top\'','0.3.12',NULL,'Expresses alignment with the top of the container.',''),(300,'Middle',2,NULL,0,'\'middle\'','0.3.12',NULL,'Expresses vertical centering.',''),(301,'Bottom',2,NULL,0,'\'bottom\'','0.3.12',NULL,'Expresses alignment with the bottom of the container.',''),(302,'NotSet',2,NULL,0,'\'NotSet\'','0.3.12',NULL,'Represents an unset border-collapse property.',''),(303,'Separate',2,NULL,0,'\'Separate\'','0.3.12',NULL,'Alludes to border-collapse: separate.',''),(304,'Collapse',2,NULL,0,'\'Collapse\'','0.3.12',NULL,'Alludes to border-collapse: collapse.',''),(305,'Date',2,NULL,0,'\'Date\'','0.3.12',NULL,'Describes a QDateTimePicker that just picks the date.',''),(306,'DateTime',2,NULL,0,'\'DateTime\'','0.3.12',NULL,'Describes a QDateTimePicker that just picks the date, hour and minute.',''),(307,'DateTimeSeconds',2,NULL,0,'\'DateTimeSeconds\'','0.3.12',NULL,'Describes a QDateTimePicker that picks the month, day, hour, minute and second.',''),(308,'Time',2,NULL,0,'\'Time\'','0.3.12',NULL,'Describes a QDateTimePicker that just picks the hour and minute.',''),(309,'TimeSeconds',2,NULL,0,'\'TimeSeconds\'','0.3.12',NULL,'Describes a QDateTimePicker that just picks the hour, minute and seconds.',''),(310,'DateOnly',2,NULL,0,'\'DateOnly\'','0.3.12',NULL,'Describes a calendar type that just picks the date.',''),(311,'DateTime',2,NULL,0,'\'DateTime\'','0.3.12',NULL,'Describes a calendar type that picks the date, hour and minute.',''),(312,'DateTimeSeconds',2,NULL,0,'\'DateTimeSeconds\'','0.3.12',NULL,'Describes a calendar type that picks the date, hour, minute and second.',''),(313,'TimeOnly',2,NULL,0,'\'TimeOnly\'','0.3.12',NULL,'Describes a calendar type that just picks the hour and minute (no date).',''),(314,'TimeSecondsOnly',2,NULL,0,'\'TimeSecondsOnly\'','0.3.12',NULL,'Describes a calendar type that just picks the hour, minute and second (no date).',''),(315,'MonthDayYear',2,NULL,0,'\'MonthDayYear\'','0.3.12',NULL,'Indicates the order of the DateTimePicker should be month, day, year.',''),(316,'DayMonthYear',2,NULL,0,'\'DayMonthYear\'','0.3.12',NULL,'Indicates the order of the DateTimePicker fields should be day, month, year.',''),(317,'YearMonthDay',2,NULL,0,'\'YearMonthDay\'','0.3.12',NULL,'Indicates the order of the DateTimePicker should be year, month, day.',''),(318,'Allow',2,NULL,0,'\'Allow\'','0.3.12',NULL,'Indicates all input characters are allowed.',''),(319,'HtmlEntities',2,NULL,0,'\'HtmlEntities\'','0.3.12',NULL,'Indicates that input characters should be HTML-escaped.',''),(320,'Deny',2,NULL,0,'\'Deny\'','0.3.12',NULL,'Indicates that input characters should be checked against common XSS strings.',''),(321,'Server',2,NULL,0,'\'Server\'','0.3.12',NULL,'Specifies server-side rendering/behavior.',''),(322,'Ajax',2,NULL,0,'\'Ajax\'','0.3.12',NULL,'Specifies Ajax rendering/behavior.',''),(323,'None',2,NULL,0,'\'None\'','0.3.12',NULL,'Specifies an unset rendering/behavior.',''),(324,'Relative',2,NULL,0,'\'relative\'','0.3.12',NULL,'Represents \'position: relative\'. Relative to the element\'s default position.',''),(325,'Absolute',2,NULL,0,'\'absolute\'','0.3.12',NULL,'Alludes to \'position: absolute\'. Taken out of the flow and offset according to the containing block.',''),(326,'Fixed',2,NULL,0,'\'fixed\'','0.3.12',NULL,'Alludes to \'position: fixed\'. Same as absolute; but will remain fixed and not scroll.',''),(327,'NotSet',2,NULL,0,'\'NotSet\'','0.3.12',NULL,'Represents an unset \'position\' property.',''),(328,'Vertical',2,NULL,0,'\'Vertical\'','0.3.12',NULL,'Expresses a vertical resize handle.',''),(329,'Horizontal',2,NULL,0,'\'Horizontal\'','0.3.12',NULL,'Expresses a horizontal resize handle.',''),(330,'NotSet',2,NULL,0,'\'NotSet\'','0.3.12',NULL,'Indicates an unset cursor style.',''),(331,'Auto',2,NULL,0,'\'auto\'','0.3.12',NULL,'Alludes to cursor: auto (default cursor behavior).',''),(332,'CrossHair',2,NULL,0,'\'crosshair\'','0.3.12',NULL,'Alludes to cursor: crosshair (a thin plus-sign like cross).',''),(333,'CursorDefault',2,NULL,0,'\'default\'','0.3.12',NULL,'Alludes to cursor: default (the default cursor, usually an arrow).',''),(334,'Pointer',2,NULL,0,'\'pointer\'','0.3.12',NULL,'Alludes to cursor: pointer (used to indicate a link, usually a pointing hand).',''),(335,'Move',2,NULL,0,'\'move\'','0.3.12',NULL,'Alludes to cursor: move (usually a four-way arrow).',''),(336,'EResize',2,NULL,0,'\'e-resize\'','0.3.12',NULL,'Alludes to cursor: e-resize (indicates something that should be moved to the right, usually a left/right arrow).',''),(337,'NEResize',2,NULL,0,'\'ne-resize\'','0.3.12',NULL,'Alludes to cursor: ne-resize (indicates something that should be scaled upwards to the right, usually a diagonal arrow).',''),(338,'NWResize',2,NULL,0,'\'nw-resize\'','0.3.12',NULL,'Alludes to cursor: nw-resize (indicates something that should be scaled upwards to the left, usually a diagonal arrow).',''),(339,'NResize',2,NULL,0,'\'n-resize\'','0.3.12',NULL,'Alludes to cursor: n-resize (indicates something that should be scaled upwards, usually an up arrow).',''),(340,'SEResize',2,NULL,0,'\'se-resize\'','0.3.12',NULL,'Alludes to cursor: se-resize (indicates something that should be scaled down to the right, usually a diagonal arrow).',''),(341,'SWResize',2,NULL,0,'\'sw-resize\'','0.3.12',NULL,'Alludes to cursor: sw-resize (indicates something that should be scaled downwards to the left, usually a diagonal arrow).',''),(342,'SResize',2,NULL,0,'\'s-resize\'','0.3.12',NULL,'Alludes to cursor: s-resize (indicates something that should be scaled downwards, usually a down arrow).',''),(343,'WResize',2,NULL,0,'\'w-resize\'','0.3.12',NULL,'Alludes to cursor: w-resize (indicates something that should be scaled to the left, usually a left arrow).',''),(344,'Text',2,NULL,0,'\'text\'','0.3.12',NULL,'Alludes to cursor: text (used to indicate text, usually an I-beam).',''),(345,'Wait',2,NULL,0,'\'wait\'','0.3.12',NULL,'Alludes to cursor: wait (usually a timer/hourglass).',''),(346,'Help',2,NULL,0,'\'help\'','0.3.12',NULL,'Alludes to cursor: help (usually a question mark).',''),(347,'Progress',2,NULL,0,'\'progress\'','0.3.12',NULL,'Alludes to cursor: progress (usually an arrow coupled with a timer).',''),(348,'NotSet',2,NULL,0,'\'NotSet\'','0.3.12',NULL,'Indicates an unset overflow property.',''),(349,'Auto',2,NULL,0,'\'auto\'','0.3.12',NULL,'Alludes to \"overflow: auto\". Usually equates to \"scroll\".',''),(350,'Hidden',2,NULL,0,'\'hidden\'','0.3.12',NULL,'Alludes to \"overflow: hidden\". Overflow is clipped and cannot be seen.',''),(351,'Scroll',2,NULL,0,'\'scroll\'','0.3.12',NULL,'Alludes to \"overflow: scroll\". Clips the content but displays scroll bars. (Hidden gem of css).',''),(352,'Visible',2,NULL,0,'\'visible\'','0.3.12',NULL,'Alludes to \"overflow: visible\". Indicates that content is not clipped, i.e., it may be rendered outside the block box.',''),(353,'None',2,NULL,0,'false','0.3.12',NULL,'Indicates that validation should not occur.',''),(354,'AllControls',2,NULL,0,'true','0.3.12',NULL,'Indicates that all controls should Validate().',''),(355,'SiblingsAndChildren',2,NULL,0,'2','0.3.12',NULL,'Indicates that only siblings and children of the control should Validate().',''),(356,'SiblingsOnly',2,NULL,0,'3','0.3.12',NULL,'Indicates that only siblings of the control should Validate().',''),(357,'intTimestamp',3,NULL,NULL,'null','0.3.12','0.3.43',NULL,NULL),(358,'strCalendarType',2,NULL,NULL,'QCalendarType::DateOnly','0.3.12','0.3.43',NULL,NULL),(359,'strJavaScripts',2,NULL,NULL,'\'_core/calendar.js\'','0.3.12',NULL,NULL,NULL),(360,'DateTime',1,NULL,NULL,NULL,'0.3.12',NULL,NULL,NULL),(361,'CalendarType',2,NULL,NULL,'QCalendarType::DateOnly','0.3.12','0.3.43',NULL,NULL),(362,'objEvent',9,NULL,NULL,NULL,'0.3.12',NULL,NULL,NULL),(363,'objControl',9,NULL,NULL,NULL,'0.3.12',NULL,NULL,NULL),(364,'objControl',9,NULL,NULL,NULL,'0.3.12',NULL,NULL,NULL),(365,'strEventName',2,NULL,NULL,NULL,'0.3.12',NULL,NULL,NULL),(366,'objActions',9,NULL,NULL,NULL,'0.3.12',NULL,NULL,NULL),(367,'Event',9,NULL,NULL,NULL,'0.3.12',NULL,NULL,NULL),(368,'strMethodName',2,NULL,NULL,NULL,'0.3.12',NULL,NULL,NULL),(369,'strMethodName',2,NULL,NULL,'null','0.3.12',NULL,NULL,NULL),(370,'objControl',9,NULL,NULL,NULL,'0.3.12',NULL,NULL,NULL),(371,'MethodName',2,NULL,NULL,NULL,'0.3.12',NULL,NULL,NULL),(372,'strMethodName',2,NULL,NULL,NULL,'0.3.12',NULL,NULL,NULL),(373,'objWaitIconControl',9,NULL,NULL,NULL,'0.3.12',NULL,NULL,NULL),(374,'strMethodName',2,NULL,NULL,'null','0.3.12',NULL,NULL,NULL),(375,'objWaitIconControl',9,NULL,NULL,'\'default\'','0.3.12',NULL,NULL,NULL),(376,'objControl',9,NULL,NULL,NULL,'0.3.12',NULL,NULL,NULL),(377,'MethodName',2,NULL,NULL,NULL,'0.3.12',NULL,NULL,NULL),(378,'WaitIconControl',9,NULL,NULL,NULL,'0.3.12',NULL,NULL,NULL),(379,'objControl',9,NULL,NULL,NULL,'0.3.12',NULL,NULL,NULL),(380,'strMethodName',2,NULL,NULL,NULL,'0.3.12',NULL,NULL,NULL),(381,'objControl',9,NULL,NULL,NULL,'0.3.12',NULL,NULL,NULL),(382,'strMethodName',2,NULL,NULL,NULL,'0.3.12',NULL,NULL,NULL),(383,'objWaitIconControl',9,NULL,NULL,'\'default\'','0.3.12',NULL,NULL,NULL),(384,'strJavaScript',2,NULL,NULL,NULL,'0.3.12',NULL,NULL,NULL),(385,'strJavaScript',2,NULL,NULL,NULL,'0.3.12',NULL,NULL,NULL),(386,'objControl',9,NULL,NULL,NULL,'0.3.12',NULL,NULL,NULL),(387,'JavaScript',2,NULL,NULL,NULL,'0.3.12',NULL,NULL,NULL),(388,'strMessage',2,NULL,NULL,NULL,'0.3.12',NULL,NULL,NULL),(389,'strMessage',2,NULL,NULL,NULL,'0.3.12',NULL,NULL,NULL),(390,'objControl',9,NULL,NULL,NULL,'0.3.12',NULL,NULL,NULL),(391,'Message',2,NULL,NULL,NULL,'0.3.12',NULL,NULL,NULL),(392,'strMessage',2,NULL,NULL,NULL,'0.3.12',NULL,NULL,NULL),(393,'strMessage',2,NULL,NULL,NULL,'0.3.12',NULL,NULL,NULL),(394,'objControl',9,NULL,NULL,NULL,'0.3.12',NULL,NULL,NULL),(395,'Message',2,NULL,NULL,NULL,'0.3.12',NULL,NULL,NULL),(396,'objControl',9,NULL,NULL,NULL,'0.3.12',NULL,NULL,NULL),(397,'objControl',9,NULL,NULL,NULL,'0.3.12',NULL,NULL,NULL),(398,'strControlId',2,NULL,NULL,'null','0.3.12',NULL,NULL,NULL),(399,'blnDisplay',5,NULL,NULL,'null','0.3.12',NULL,NULL,NULL),(400,'objControl',9,NULL,NULL,NULL,'0.3.12',NULL,NULL,NULL),(401,'blnDisplay',5,NULL,NULL,'null','0.3.12',NULL,NULL,NULL),(402,'objControl',9,NULL,NULL,NULL,'0.3.12',NULL,NULL,NULL),(403,'strControlId',2,NULL,NULL,'null','0.3.12',NULL,NULL,NULL),(404,'blnEnabled',5,NULL,NULL,'null','0.3.12',NULL,NULL,NULL),(405,'objControl',9,NULL,NULL,NULL,'0.3.12',NULL,NULL,NULL),(406,'blnEnabled',5,NULL,NULL,'null','0.3.12',NULL,NULL,NULL),(407,'objControl',9,NULL,NULL,NULL,'0.3.12',NULL,NULL,NULL),(408,'strControlId',2,NULL,NULL,'null','0.3.12',NULL,NULL,NULL),(409,'objControl',9,NULL,NULL,NULL,'0.3.12',NULL,NULL,NULL),(410,'strControlId',2,NULL,NULL,'null','0.3.12',NULL,NULL,NULL),(411,'objControl',9,NULL,NULL,NULL,'0.3.12',NULL,NULL,NULL),(412,'objControl',9,NULL,NULL,NULL,'0.3.12',NULL,NULL,NULL),(413,'strText',2,NULL,NULL,'null','0.3.12',NULL,NULL,NULL),(414,'blnHtmlEntities',5,NULL,NULL,'true','0.3.12',NULL,NULL,NULL),(415,'blnPrimaryButton',5,NULL,NULL,'false','0.3.12',NULL,NULL,NULL),(416,'blnActionsMustTerminate',5,NULL,NULL,'true','0.3.12',NULL,NULL,NULL),(417,'Text',2,NULL,NULL,'null','0.3.12',NULL,NULL,NULL),(418,'HtmlEntities',5,NULL,NULL,'true','0.3.12',NULL,NULL,NULL),(419,'PrimaryButton',5,NULL,NULL,'false','0.3.12',NULL,NULL,NULL),(420,'strNoun',2,NULL,NULL,NULL,'0.3.12',NULL,NULL,NULL),(421,'strNounPlural',2,NULL,NULL,NULL,'0.3.12',NULL,NULL,NULL),(422,'objPaginator',9,NULL,NULL,'null','0.3.12',NULL,NULL,NULL),(423,'objPaginatorAlternate',9,NULL,NULL,'null','0.3.12',NULL,NULL,NULL),(424,'blnUseAjax',5,NULL,NULL,'false','0.3.12',NULL,NULL,NULL),(425,'objDataSource',9,NULL,NULL,NULL,'0.3.12',NULL,NULL,NULL),(426,'blnIsBlockElement',5,NULL,NULL,'true','0.3.12',NULL,NULL,NULL),(427,'strDataBindMethod',2,NULL,NULL,NULL,'0.3.12',NULL,NULL,NULL),(428,'objDataBindControl',9,NULL,NULL,NULL,'0.3.12',NULL,NULL,NULL),(429,'objParentObject',9,NULL,NULL,NULL,'0.3.12',NULL,NULL,NULL),(430,'strControlId',2,NULL,NULL,'null','0.3.12',NULL,NULL,NULL),(431,'strMethodName',2,NULL,NULL,NULL,'0.3.12',NULL,NULL,NULL),(432,'objParentControl',9,NULL,NULL,'null','0.3.12',NULL,NULL,NULL),(433,'Noun',2,NULL,NULL,NULL,'0.3.12',NULL,NULL,NULL),(434,'NounPlural',2,NULL,NULL,NULL,'0.3.12',NULL,NULL,NULL),(435,'Paginator',9,NULL,NULL,'null','0.3.12',NULL,NULL,NULL),(436,'PaginatorAlternate',9,NULL,NULL,'null','0.3.12',NULL,NULL,NULL),(437,'UseAjax',5,NULL,NULL,'false','0.3.12',NULL,NULL,NULL),(438,'ItemsPerPage',1,NULL,NULL,NULL,'0.3.12',NULL,NULL,NULL),(439,'TotalItemCount',1,NULL,NULL,NULL,'0.3.12',NULL,NULL,NULL),(440,'DataSource',9,NULL,NULL,NULL,'0.3.12',NULL,NULL,NULL),(441,'LimitClause',1,NULL,NULL,NULL,'0.3.12',NULL,NULL,NULL),(442,'LimitInfo',1,NULL,NULL,NULL,'0.3.12',NULL,NULL,NULL),(443,'ItemCount',1,NULL,NULL,NULL,'0.3.12',NULL,NULL,NULL),(444,'PageNumber',1,NULL,NULL,NULL,'0.3.12',NULL,NULL,NULL),(445,'intOffset',3,NULL,NULL,NULL,'0.3.12',NULL,NULL,NULL),(446,'strTraceArray',2,NULL,1,NULL,'0.3.12',NULL,NULL,NULL),(447,'objExc',9,NULL,NULL,NULL,'0.3.12',NULL,NULL,NULL),(448,'strAlternateText',2,NULL,NULL,'null','0.3.12',NULL,NULL,NULL),(449,'strImageUrl',2,NULL,NULL,'null','0.3.12',NULL,NULL,NULL),(450,'blnPrimaryButton',5,NULL,NULL,'false','0.3.12',NULL,NULL,NULL),(451,'intClickX',3,NULL,NULL,NULL,'0.3.12',NULL,NULL,NULL),(452,'intClickY',3,NULL,NULL,NULL,'0.3.12',NULL,NULL,NULL),(453,'blnActionsMustTerminate',5,NULL,NULL,'true','0.3.12',NULL,NULL,NULL),(454,'blnIncludeCustom',5,NULL,NULL,'true','0.3.12',NULL,NULL,NULL),(455,'blnIncludeAction',5,NULL,NULL,'true','0.3.12',NULL,NULL,NULL),(456,'AlternateText',2,NULL,NULL,'null','0.3.12',NULL,NULL,NULL),(457,'ImageUrl',2,NULL,NULL,'null','0.3.12',NULL,NULL,NULL),(458,'PrimaryButton',5,NULL,NULL,'false','0.3.12',NULL,NULL,NULL),(459,'ClickX',3,NULL,NULL,NULL,'0.3.12',NULL,NULL,NULL),(460,'ClickY',3,NULL,NULL,NULL,'0.3.12',NULL,NULL,NULL),(461,'objItemsArray',9,NULL,1,'array','0.3.12',NULL,NULL,NULL),(462,'mixListItemOrName',6,NULL,NULL,NULL,'0.3.12',NULL,NULL,NULL),(463,'strValue',2,NULL,NULL,'null','0.3.12',NULL,NULL,NULL),(464,'blnSelected',5,NULL,NULL,'null','0.3.12',NULL,NULL,NULL),(465,'intIndex',3,NULL,NULL,NULL,'0.3.12',NULL,NULL,NULL),(466,'objListItem',9,NULL,NULL,NULL,'0.3.12',NULL,NULL,NULL),(467,'intIndex',3,NULL,NULL,NULL,'0.3.12',NULL,NULL,NULL),(468,'intIndex',3,NULL,NULL,NULL,'0.3.12',NULL,NULL,NULL),(469,'ItemCount',3,NULL,0,'','0.3.12',NULL,'',''),(470,'SelectedIndex',1,NULL,NULL,NULL,'0.3.12',NULL,NULL,NULL),(471,'SelectedName',1,NULL,NULL,NULL,'0.3.12',NULL,NULL,NULL),(472,'SelectedValue',1,NULL,NULL,NULL,'0.3.12',NULL,NULL,NULL),(473,'SelectedItem',1,NULL,NULL,NULL,'0.3.12',NULL,NULL,NULL),(474,'SelectedItems',1,NULL,NULL,NULL,'0.3.12',NULL,NULL,NULL),(475,'SelectedNames',1,NULL,NULL,NULL,'0.3.12',NULL,NULL,NULL),(476,'SelectedValues',1,NULL,NULL,NULL,'0.3.12',NULL,NULL,NULL),(477,'strName',2,NULL,NULL,'null','0.3.12',NULL,NULL,NULL),(478,'strValue',2,NULL,NULL,'null','0.3.12',NULL,NULL,NULL),(479,'strItemId',2,NULL,NULL,'null','0.3.12',NULL,NULL,NULL),(480,'blnSelected',5,NULL,NULL,'false','0.3.12',NULL,NULL,NULL),(481,'blnExpanded',5,NULL,NULL,'false','0.3.12',NULL,NULL,NULL),(482,'objChildItemArray',9,NULL,1,'array','0.3.12',NULL,NULL,NULL),(483,'objTreeNav',9,NULL,NULL,NULL,'0.3.12',NULL,NULL,NULL),(484,'strParentItemId',2,NULL,NULL,NULL,'0.3.12',NULL,NULL,NULL),(485,'strName',2,NULL,NULL,NULL,'0.3.12',NULL,NULL,NULL),(486,'strValue',2,NULL,NULL,NULL,'0.3.12',NULL,NULL,NULL),(487,'blnExpanded',5,NULL,NULL,NULL,'0.3.12',NULL,NULL,NULL),(488,'objParentObject',9,NULL,NULL,NULL,'0.3.12',NULL,NULL,NULL),(489,'strItemId',2,NULL,NULL,'null','0.3.12',NULL,NULL,NULL),(490,'objItem',9,NULL,NULL,NULL,'0.3.12',NULL,NULL,NULL),(491,'Name',2,NULL,NULL,'null','0.3.12',NULL,NULL,NULL),(492,'Value',2,NULL,NULL,'null','0.3.12',NULL,NULL,NULL),(493,'Selected',5,NULL,NULL,'false','0.3.12',NULL,NULL,NULL),(494,'Expanded',5,NULL,NULL,'false','0.3.12',NULL,NULL,NULL),(495,'ChildItemArray',9,NULL,1,'array','0.3.12',NULL,NULL,NULL),(496,'ItemId',2,NULL,NULL,'null','0.3.12',NULL,NULL,NULL),(497,'TreeNav',9,NULL,NULL,NULL,'0.3.12',NULL,NULL,NULL),(498,'ParentItemId',2,NULL,NULL,NULL,'0.3.12',NULL,NULL,NULL),(499,'StateText',2,NULL,NULL,'1','0.3.12',NULL,NULL,NULL),(500,'StateNewLine',2,NULL,NULL,'2','0.3.12',NULL,NULL,NULL),(501,'StateTag',2,NULL,NULL,'3','0.3.12',NULL,NULL,NULL),(502,'StateStar',2,NULL,NULL,'4','0.3.12',NULL,NULL,NULL),(503,'StateBulletedList',2,NULL,NULL,'5','0.3.12',NULL,NULL,NULL),(504,'StateBulletedListItem',2,NULL,NULL,'6','0.3.12',NULL,NULL,NULL),(505,'StateCode',2,NULL,NULL,'7','0.3.12',NULL,NULL,NULL),(506,'strTextMode',2,NULL,NULL,'QTextMode::MultiLine','0.3.12',NULL,NULL,NULL),(507,'strCrossScripting',2,NULL,NULL,'QCrossScripting::Allow','0.3.12',NULL,NULL,NULL),(508,'strCodeCssClass',2,NULL,NULL,NULL,'0.3.12',NULL,NULL,NULL),(509,'objParentObject',9,NULL,NULL,NULL,'0.3.12',NULL,NULL,NULL),(510,'strControlId',2,NULL,NULL,'null','0.3.12',NULL,NULL,NULL),(511,'strText',2,NULL,NULL,NULL,'0.3.12',NULL,NULL,NULL),(512,'strCssClass',2,NULL,NULL,NULL,'0.3.12',NULL,NULL,NULL),(513,'DisplayHtml',1,NULL,NULL,NULL,'0.3.12',NULL,NULL,NULL),(514,'CodeCssClass',2,NULL,NULL,NULL,'0.3.12',NULL,NULL,NULL),(515,'strText',2,NULL,NULL,'null','0.3.12',NULL,NULL,NULL),(516,'strForControlId',2,NULL,NULL,NULL,'0.3.12',NULL,NULL,NULL),(517,'Text',2,NULL,NULL,'null','0.3.12',NULL,NULL,NULL),(518,'ForControlId',2,NULL,NULL,NULL,'0.3.12',NULL,NULL,NULL),(519,'ForControl',1,NULL,NULL,NULL,'0.3.12',NULL,NULL,NULL),(520,'strText',2,NULL,NULL,'null','0.3.12',NULL,NULL,NULL),(521,'strTemplate',2,NULL,NULL,'null','0.3.12',NULL,NULL,NULL),(522,'blnAutoRenderChildren',5,NULL,NULL,'false','0.3.12',NULL,NULL,NULL),(523,'strPadding',2,NULL,NULL,'null','0.3.12',NULL,NULL,NULL),(524,'strTagName',2,NULL,NULL,'null','0.3.12',NULL,NULL,NULL),(525,'blnHtmlEntities',5,NULL,NULL,'true','0.3.12',NULL,NULL,NULL),(526,'blnDropTarget',5,NULL,NULL,'false','0.3.12',NULL,NULL,NULL),(527,'strHorizontalAlign',2,NULL,NULL,'QHorizontalAlign::NotSet','0.3.12',NULL,NULL,NULL),(528,'strVerticalAlign',2,NULL,NULL,'QVerticalAlign::NotSet','0.3.12',NULL,NULL,NULL),(529,'objMovesControlsArray',9,NULL,1,'array','0.3.12',NULL,NULL,NULL),(530,'objDropsControlsArray',9,NULL,1,'array','0.3.12',NULL,NULL,NULL),(531,'objDropsGroupingsArray',9,NULL,1,'array','0.3.12',NULL,NULL,NULL),(532,'objIsDropZoneFor',9,NULL,NULL,'array','0.3.12',NULL,NULL,NULL),(533,'objUpperResizeControlsArray',9,NULL,1,'array','0.3.12',NULL,NULL,NULL),(534,'objLowerResizeControlsArray',9,NULL,1,'array','0.3.12',NULL,NULL,NULL),(535,'strResizeHandleDirection',2,NULL,NULL,'null','0.3.12',NULL,NULL,NULL),(536,'intResizeHandleMinimum',3,NULL,NULL,NULL,'0.3.12',NULL,NULL,NULL),(537,'intResizeHandleMaximum',3,NULL,NULL,NULL,'0.3.12',NULL,NULL,NULL),(538,'objTargetControl',9,NULL,NULL,NULL,'0.3.12',NULL,NULL,NULL),(539,'objTargetControl',9,NULL,NULL,NULL,'0.3.12',NULL,NULL,NULL),(540,'objTargetControl',9,NULL,NULL,NULL,'0.3.12',NULL,NULL,NULL),(541,'objTargetControl',9,NULL,NULL,NULL,'0.3.12',NULL,NULL,NULL),(542,'objTargetControl',9,NULL,NULL,'null','0.3.12',NULL,NULL,NULL),(543,'objTargetControl',9,NULL,NULL,NULL,'0.3.12',NULL,NULL,NULL),(544,'objParentObject',9,NULL,NULL,NULL,'0.3.12',NULL,NULL,NULL),(545,'objParentObject',9,NULL,NULL,NULL,'0.3.12',NULL,NULL,NULL),(546,'Text',2,NULL,NULL,'null','0.3.12',NULL,NULL,NULL),(547,'Template',2,NULL,NULL,'null','0.3.12',NULL,NULL,NULL),(548,'AutoRenderChildren',5,NULL,NULL,'false','0.3.12',NULL,NULL,NULL),(549,'TagName',2,NULL,NULL,'null','0.3.12',NULL,NULL,NULL),(550,'Padding',2,NULL,NULL,'null','0.3.12',NULL,NULL,NULL),(551,'HtmlEntities',5,NULL,NULL,'true','0.3.12',NULL,NULL,NULL),(552,'DropTarget',5,NULL,NULL,'false','0.3.12',NULL,NULL,NULL),(553,'HorizontalAlign',2,NULL,NULL,'QHorizontalAlign::NotSet','0.3.12',NULL,NULL,NULL),(554,'VerticalAlign',2,NULL,NULL,'QVerticalAlign::NotSet','0.3.12',NULL,NULL,NULL),(555,'ResizeHandleMinimum',3,NULL,NULL,NULL,'0.3.12',NULL,NULL,NULL),(556,'ResizeHandleMaximum',3,NULL,NULL,NULL,'0.3.12',NULL,NULL,NULL),(557,'ResizeHandleDirection',2,NULL,NULL,'null','0.3.12',NULL,NULL,NULL),(558,'strJavaScripts',2,NULL,NULL,'\'_core/treenav.js\'','0.3.12',NULL,NULL,NULL),(559,'strItemCssStyle',2,NULL,NULL,'\'treenav_item\'','0.3.12',NULL,NULL,NULL),(560,'strItemSelectedCssStyle',2,NULL,NULL,'\'treenav_item treenav_item_selected\'','0.3.12',NULL,NULL,NULL),(561,'strItemHoverCssStyle',2,NULL,NULL,'\'treenav_item treenav_item_hover\'','0.3.12',NULL,NULL,NULL),(562,'intIndentWidth',3,NULL,NULL,'15','0.3.12',NULL,NULL,NULL),(563,'intItemHeight',3,NULL,NULL,'15','0.3.12',NULL,NULL,NULL),(564,'intItemWidth',3,NULL,NULL,'0','0.3.12',NULL,NULL,NULL),(565,'objChildItemArray',9,NULL,1,'array','0.3.12',NULL,NULL,NULL),(566,'objItemArray',9,NULL,1,'array','0.3.12',NULL,NULL,NULL),(567,'intNextItemId',3,NULL,NULL,'1','0.3.12',NULL,NULL,NULL),(568,'objSelectedTreeNavItem',9,NULL,NULL,'null','0.3.12',NULL,NULL,NULL),(569,'blnIsBlockElement',5,NULL,NULL,'true','0.3.12',NULL,NULL,NULL),(570,'blnExpandOnSelect',5,NULL,NULL,'true','0.3.12',NULL,NULL,NULL),(571,'objItem',9,NULL,NULL,NULL,'0.3.12',NULL,NULL,NULL),(572,'objItem',9,NULL,NULL,NULL,'0.3.12',NULL,NULL,NULL),(573,'objItem',9,NULL,NULL,NULL,'0.3.12',NULL,NULL,NULL),(574,'strItemId',2,NULL,NULL,NULL,'0.3.12',NULL,NULL,NULL),(575,'SelectedItem',1,NULL,NULL,NULL,'0.3.12',NULL,NULL,NULL),(576,'SelectedValue',1,NULL,NULL,NULL,'0.3.12',NULL,NULL,NULL),(577,'ChildItemArray',9,NULL,1,'array','0.3.12',NULL,NULL,NULL),(578,'ItemArray',9,NULL,1,'array','0.3.12',NULL,NULL,NULL),(579,'ItemCssStyle',2,NULL,NULL,'\'treenav_item\'','0.3.12',NULL,NULL,NULL),(580,'ItemSelectedCssStyle',2,NULL,NULL,'\'treenav_item treenav_item_selected\'','0.3.12',NULL,NULL,NULL),(581,'ItemHoverCssStyle',2,NULL,NULL,'\'treenav_item treenav_item_hover\'','0.3.12',NULL,NULL,NULL),(582,'IndentWidth',3,NULL,NULL,'15','0.3.12',NULL,NULL,NULL),(583,'ItemHeight',3,NULL,NULL,'15','0.3.12',NULL,NULL,NULL),(584,'ItemWidth',3,NULL,NULL,'0','0.3.12',NULL,NULL,NULL),(585,'ExpandOnSelect',5,NULL,NULL,'true','0.3.12',NULL,NULL,NULL),(586,'ItemExpanded',1,NULL,NULL,NULL,'0.3.12',NULL,NULL,NULL),(587,'strBackColor',2,NULL,0,'null','0.3.12',NULL,'The background color.',''),(588,'strBorderColor',2,NULL,0,'null','0.3.12',NULL,'Border color.',''),(589,'strBorderStyle',2,NULL,0,'QBorderStyle::NotSet','0.3.12',NULL,'Border style.',''),(590,'strBorderWidth',2,NULL,0,'null','0.3.12',NULL,'Border width.',''),(591,'strCssClass',2,NULL,0,'null','0.3.12',NULL,'The css class of each cell in the column.',''),(592,'blnFontBold',5,NULL,0,'false','0.3.12',NULL,'Whether or not to embolden the font, via the css \'font-weight\' property.',''),(593,'blnFontItalic',5,NULL,0,'false','0.3.12',NULL,'Whether or not to italicize the font, via the css \'font-style\' property.',''),(594,'strFontNames',2,NULL,0,'null','0.3.12',NULL,'Font family names.',''),(595,'blnFontOverline',5,NULL,0,'false','0.3.12',NULL,'Whether or not to overline the font, via the css \'text-decoration\' property.',''),(596,'strFontSize',2,NULL,0,'null','0.3.12',NULL,'Font size.',''),(597,'blnFontStrikeout',5,NULL,0,'false','0.3.12',NULL,'Whether or not to strikeout the font, via the css \'text-decoration\' property.',''),(598,'blnFontUnderline',5,NULL,0,'false','0.3.12',NULL,'Whether or not to underline the font, via the css \'text-decoration\' property.',''),(599,'strForeColor',2,NULL,0,'null','0.3.12',NULL,'Foreground color.',''),(600,'strHorizontalAlign',2,NULL,0,'QHorizontalAlign::NotSet','0.3.12',NULL,'The horizontal alignment of each cell in the column.',''),(601,'strVerticalAlign',2,NULL,0,'QVerticalAlign::NotSet','0.3.12',NULL,'The vertical alignment of each cell in the column.',''),(602,'strWidth',2,NULL,0,'null','0.3.12',NULL,'The width of the column.',''),(603,'blnWrap',5,NULL,0,'true','0.3.12',NULL,'Whether or not to wrap cell contents. Represents the \'nowrap\' tag attribute.',''),(604,'objOrderByClause',9,NULL,0,'null','0.3.12',NULL,'A QQ::OrderBy object specifying the default order of values in the column.',''),(605,'objReverseOrderByClause',9,NULL,0,'null','0.3.12',NULL,'A QQ::OrderBy object specifying the reverse order of values in the column.',''),(606,'strName',2,NULL,0,NULL,'0.3.12',NULL,'The column heading.',''),(607,'strHtml',2,NULL,0,NULL,'0.3.12',NULL,'The contents of each cell in the column.',''),(608,'blnHtmlEntities',5,NULL,0,'true','0.3.12',NULL,'Whether or not to escape html output of the cell contents.',''),(609,'strName',2,NULL,NULL,NULL,'0.3.12',NULL,NULL,NULL),(610,'strHtml',2,NULL,NULL,'null','0.3.12',NULL,NULL,NULL),(611,'objOverrideParameters',9,NULL,NULL,'null','0.3.12',NULL,NULL,NULL),(612,'blnIncludeCustom',5,NULL,NULL,'true','0.3.12',NULL,NULL,NULL),(613,'blnIncludeAction',5,NULL,NULL,'true','0.3.12',NULL,NULL,NULL),(614,'BackColor',2,NULL,0,'null','0.3.12',NULL,'The background color.',''),(615,'BorderColor',2,NULL,0,'null','0.3.12',NULL,'Border color.',''),(616,'BorderStyle',2,NULL,0,'QBorderStyle::NotSet','0.3.12',NULL,'Border style.',''),(617,'BorderWidth',2,NULL,0,'null','0.3.12',NULL,'Border width.',''),(618,'CssClass',2,NULL,0,'null','0.3.12',NULL,'The css class of each cell in the column.',''),(619,'FontBold',5,NULL,0,'false','0.3.12',NULL,'Whether or not to embolden the font, via the css \'font-weight\' property.',''),(620,'FontItalic',5,NULL,0,'false','0.3.12',NULL,'Whether or not to italicize the font, via the css \'font-style\' property.',''),(621,'FontNames',2,NULL,0,'null','0.3.12',NULL,'Font family names.',''),(622,'FontOverline',5,NULL,0,'false','0.3.12',NULL,'Whether or not to overline the font, via the css \'text-decoration\' property.',''),(623,'FontSize',2,NULL,0,'null','0.3.12',NULL,'Font size.',''),(624,'FontStrikeout',5,NULL,0,'false','0.3.12',NULL,'Whether or not to strikeout the font, via the css \'text-decoration\' property.',''),(625,'FontUnderline',5,NULL,0,'false','0.3.12',NULL,'Whether or not to underline the font, via the css \'text-decoration\' property.',''),(626,'ForeColor',2,NULL,0,'null','0.3.12',NULL,'Foreground color.',''),(627,'HorizontalAlign',2,NULL,0,'QHorizontalAlign::NotSet','0.3.12',NULL,'The horizontal alignment of each cell in the column.',''),(628,'VerticalAlign',2,NULL,0,'QVerticalAlign::NotSet','0.3.12',NULL,'The vertical alignment of each cell in the column.',''),(629,'Width',2,NULL,0,'null','0.3.12',NULL,'The width of the column.',''),(630,'Wrap',5,NULL,0,'true','0.3.12',NULL,'Whether or not to wrap cell contents. Represents the \'nowrap\' tag attribute.',''),(631,'OrderByClause',9,NULL,0,'null','0.3.12',NULL,'A QQ::OrderBy object specifying the default order of values in the column.',''),(632,'ReverseOrderByClause',9,NULL,0,'null','0.3.12',NULL,'A QQ::OrderBy object specifying the reverse order of values in the column.',''),(633,'SortByCommand',1,NULL,NULL,NULL,'0.3.12',NULL,NULL,NULL),(634,'ReverseSortByCommand',1,NULL,NULL,NULL,'0.3.12',NULL,NULL,NULL),(635,'Html',2,NULL,0,NULL,'0.3.12',NULL,'The contents of each cell in the column.',''),(636,'Name',2,NULL,0,NULL,'0.3.12',NULL,'The column heading.',''),(637,'HtmlEntities',5,NULL,0,'true','0.3.12',NULL,'Whether or not to escape html output of the cell contents.',''),(638,'intRows',3,NULL,NULL,'1','0.3.12',NULL,NULL,NULL),(639,'strLabelForRequired',2,NULL,NULL,NULL,'0.3.12',NULL,NULL,NULL),(640,'strLabelForRequiredUnnamed',2,NULL,NULL,NULL,'0.3.12',NULL,NULL,NULL),(641,'strSelectionMode',2,NULL,NULL,'QSelectionMode::Single','0.3.12',NULL,NULL,NULL),(642,'strJavaScripts',2,NULL,NULL,'\'_core/listbox.js\'','0.3.12',NULL,NULL,NULL),(643,'objParentObject',9,NULL,NULL,NULL,'0.3.12',NULL,NULL,NULL),(644,'strControlId',2,NULL,NULL,'null','0.3.12',NULL,NULL,NULL),(645,'blnIncludeCustom',5,NULL,NULL,'true','0.3.12',NULL,NULL,NULL),(646,'blnIncludeAction',5,NULL,NULL,'true','0.3.12',NULL,NULL,NULL),(647,'Rows',3,NULL,NULL,'1','0.3.12',NULL,NULL,NULL),(648,'LabelForRequired',2,NULL,NULL,NULL,'0.3.12',NULL,NULL,NULL),(649,'LabelForRequiredUnnamed',2,NULL,NULL,NULL,'0.3.12',NULL,NULL,NULL),(650,'SelectionMode',2,NULL,NULL,'QSelectionMode::Single','0.3.12',NULL,NULL,NULL),(651,'FormStatusUnrendered',2,NULL,0,'1','0.3.12',NULL,'Signifies an unrendered state.',''),(652,'FormStatusRenderBegun',2,NULL,0,'2','0.3.12',NULL,'Signifies that form rendering has begun but not ended.',''),(653,'FormStatusRenderEnded',2,NULL,0,'3','0.3.12',NULL,'Signifies a rendered state.',''),(654,'strFormId',2,NULL,NULL,NULL,'0.3.12',NULL,NULL,NULL),(655,'intFormStatus',3,NULL,NULL,NULL,'0.3.12',NULL,NULL,NULL),(656,'objControlArray',9,NULL,1,NULL,'0.3.12',NULL,NULL,NULL),(657,'objGroupingArray',9,NULL,1,NULL,'0.3.12',NULL,NULL,NULL),(658,'blnRenderedBodyTag',5,NULL,0,'false','0.3.12',NULL,'Whether or not form rendering should includes a body tag.',''),(659,'blnRenderedCheckableControlArray',5,NULL,1,NULL,'0.3.12',NULL,NULL,NULL),(660,'strCallType',2,NULL,NULL,NULL,'0.3.12',NULL,NULL,NULL),(661,'objDefaultWaitIcon',9,NULL,NULL,'null','0.3.12',NULL,NULL,NULL),(662,'EncryptionKey',2,NULL,0,'null','0.3.12',NULL,'A value to use as an encryption key when encrypting form state.',''),(663,'FormStateHandler',2,NULL,0,'\'QFormStateHandler\'','0.3.12',NULL,'The class name of the formstate handler to use.',''),(664,'intNextControlId',3,NULL,NULL,'1','0.3.12',NULL,NULL,NULL),(665,'blnReturn',5,NULL,NULL,'true','0.3.12',NULL,NULL,NULL),(666,'strControlId',2,NULL,NULL,NULL,'0.3.12',NULL,NULL,NULL),(667,'strFormId',2,NULL,NULL,NULL,'0.3.12',NULL,NULL,NULL),(668,'strAlternateHtmlFile',2,NULL,NULL,'null','0.3.12',NULL,NULL,NULL),(669,'strMethodName',2,NULL,NULL,NULL,'0.3.12',NULL,NULL,NULL),(670,'objParentControl',9,NULL,NULL,'null','0.3.12',NULL,NULL,NULL),(671,'objControl',9,NULL,NULL,NULL,'0.3.12',NULL,NULL,NULL),(672,'objForm',9,NULL,NULL,NULL,'0.3.12',NULL,NULL,NULL),(673,'strPostDataState',2,NULL,NULL,NULL,'0.3.12',NULL,NULL,NULL),(674,'objControl',9,NULL,NULL,NULL,'0.3.12',NULL,NULL,NULL),(675,'strControlId',2,NULL,NULL,NULL,'0.3.12',NULL,NULL,NULL),(676,'strControlId',2,NULL,NULL,NULL,'0.3.12',NULL,NULL,NULL),(677,'objGrouping',9,NULL,NULL,NULL,'0.3.12',NULL,NULL,NULL),(678,'strGroupingId',2,NULL,NULL,NULL,'0.3.12',NULL,NULL,NULL),(679,'strGroupingId',2,NULL,NULL,NULL,'0.3.12',NULL,NULL,NULL),(680,'objParentObject',9,NULL,NULL,NULL,'0.3.12',NULL,NULL,NULL),(681,'strTemplate',2,NULL,NULL,NULL,'0.3.12',NULL,NULL,NULL),(682,'strId',2,NULL,NULL,NULL,'0.3.12',NULL,NULL,NULL),(683,'strMethodName',2,NULL,NULL,NULL,'0.3.12',NULL,NULL,NULL),(684,'objControl',9,NULL,NULL,NULL,'0.3.12',NULL,NULL,NULL),(685,'strControlIdOverride',2,NULL,NULL,'null','0.3.12',NULL,NULL,NULL),(2387,'HtmlIncludeFilePath',2,NULL,NULL,NULL,'0.3.22',NULL,NULL,NULL),(687,'blnDisplayOutput',5,NULL,NULL,'true','0.3.12',NULL,NULL,NULL),(688,'blnDisplayOutput',5,NULL,NULL,'true','0.3.12',NULL,NULL,NULL),(689,'blnErrorsOnly',5,NULL,NULL,'false','0.3.12',NULL,NULL,NULL),(690,'blnErrorsOnly',5,NULL,NULL,'false','0.3.12',NULL,NULL,NULL),(691,'blnDisplayOutput',5,NULL,NULL,'true','0.3.12',NULL,NULL,NULL),(692,'FormId',2,NULL,NULL,NULL,'0.3.12',NULL,NULL,NULL),(693,'CallType',2,NULL,NULL,NULL,'0.3.12',NULL,NULL,NULL),(694,'DefaultWaitIcon',9,NULL,NULL,'null','0.3.12',NULL,NULL,NULL),(695,'FormStatus',3,NULL,NULL,NULL,'0.3.12',NULL,NULL,NULL),(696,'strTagName',2,NULL,NULL,'\'span\'','0.3.12',NULL,NULL,NULL),(697,'blnHtmlEntities',5,NULL,NULL,'true','0.3.12',NULL,NULL,NULL),(698,'strBackColor',2,NULL,NULL,'null','0.3.12',NULL,NULL,NULL),(699,'strBorderColor',2,NULL,NULL,'null','0.3.12',NULL,NULL,NULL),(700,'strBorderStyle',2,NULL,NULL,'QBorderStyle::NotSet','0.3.12',NULL,NULL,NULL),(701,'strBorderWidth',2,NULL,NULL,'null','0.3.12',NULL,NULL,NULL),(702,'strCssClass',2,NULL,NULL,'null','0.3.12',NULL,NULL,NULL),(703,'blnFontBold',5,NULL,NULL,'false','0.3.12',NULL,NULL,NULL),(704,'blnFontItalic',5,NULL,NULL,'false','0.3.12',NULL,NULL,NULL),(705,'strFontNames',2,NULL,NULL,'null','0.3.12',NULL,NULL,NULL),(706,'blnFontOverline',5,NULL,NULL,'false','0.3.12',NULL,NULL,NULL),(707,'strFontSize',2,NULL,NULL,'null','0.3.12',NULL,NULL,NULL),(708,'blnFontStrikeout',5,NULL,NULL,'false','0.3.12',NULL,NULL,NULL),(709,'blnFontUnderline',5,NULL,NULL,'false','0.3.12',NULL,NULL,NULL),(710,'strForeColor',2,NULL,NULL,'null','0.3.12',NULL,NULL,NULL),(711,'strHeight',2,NULL,NULL,'null','0.3.12',NULL,NULL,NULL),(712,'strHorizontalAlign',2,NULL,NULL,'QHorizontalAlign::NotSet','0.3.12',NULL,NULL,NULL),(713,'strVerticalAlign',2,NULL,NULL,'QVerticalAlign::NotSet','0.3.12',NULL,NULL,NULL),(714,'blnWrap',5,NULL,NULL,'true','0.3.12',NULL,NULL,NULL),(715,'objOverrideStyle',9,NULL,NULL,NULL,'0.3.12',NULL,NULL,NULL),(2789,'strPropertyName',2,NULL,NULL,NULL,'0.3.33',NULL,NULL,NULL),(2683,'strAttributeName',2,NULL,NULL,NULL,'0.3.29',NULL,NULL,NULL),(718,'BackColor',2,NULL,NULL,'null','0.3.12',NULL,NULL,NULL),(719,'BorderColor',2,NULL,NULL,'null','0.3.12',NULL,NULL,NULL),(720,'BorderStyle',2,NULL,NULL,'QBorderStyle::NotSet','0.3.12',NULL,NULL,NULL),(721,'BorderWidth',2,NULL,NULL,'null','0.3.12',NULL,NULL,NULL),(722,'CssClass',2,NULL,NULL,'null','0.3.12',NULL,NULL,NULL),(723,'FontBold',5,NULL,NULL,'false','0.3.12',NULL,NULL,NULL),(724,'FontItalic',5,NULL,NULL,'false','0.3.12',NULL,NULL,NULL),(725,'FontNames',2,NULL,NULL,'null','0.3.12',NULL,NULL,NULL),(726,'FontOverline',5,NULL,NULL,'false','0.3.12',NULL,NULL,NULL),(727,'FontSize',2,NULL,NULL,'null','0.3.12',NULL,NULL,NULL),(728,'FontStrikeout',5,NULL,NULL,'false','0.3.12',NULL,NULL,NULL),(729,'FontUnderline',5,NULL,NULL,'false','0.3.12',NULL,NULL,NULL),(730,'ForeColor',2,NULL,NULL,'null','0.3.12',NULL,NULL,NULL),(731,'Height',2,NULL,NULL,'null','0.3.12',NULL,NULL,NULL),(732,'HorizontalAlign',2,NULL,NULL,'QHorizontalAlign::NotSet','0.3.12',NULL,NULL,NULL),(733,'VerticalAlign',2,NULL,NULL,'QVerticalAlign::NotSet','0.3.12',NULL,NULL,NULL),(734,'Wrap',5,NULL,NULL,'true','0.3.12',NULL,NULL,NULL),(735,'strTextAlign',2,NULL,NULL,'QTextAlign::Right','0.3.12',NULL,NULL,NULL),(736,'intCellPadding',3,NULL,NULL,'1','0.3.12',NULL,NULL,NULL),(737,'intCellSpacing',3,NULL,NULL,'1','0.3.12',NULL,NULL,NULL),(738,'intRepeatColumns',3,NULL,NULL,'1','0.3.12',NULL,NULL,NULL),(739,'strRepeatDirection',2,NULL,NULL,'QRepeatDirection::Vertical','0.3.12',NULL,NULL,NULL),(740,'TextAlign',2,NULL,NULL,'QTextAlign::Right','0.3.12',NULL,NULL,NULL),(741,'CellPadding',3,NULL,NULL,'1','0.3.12',NULL,NULL,NULL),(742,'CellSpacing',3,NULL,NULL,'1','0.3.12',NULL,NULL,NULL),(743,'RepeatColumns',3,NULL,NULL,'1','0.3.12',NULL,NULL,NULL),(744,'RepeatDirection',2,NULL,NULL,'QRepeatDirection::Vertical','0.3.12',NULL,NULL,NULL),(745,'strText',2,NULL,NULL,'null','0.3.12',NULL,NULL,NULL),(746,'strTextAlign',2,NULL,NULL,'QTextAlign::Right','0.3.12',NULL,NULL,NULL),(747,'strGroupName',2,NULL,NULL,'null','0.3.12',NULL,NULL,NULL),(748,'blnChecked',5,NULL,NULL,'false','0.3.12',NULL,NULL,NULL),(749,'Text',2,NULL,NULL,'null','0.3.12',NULL,NULL,NULL),(750,'TextAlign',2,NULL,NULL,'QTextAlign::Right','0.3.12',NULL,NULL,NULL),(751,'GroupName',2,NULL,NULL,'null','0.3.12',NULL,NULL,NULL),(752,'Checked',5,NULL,NULL,'false','0.3.12',NULL,NULL,NULL),(753,'intMaximum',3,NULL,NULL,'null','0.3.12',NULL,NULL,NULL),(754,'intMinimum',3,NULL,NULL,'null','0.3.12',NULL,NULL,NULL),(755,'strLabelForInvalid',2,NULL,NULL,NULL,'0.3.12',NULL,NULL,NULL),(756,'strLabelForLess',2,NULL,NULL,NULL,'0.3.12',NULL,NULL,NULL),(757,'strLabelForGreater',2,NULL,NULL,NULL,'0.3.12',NULL,NULL,NULL),(758,'objParentObject',9,NULL,NULL,NULL,'0.3.12',NULL,NULL,NULL),(759,'strControlId',2,NULL,NULL,'null','0.3.12',NULL,NULL,NULL),(760,'Maximum',3,NULL,NULL,'null','0.3.12',NULL,NULL,NULL),(761,'Minimum',3,NULL,NULL,'null','0.3.12',NULL,NULL,NULL),(762,'LabelForInvalid',2,NULL,NULL,NULL,'0.3.12',NULL,NULL,NULL),(763,'LabelForGreater',2,NULL,NULL,NULL,'0.3.12',NULL,NULL,NULL),(764,'LabelForLess',2,NULL,NULL,NULL,'0.3.12',NULL,NULL,NULL),(765,'strTextAlign',2,NULL,NULL,'QTextAlign::Right','0.3.12',NULL,NULL,NULL),(766,'intCellPadding',3,NULL,NULL,'1','0.3.12',NULL,NULL,NULL),(767,'intCellSpacing',3,NULL,NULL,'1','0.3.12',NULL,NULL,NULL),(768,'intRepeatColumns',3,NULL,NULL,'1','0.3.12',NULL,NULL,NULL),(769,'strRepeatDirection',2,NULL,NULL,'QRepeatDirection::Vertical','0.3.12',NULL,NULL,NULL),(770,'TextAlign',2,NULL,NULL,'QTextAlign::Right','0.3.12',NULL,NULL,NULL),(771,'CellPadding',3,NULL,NULL,'1','0.3.12',NULL,NULL,NULL),(772,'CellSpacing',3,NULL,NULL,'1','0.3.12',NULL,NULL,NULL),(773,'RepeatColumns',3,NULL,NULL,'1','0.3.12',NULL,NULL,NULL),(774,'RepeatDirection',2,NULL,NULL,'QRepeatDirection::Vertical','0.3.12',NULL,NULL,NULL),(775,'objAlternateRowStyle',9,NULL,NULL,'null','0.3.12',NULL,NULL,NULL),(776,'strBorderCollapse',2,NULL,NULL,'QBorderCollapse::NotSet','0.3.12',NULL,NULL,NULL),(777,'objHeaderRowStyle',9,NULL,NULL,'null','0.3.12',NULL,NULL,NULL),(778,'objOverrideRowStyleArray',9,NULL,1,'null','0.3.12',NULL,NULL,NULL),(779,'objHeaderLinkStyle',9,NULL,NULL,'null','0.3.12',NULL,NULL,NULL),(780,'objRowStyle',9,NULL,NULL,'null','0.3.12',NULL,NULL,NULL),(781,'intCellPadding',3,NULL,NULL,'1','0.3.12',NULL,NULL,NULL),(782,'intCellSpacing',3,NULL,NULL,'1','0.3.12',NULL,NULL,NULL),(783,'strGridLines',2,NULL,NULL,'QGridLines::None','0.3.12',NULL,NULL,NULL),(784,'blnShowHeader',5,NULL,NULL,'true','0.3.12',NULL,NULL,NULL),(785,'blnShowFooter',5,NULL,NULL,'false','0.3.12',NULL,NULL,NULL),(786,'objColumnArray',9,NULL,1,NULL,'0.3.12',NULL,NULL,NULL),(787,'intCurrentRowIndex',3,NULL,NULL,NULL,'0.3.12',NULL,NULL,NULL),(788,'intSortColumnIndex',3,NULL,NULL,'1','0.3.12',NULL,NULL,NULL),(789,'intSortDirection',3,NULL,NULL,'0','0.3.12',NULL,NULL,NULL),(790,'strLabelForNoneFound',2,NULL,NULL,NULL,'0.3.12',NULL,NULL,NULL),(791,'strLabelForOneFound',2,NULL,NULL,NULL,'0.3.12',NULL,NULL,NULL),(792,'strLabelForMultipleFound',2,NULL,NULL,NULL,'0.3.12',NULL,NULL,NULL),(793,'strLabelForPaginated',2,NULL,NULL,NULL,'0.3.12',NULL,NULL,NULL),(794,'objParentObject',9,NULL,NULL,NULL,'0.3.12',NULL,NULL,NULL),(795,'strControlId',2,NULL,NULL,'null','0.3.12',NULL,NULL,NULL),(796,'objColumn',9,NULL,NULL,NULL,'0.3.12',NULL,NULL,NULL),(797,'intColumnIndex',3,NULL,NULL,NULL,'0.3.12',NULL,NULL,NULL),(798,'objColumn',9,NULL,NULL,NULL,'0.3.12',NULL,NULL,NULL),(799,'intColumnIndex',3,NULL,NULL,NULL,'0.3.12',NULL,NULL,NULL),(800,'strName',2,NULL,NULL,NULL,'0.3.12',NULL,NULL,NULL),(801,'strName',2,NULL,NULL,NULL,'0.3.12',NULL,NULL,NULL),(802,'intColumnIndex',3,NULL,NULL,NULL,'0.3.12',NULL,NULL,NULL),(803,'strName',2,NULL,NULL,NULL,'0.3.12',NULL,NULL,NULL),(804,'strName',2,NULL,NULL,NULL,'0.3.12',NULL,NULL,NULL),(805,'intRowIndex',3,NULL,NULL,NULL,'0.3.12',NULL,NULL,NULL),(806,'objStyle',9,NULL,NULL,NULL,'0.3.12',NULL,NULL,NULL),(807,'objColumn',9,NULL,NULL,NULL,'0.3.12',NULL,NULL,NULL),(808,'objObject',9,NULL,NULL,NULL,'0.3.12',NULL,NULL,NULL),(809,'blnIncludeCustom',5,NULL,NULL,'true','0.3.12',NULL,NULL,NULL),(810,'blnIncludeAction',5,NULL,NULL,'false','0.3.12',NULL,NULL,NULL),(811,'strFormId',2,NULL,NULL,NULL,'0.3.12',NULL,NULL,NULL),(812,'strControlId',2,NULL,NULL,NULL,'0.3.12',NULL,NULL,NULL),(813,'strParameter',2,NULL,NULL,NULL,'0.3.12',NULL,NULL,NULL),(814,'objPaginator',9,NULL,NULL,NULL,'0.3.12',NULL,NULL,NULL),(815,'objObject',9,NULL,NULL,NULL,'0.3.12',NULL,NULL,NULL),(816,'AlternateRowStyle',9,NULL,NULL,'null','0.3.12',NULL,NULL,NULL),(817,'BorderCollapse',2,NULL,NULL,'QBorderCollapse::NotSet','0.3.12',NULL,NULL,NULL),(818,'HeaderRowStyle',9,NULL,NULL,'null','0.3.12',NULL,NULL,NULL),(819,'HeaderLinkStyle',9,NULL,NULL,'null','0.3.12',NULL,NULL,NULL),(820,'RowStyle',9,NULL,NULL,'null','0.3.12',NULL,NULL,NULL),(821,'CellPadding',3,NULL,NULL,'1','0.3.12',NULL,NULL,NULL),(822,'CellSpacing',3,NULL,NULL,'1','0.3.12',NULL,NULL,NULL),(823,'GridLines',2,NULL,NULL,'QGridLines::None','0.3.12',NULL,NULL,NULL),(824,'ShowHeader',5,NULL,NULL,'true','0.3.12',NULL,NULL,NULL),(825,'ShowFooter',5,NULL,NULL,'false','0.3.12',NULL,NULL,NULL),(826,'OrderByClause',1,NULL,NULL,NULL,'0.3.12',NULL,NULL,NULL),(827,'SortInfo',1,NULL,NULL,NULL,'0.3.12',NULL,NULL,NULL),(828,'CurrentRowIndex',3,NULL,NULL,NULL,'0.3.12',NULL,NULL,NULL),(829,'SortColumnIndex',3,NULL,NULL,'1','0.3.12',NULL,NULL,NULL),(830,'SortDirection',3,NULL,NULL,'0','0.3.12',NULL,NULL,NULL),(831,'LabelForNoneFound',2,NULL,NULL,NULL,'0.3.12',NULL,NULL,NULL),(832,'LabelForOneFound',2,NULL,NULL,NULL,'0.3.12',NULL,NULL,NULL),(833,'LabelForMultipleFound',2,NULL,NULL,NULL,'0.3.12',NULL,NULL,NULL),(834,'LabelForPaginated',2,NULL,NULL,NULL,'0.3.12',NULL,NULL,NULL),(835,'UseAjax',1,NULL,NULL,NULL,'0.3.12',NULL,NULL,NULL),(836,'__exc_errno',1,NULL,NULL,NULL,'0.3.12',NULL,NULL,NULL),(837,'__exc_errstr',1,NULL,NULL,NULL,'0.3.12',NULL,NULL,NULL),(838,'__exc_errfile',1,NULL,NULL,NULL,'0.3.12',NULL,NULL,NULL),(839,'__exc_errline',1,NULL,NULL,NULL,'0.3.12',NULL,NULL,NULL),(840,'strText',2,NULL,NULL,'null','0.3.12',NULL,NULL,NULL),(841,'strPadding',2,NULL,NULL,'null','0.3.12',NULL,NULL,NULL),(842,'strTagName',2,NULL,NULL,'\'span\'','0.3.12',NULL,NULL,NULL),(843,'blnDisplay',5,NULL,NULL,'false','0.3.12',NULL,NULL,NULL),(844,'strHorizontalAlign',2,NULL,NULL,'QHorizontalAlign::NotSet','0.3.12',NULL,NULL,NULL),(845,'strVerticalAlign',2,NULL,NULL,'QVerticalAlign::NotSet','0.3.12',NULL,NULL,NULL),(846,'objParentObject',9,NULL,NULL,NULL,'0.3.12',NULL,NULL,NULL),(847,'strControlId',2,NULL,NULL,'null','0.3.12',NULL,NULL,NULL),(848,'Text',2,NULL,NULL,'null','0.3.12',NULL,NULL,NULL),(849,'TagName',2,NULL,NULL,'\'span\'','0.3.12',NULL,NULL,NULL),(850,'Padding',2,NULL,NULL,'null','0.3.12',NULL,NULL,NULL),(851,'HorizontalAlign',2,NULL,NULL,'QHorizontalAlign::NotSet','0.3.12',NULL,NULL,NULL),(852,'VerticalAlign',2,NULL,NULL,'QVerticalAlign::NotSet','0.3.12',NULL,NULL,NULL),(853,'strBackColor',2,NULL,NULL,'null','0.3.12',NULL,NULL,NULL),(854,'strBorderColor',2,NULL,NULL,'null','0.3.12',NULL,NULL,NULL),(855,'strBorderStyle',2,NULL,NULL,'QBorderStyle::NotSet','0.3.12',NULL,NULL,NULL),(856,'strBorderWidth',2,NULL,NULL,'null','0.3.12',NULL,NULL,NULL),(857,'strCssClass',2,NULL,NULL,'null','0.3.12',NULL,NULL,NULL),(858,'blnDisplay',5,NULL,NULL,'true','0.3.12',NULL,NULL,NULL),(859,'strDisplayStyle',2,NULL,NULL,'QDisplayStyle::NotSet','0.3.12',NULL,NULL,NULL),(860,'blnFontBold',5,NULL,NULL,'false','0.3.12',NULL,NULL,NULL),(861,'blnFontItalic',5,NULL,NULL,'false','0.3.12',NULL,NULL,NULL),(862,'strFontNames',2,NULL,NULL,'null','0.3.12',NULL,NULL,NULL),(863,'blnFontOverline',5,NULL,NULL,'false','0.3.12',NULL,NULL,NULL),(864,'strFontSize',2,NULL,NULL,'null','0.3.12',NULL,NULL,NULL),(865,'blnFontStrikeout',5,NULL,NULL,'false','0.3.12',NULL,NULL,NULL),(866,'blnFontUnderline',5,NULL,NULL,'false','0.3.12',NULL,NULL,NULL),(867,'strForeColor',2,NULL,NULL,'null','0.3.12',NULL,NULL,NULL),(868,'intOpacity',3,NULL,NULL,'null','0.3.12',NULL,NULL,NULL),(869,'strAccessKey',2,NULL,NULL,'null','0.3.12',NULL,NULL,NULL),(870,'mixCausesValidation',6,NULL,NULL,'false','0.3.12',NULL,NULL,NULL),(871,'strCursor',2,NULL,NULL,'QCursor::NotSet','0.3.12',NULL,NULL,NULL),(872,'blnEnabled',5,NULL,NULL,'true','0.3.12',NULL,NULL,NULL),(873,'blnRequired',5,NULL,NULL,'false','0.3.12',NULL,NULL,NULL),(874,'intTabIndex',3,NULL,NULL,'0','0.3.12',NULL,NULL,NULL),(875,'strToolTip',2,NULL,NULL,'null','0.3.12',NULL,NULL,NULL),(876,'strValidationError',2,NULL,NULL,'null','0.3.12',NULL,NULL,NULL),(877,'blnVisible',5,NULL,NULL,'true','0.3.12',NULL,NULL,NULL),(878,'strHeight',2,NULL,NULL,'null','0.3.12',NULL,NULL,NULL),(879,'strWidth',2,NULL,NULL,'null','0.3.12',NULL,NULL,NULL),(880,'strHtmlBefore',2,NULL,NULL,'null','0.3.12',NULL,NULL,NULL),(881,'strHtmlAfter',2,NULL,NULL,'null','0.3.12',NULL,NULL,NULL),(882,'strInstructions',2,NULL,NULL,'null','0.3.12',NULL,NULL,NULL),(883,'strWarning',2,NULL,NULL,'null','0.3.12',NULL,NULL,NULL),(884,'strOverflow',2,NULL,NULL,'QOverflow::NotSet','0.3.12',NULL,NULL,NULL),(885,'strPosition',2,NULL,NULL,'QPosition::NotSet','0.3.12',NULL,NULL,NULL),(886,'strTop',2,NULL,NULL,'null','0.3.12',NULL,NULL,NULL),(887,'strLeft',2,NULL,NULL,'null','0.3.12',NULL,NULL,NULL),(888,'blnMoveable',5,NULL,NULL,'false','0.3.12',NULL,NULL,NULL),(889,'strControlId',2,NULL,NULL,NULL,'0.3.12',NULL,NULL,NULL),(890,'objForm',9,NULL,NULL,'null','0.3.12',NULL,NULL,NULL),(891,'objParentControl',9,NULL,NULL,'null','0.3.12',NULL,NULL,NULL),(892,'objChildControlArray',9,NULL,1,'array','0.3.12',NULL,NULL,NULL),(893,'strName',2,NULL,NULL,'null','0.3.12',NULL,NULL,NULL),(894,'blnRendered',5,NULL,NULL,'false','0.3.12',NULL,NULL,NULL),(895,'blnRendering',5,NULL,NULL,'false','0.3.12',NULL,NULL,NULL),(896,'blnModified',5,NULL,NULL,'false','0.3.12',NULL,NULL,NULL),(897,'blnWrapperModified',5,NULL,NULL,'false','0.3.12',NULL,NULL,NULL),(898,'strRenderMethod',2,NULL,NULL,NULL,'0.3.12',NULL,NULL,NULL),(899,'strCustomAttributeArray',2,NULL,1,'null','0.3.12',NULL,NULL,NULL),(900,'strCustomStyleArray',2,NULL,1,'null','0.3.12',NULL,NULL,NULL),(901,'objActionArray',9,NULL,1,'array','0.3.12',NULL,NULL,NULL),(902,'strActionParameter',2,NULL,NULL,'null','0.3.12',NULL,NULL,NULL),(903,'strJavaScripts',2,NULL,NULL,'null','0.3.12',NULL,NULL,NULL),(904,'strFormAttributes',2,NULL,NULL,'null','0.3.12',NULL,NULL,NULL),(905,'blnActionsMustTerminate',5,NULL,0,'false','0.3.12',NULL,'This variable can\'t be set after an object has been instantiated.',''),(906,'blnIsBlockElement',5,NULL,NULL,'false','0.3.12',NULL,NULL,NULL),(907,'objParentObject',9,NULL,NULL,NULL,'0.3.12',NULL,NULL,NULL),(908,'strControlId',2,NULL,NULL,'null','0.3.12',NULL,NULL,NULL),(909,'objControl',9,NULL,NULL,NULL,'0.3.12',NULL,NULL,NULL),(910,'blnUseNumericIndexes',5,NULL,NULL,'true','0.3.12',NULL,NULL,NULL),(911,'blnRemoveFromForm',5,NULL,NULL,NULL,'0.3.12',NULL,NULL,NULL),(912,'strControlId',2,NULL,NULL,NULL,'0.3.12',NULL,NULL,NULL),(913,'blnRemoveFromForm',5,NULL,NULL,NULL,'0.3.12',NULL,NULL,NULL),(914,'objEvent',9,NULL,NULL,NULL,'0.3.12',NULL,NULL,NULL),(915,'objAction',9,NULL,NULL,NULL,'0.3.12',NULL,NULL,NULL),(916,'objEvent',9,NULL,NULL,NULL,'0.3.12',NULL,NULL,NULL),(917,'objActionArray',9,NULL,1,NULL,'0.3.12',NULL,NULL,NULL),(2886,'strCssClassName',2,NULL,NULL,NULL,'0.3.35',NULL,NULL,NULL),(919,'strEventType',2,NULL,NULL,NULL,'0.3.12',NULL,NULL,NULL),(920,'strActionType',2,NULL,NULL,'null','0.3.12',NULL,NULL,NULL),(921,'strName',2,NULL,NULL,NULL,'0.3.12',NULL,NULL,NULL),(922,'strValue',2,NULL,NULL,NULL,'0.3.12',NULL,NULL,NULL),(923,'strName',2,NULL,NULL,NULL,'0.3.12',NULL,NULL,NULL),(924,'strName',2,NULL,NULL,NULL,'0.3.12',NULL,NULL,NULL),(925,'strName',2,NULL,NULL,NULL,'0.3.12',NULL,NULL,NULL),(926,'strValue',2,NULL,NULL,NULL,'0.3.12',NULL,NULL,NULL),(927,'strName',2,NULL,NULL,NULL,'0.3.12',NULL,NULL,NULL),(928,'strName',2,NULL,NULL,NULL,'0.3.12',NULL,NULL,NULL),(929,'blnIncludeCustom',5,NULL,NULL,'true','0.3.12',NULL,NULL,NULL),(930,'blnIncludeAction',5,NULL,NULL,'true','0.3.12',NULL,NULL,NULL),(931,'strEventName',2,NULL,NULL,NULL,'0.3.12',NULL,NULL,NULL),(932,'mixParameterArray',6,NULL,1,NULL,'0.3.12',NULL,NULL,NULL),(933,'strRenderMethod',2,NULL,NULL,NULL,'0.3.12',NULL,NULL,NULL),(934,'strOutput',2,NULL,NULL,NULL,'0.3.12',NULL,NULL,NULL),(935,'blnDisplayOutput',5,NULL,NULL,NULL,'0.3.12',NULL,NULL,NULL),(936,'blnForceAsBlockElement',5,NULL,NULL,'false','0.3.12',NULL,NULL,NULL),(937,'blnDisplayOutput',5,NULL,NULL,'true','0.3.12',NULL,NULL,NULL),(938,'blnDisplayOutput',5,NULL,NULL,'true','0.3.12',NULL,NULL,NULL),(939,'blnDisplayOutput',5,NULL,NULL,'true','0.3.12',NULL,NULL,NULL),(940,'blnDisplayOutput',5,NULL,NULL,'true','0.3.12',NULL,NULL,NULL),(941,'objForm',9,NULL,NULL,NULL,'0.3.12',NULL,NULL,NULL),(942,'objControl',9,NULL,NULL,NULL,'0.3.12',NULL,NULL,NULL),(943,'blnReturn',5,NULL,NULL,'true','0.3.12',NULL,NULL,NULL),(944,'BackColor',2,NULL,NULL,'null','0.3.12',NULL,NULL,NULL),(945,'BorderColor',2,NULL,NULL,'null','0.3.12',NULL,NULL,NULL),(946,'BorderStyle',2,NULL,NULL,'QBorderStyle::NotSet','0.3.12',NULL,NULL,NULL),(947,'BorderWidth',2,NULL,NULL,'null','0.3.12',NULL,NULL,NULL),(948,'CssClass',2,NULL,NULL,'null','0.3.12',NULL,NULL,NULL),(949,'Display',5,NULL,NULL,'true','0.3.12',NULL,NULL,NULL),(950,'DisplayStyle',2,NULL,NULL,'QDisplayStyle::NotSet','0.3.12',NULL,NULL,NULL),(951,'FontBold',5,NULL,NULL,'false','0.3.12',NULL,NULL,NULL),(952,'FontItalic',5,NULL,NULL,'false','0.3.12',NULL,NULL,NULL),(953,'FontNames',2,NULL,NULL,'null','0.3.12',NULL,NULL,NULL),(954,'FontOverline',5,NULL,NULL,'false','0.3.12',NULL,NULL,NULL),(955,'FontSize',2,NULL,NULL,'null','0.3.12',NULL,NULL,NULL),(956,'FontStrikeout',5,NULL,NULL,'false','0.3.12',NULL,NULL,NULL),(957,'FontUnderline',5,NULL,NULL,'false','0.3.12',NULL,NULL,NULL),(958,'ForeColor',2,NULL,NULL,'null','0.3.12',NULL,NULL,NULL),(959,'Opacity',3,NULL,NULL,'null','0.3.12',NULL,NULL,NULL),(960,'AccessKey',2,NULL,NULL,'null','0.3.12',NULL,NULL,NULL),(961,'CausesValidation',6,NULL,NULL,'false','0.3.12',NULL,NULL,NULL),(962,'Cursor',2,NULL,NULL,'QCursor::NotSet','0.3.12',NULL,NULL,NULL),(963,'Enabled',5,NULL,NULL,'true','0.3.12',NULL,NULL,NULL),(964,'Required',5,NULL,NULL,'false','0.3.12',NULL,NULL,NULL),(965,'TabIndex',3,NULL,NULL,'0','0.3.12',NULL,NULL,NULL),(966,'ToolTip',2,NULL,NULL,'null','0.3.12',NULL,NULL,NULL),(967,'ValidationError',2,NULL,NULL,'null','0.3.12',NULL,NULL,NULL),(968,'Visible',5,NULL,NULL,'true','0.3.12',NULL,NULL,NULL),(969,'Height',2,NULL,NULL,'null','0.3.12',NULL,NULL,NULL),(970,'Width',2,NULL,NULL,'null','0.3.12',NULL,NULL,NULL),(971,'HtmlBefore',2,NULL,NULL,'null','0.3.12',NULL,NULL,NULL),(972,'HtmlAfter',2,NULL,NULL,'null','0.3.12',NULL,NULL,NULL),(973,'Instructions',2,NULL,NULL,'null','0.3.12',NULL,NULL,NULL),(974,'Warning',2,NULL,NULL,'null','0.3.12',NULL,NULL,NULL),(975,'Overflow',2,NULL,NULL,'QOverflow::NotSet','0.3.12',NULL,NULL,NULL),(976,'Position',2,NULL,NULL,'QPosition::NotSet','0.3.12',NULL,NULL,NULL),(977,'Top',2,NULL,NULL,'null','0.3.12',NULL,NULL,NULL),(978,'Left',2,NULL,NULL,'null','0.3.12',NULL,NULL,NULL),(979,'Moveable',5,NULL,NULL,'false','0.3.12',NULL,NULL,NULL),(980,'ControlId',2,NULL,NULL,NULL,'0.3.12',NULL,NULL,NULL),(981,'Form',9,NULL,NULL,'null','0.3.12',NULL,NULL,NULL),(982,'ParentControl',9,NULL,NULL,'null','0.3.12',NULL,NULL,NULL),(983,'Name',2,NULL,NULL,'null','0.3.12',NULL,NULL,NULL),(984,'Rendered',5,NULL,NULL,'false','0.3.12',NULL,NULL,NULL),(985,'Rendering',5,NULL,NULL,'false','0.3.12',NULL,NULL,NULL),(986,'RenderMethod',2,NULL,NULL,NULL,'0.3.12',NULL,NULL,NULL),(987,'Modified',5,NULL,NULL,'false','0.3.12',NULL,NULL,NULL),(988,'WrapperModified',5,NULL,NULL,'false','0.3.12',NULL,NULL,NULL),(989,'ActionParameter',2,NULL,NULL,'null','0.3.12',NULL,NULL,NULL),(990,'ActionsMustTerminate',5,NULL,0,'false','0.3.12',NULL,'This variable can\'t be set after an object has been instantiated.',''),(991,'JavaScripts',2,NULL,NULL,'null','0.3.12',NULL,NULL,NULL),(992,'FormAttributes',2,NULL,NULL,'null','0.3.12',NULL,NULL,NULL),(993,'strText',2,NULL,NULL,'null','0.3.12',NULL,NULL,NULL),(994,'strTextAlign',2,NULL,NULL,'QTextAlign::Right','0.3.12',NULL,NULL,NULL),(995,'blnChecked',5,NULL,NULL,'false','0.3.12',NULL,NULL,NULL),(996,'Text',2,NULL,NULL,'null','0.3.12',NULL,NULL,NULL),(997,'TextAlign',2,NULL,NULL,'QTextAlign::Right','0.3.12',NULL,NULL,NULL),(998,'Checked',5,NULL,NULL,'false','0.3.12',NULL,NULL,NULL),(999,'strText',2,NULL,NULL,'null','0.3.12',NULL,NULL,NULL),(1000,'blnHtmlEntities',5,NULL,NULL,'true','0.3.12',NULL,NULL,NULL),(1001,'Text',2,NULL,NULL,'null','0.3.12',NULL,NULL,NULL),(1002,'HtmlEntities',5,NULL,NULL,'true','0.3.12',NULL,NULL,NULL),(1003,'Jpeg',2,NULL,0,'\'jpg\'','0.3.12',NULL,'Represents the jpeg file format.',''),(1004,'Png',2,NULL,0,'\'png\'','0.3.12',NULL,'Represents the png file format.',''),(1005,'Gif',2,NULL,0,'\'gif\'','0.3.12',NULL,'Represents the gif file type.',''),(1006,'strForeColor',2,NULL,NULL,'\'000000\'','0.3.12',NULL,NULL,NULL),(1007,'strBackColor',2,NULL,NULL,'\'ffffff\'','0.3.12',NULL,NULL,NULL),(1008,'strFontSize',2,NULL,NULL,'12','0.3.12',NULL,NULL,NULL),(1009,'strText',2,NULL,NULL,'null','0.3.12',NULL,NULL,NULL),(1010,'intXCoordinate',3,NULL,NULL,'0','0.3.12',NULL,NULL,NULL),(1011,'intYCoordinate',3,NULL,NULL,'0','0.3.12',NULL,NULL,NULL),(1012,'blnBackgroundTransparent',5,NULL,NULL,'false','0.3.12',NULL,NULL,NULL),(1013,'strImageType',2,NULL,NULL,'QImageType::Png','0.3.12',NULL,NULL,NULL),(1014,'intQuality',3,NULL,NULL,'100','0.3.12',NULL,NULL,NULL),(1015,'blnSmoothFont',5,NULL,NULL,'true','0.3.12',NULL,NULL,NULL),(1016,'strHorizontalAlign',2,NULL,NULL,'QHorizontalAlign::Left','0.3.12',NULL,NULL,NULL),(1017,'strVerticalAlign',2,NULL,NULL,'QVerticalAlign::Top','0.3.12',NULL,NULL,NULL),(1018,'intPaddingWidth',3,NULL,NULL,'0','0.3.12',NULL,NULL,NULL),(1019,'intPaddingHeight',3,NULL,NULL,'0','0.3.12',NULL,NULL,NULL),(1020,'intSpace',3,NULL,NULL,'0','0.3.12',NULL,NULL,NULL),(1021,'intTightness',3,NULL,NULL,'0','0.3.12',NULL,NULL,NULL),(1022,'intAngle',3,NULL,NULL,'0','0.3.12',NULL,NULL,NULL),(1023,'strCacheFolder',2,NULL,NULL,'null','0.3.12',NULL,NULL,NULL),(1024,'strCachedImageFilePath',2,NULL,NULL,'null','0.3.12',NULL,NULL,NULL),(1025,'strPath',2,NULL,NULL,'null','0.3.12',NULL,NULL,NULL),(1026,'Text',2,NULL,NULL,'null','0.3.12',NULL,NULL,NULL),(1027,'XCoordinate',3,NULL,NULL,'0','0.3.12',NULL,NULL,NULL),(1028,'YCoordinate',3,NULL,NULL,'0','0.3.12',NULL,NULL,NULL),(1029,'BackgroundTransparent',5,NULL,NULL,'false','0.3.12',NULL,NULL,NULL),(1030,'ImageType',2,NULL,NULL,'QImageType::Png','0.3.12',NULL,NULL,NULL),(1031,'Quality',3,NULL,NULL,'100','0.3.12',NULL,NULL,NULL),(1032,'SmoothFont',5,NULL,NULL,'true','0.3.12',NULL,NULL,NULL),(1033,'HorizontalAlign',2,NULL,NULL,'QHorizontalAlign::Left','0.3.12',NULL,NULL,NULL),(1034,'VerticalAlign',2,NULL,NULL,'QVerticalAlign::Top','0.3.12',NULL,NULL,NULL),(1035,'PaddingWidth',3,NULL,NULL,'0','0.3.12',NULL,NULL,NULL),(1036,'PaddingHeight',3,NULL,NULL,'0','0.3.12',NULL,NULL,NULL),(1037,'Space',3,NULL,NULL,'0','0.3.12',NULL,NULL,NULL),(1038,'Tightness',3,NULL,NULL,'0','0.3.12',NULL,NULL,NULL),(1039,'Angle',3,NULL,NULL,'0','0.3.12',NULL,NULL,NULL),(1040,'CacheFolder',2,NULL,NULL,'null','0.3.12',NULL,NULL,NULL),(1041,'CachedImageFilePath',2,NULL,NULL,'null','0.3.12',NULL,NULL,NULL),(1042,'ForeColor',2,NULL,NULL,'\'000000\'','0.3.12',NULL,NULL,NULL),(1043,'BackColor',2,NULL,NULL,'\'ffffff\'','0.3.12',NULL,NULL,NULL),(1044,'FontSize',2,NULL,NULL,'12','0.3.12',NULL,NULL,NULL),(1045,'Width',1,NULL,NULL,NULL,'0.3.12',NULL,NULL,NULL),(1046,'Height',1,NULL,NULL,NULL,'0.3.12',NULL,NULL,NULL),(1047,'FontNames',1,NULL,NULL,NULL,'0.3.12',NULL,NULL,NULL),(1048,'StatePath',1,NULL,NULL,'\'/tmp\'','0.3.12',NULL,NULL,NULL),(1049,'FileNamePrefix',1,NULL,NULL,'\'qformstate_\'','0.3.12',NULL,NULL,NULL),(1050,'GarbageCollectInterval',1,NULL,NULL,'200','0.3.12',NULL,NULL,NULL),(1051,'GarbageCollectDaysOld',1,NULL,NULL,'2','0.3.12',NULL,NULL,NULL),(1052,'strFormState',2,NULL,NULL,NULL,'0.3.12',NULL,NULL,NULL),(1053,'strPostDataState',2,NULL,NULL,NULL,'0.3.12',NULL,NULL,NULL),(1054,'strFormState',2,NULL,NULL,NULL,'0.3.12',NULL,NULL,NULL),(1055,'strPostDataState',2,NULL,NULL,NULL,'0.3.12',NULL,NULL,NULL),(1056,'strFormState',2,NULL,NULL,NULL,'0.3.12',NULL,NULL,NULL),(1057,'strPostDataState',2,NULL,NULL,NULL,'0.3.12',NULL,NULL,NULL),(1058,'strQuery',2,NULL,NULL,NULL,'0.3.12',NULL,NULL,NULL),(1059,'intMySqlFieldType',3,NULL,NULL,NULL,'0.3.12',NULL,NULL,NULL),(1060,'objMySqli',9,NULL,NULL,NULL,'0.3.12',NULL,NULL,NULL),(1061,'strEscapeIdentifierBegin',2,NULL,NULL,'\'`\'','0.3.12',NULL,NULL,NULL),(1062,'strEscapeIdentifierEnd',2,NULL,NULL,'\'`\'','0.3.12',NULL,NULL,NULL),(1063,'strLimitInfo',2,NULL,NULL,NULL,'0.3.12',NULL,NULL,NULL),(1064,'strLimitInfo',2,NULL,NULL,NULL,'0.3.12',NULL,NULL,NULL),(1065,'strSortByInfo',2,NULL,NULL,NULL,'0.3.12',NULL,NULL,NULL),(1066,'intDatabaseIndex',3,NULL,NULL,NULL,'0.3.12',NULL,NULL,NULL),(1067,'strQuery',2,NULL,NULL,NULL,'0.3.12',NULL,NULL,NULL),(1068,'strNonQuery',2,NULL,NULL,NULL,'0.3.12',NULL,NULL,NULL),(1069,'strTableName',2,NULL,NULL,NULL,'0.3.12',NULL,NULL,NULL),(1070,'strTableName',2,NULL,NULL,'null','0.3.12',NULL,NULL,NULL),(1071,'strColumnName',2,NULL,NULL,'null','0.3.12',NULL,NULL,NULL),(1072,'strTableName',2,NULL,NULL,NULL,'0.3.12',NULL,NULL,NULL),(1073,'strTableName',2,NULL,NULL,NULL,'0.3.12',NULL,NULL,NULL),(1074,'strKeyDefinition',2,NULL,NULL,NULL,'0.3.12',NULL,NULL,NULL),(1075,'strKeyDefinition',2,NULL,NULL,NULL,'0.3.12',NULL,NULL,NULL),(1076,'strCreateStatement',2,NULL,NULL,NULL,'0.3.12',NULL,NULL,NULL),(1077,'strCreateStatement',2,NULL,NULL,NULL,'0.3.12',NULL,NULL,NULL),(1078,'strTableName',2,NULL,NULL,NULL,'0.3.12',NULL,NULL,NULL),(1079,'strCreateStatement',2,NULL,NULL,NULL,'0.3.12',NULL,NULL,NULL),(1080,'AffectedRows',1,NULL,NULL,NULL,'0.3.12',NULL,NULL,NULL),(1081,'strMessage',2,NULL,NULL,NULL,'0.3.12',NULL,NULL,NULL),(1082,'intNumber',3,NULL,NULL,NULL,'0.3.12',NULL,NULL,NULL),(1083,'strQuery',2,NULL,NULL,NULL,'0.3.12',NULL,NULL,NULL),(1084,'objMySqliResult',9,NULL,NULL,NULL,'0.3.12',NULL,NULL,NULL),(1085,'objDb',9,NULL,NULL,NULL,'0.3.12',NULL,NULL,NULL),(1086,'objResult',9,NULL,NULL,NULL,'0.3.12',NULL,NULL,NULL),(1087,'objDb',9,NULL,NULL,NULL,'0.3.12',NULL,NULL,NULL),(1088,'strColumnArray',2,NULL,1,NULL,'0.3.12',NULL,NULL,NULL),(1089,'strColumnArray',2,NULL,1,NULL,'0.3.12',NULL,NULL,NULL),(1090,'strColumnName',2,NULL,NULL,NULL,'0.3.12',NULL,NULL,NULL),(1091,'strColumnType',2,NULL,NULL,'null','0.3.12',NULL,NULL,NULL),(1092,'strColumnName',2,NULL,NULL,NULL,'0.3.12',NULL,NULL,NULL),(1093,'mixFieldData',6,NULL,NULL,NULL,'0.3.12',NULL,NULL,NULL),(1094,'objDb',9,NULL,NULL,'null','0.3.12',NULL,NULL,NULL),(1095,'intMySqlFieldType',3,NULL,NULL,NULL,'0.3.12',NULL,NULL,NULL),(1096,'objMsSql',9,NULL,NULL,NULL,'0.3.12',NULL,NULL,NULL),(1097,'strEscapeIdentifierBegin',2,NULL,NULL,'\'[\'','0.3.12',NULL,NULL,NULL),(1098,'strEscapeIdentifierEnd',2,NULL,NULL,'\']\'','0.3.12',NULL,NULL,NULL),(1099,'mixData',6,NULL,NULL,NULL,'0.3.12',NULL,NULL,NULL),(1100,'blnIncludeEquality',5,NULL,NULL,'false','0.3.12',NULL,NULL,NULL),(1101,'strLimitInfo',2,NULL,NULL,NULL,'0.3.12',NULL,NULL,NULL),(1102,'strLimitInfo',2,NULL,NULL,NULL,'0.3.12',NULL,NULL,NULL),(1103,'strSortByInfo',2,NULL,NULL,NULL,'0.3.12',NULL,NULL,NULL),(1104,'intDatabaseIndex',3,NULL,NULL,NULL,'0.3.12',NULL,NULL,NULL),(1105,'strQuery',2,NULL,NULL,NULL,'0.3.12',NULL,NULL,NULL),(1106,'strNonQuery',2,NULL,NULL,NULL,'0.3.12',NULL,NULL,NULL),(1107,'intTableId',3,NULL,NULL,NULL,'0.3.12',NULL,NULL,NULL),(1108,'strTableName',2,NULL,NULL,NULL,'0.3.12',NULL,NULL,NULL),(1109,'strTableName',2,NULL,NULL,'null','0.3.12',NULL,NULL,NULL),(1110,'strColumnName',2,NULL,NULL,'null','0.3.12',NULL,NULL,NULL),(1111,'strTableName',2,NULL,NULL,NULL,'0.3.12',NULL,NULL,NULL),(1112,'strTableName',2,NULL,NULL,NULL,'0.3.12',NULL,NULL,NULL),(1113,'AffectedRows',1,NULL,NULL,NULL,'0.3.12',NULL,NULL,NULL),(1114,'strMessage',2,NULL,NULL,NULL,'0.3.12',NULL,NULL,NULL),(1115,'intNumber',3,NULL,NULL,NULL,'0.3.12',NULL,NULL,NULL),(1116,'strQuery',2,NULL,NULL,NULL,'0.3.12',NULL,NULL,NULL),(1117,'objMsSqlResult',9,NULL,NULL,NULL,'0.3.12',NULL,NULL,NULL),(1118,'objDb',9,NULL,NULL,NULL,'0.3.12',NULL,NULL,NULL),(1119,'objResult',9,NULL,NULL,NULL,'0.3.12',NULL,NULL,NULL),(1120,'objDb',9,NULL,NULL,NULL,'0.3.12',NULL,NULL,NULL),(1121,'strColumnArray',2,NULL,1,NULL,'0.3.12',NULL,NULL,NULL),(1122,'strColumnArray',2,NULL,1,NULL,'0.3.12',NULL,NULL,NULL),(1123,'strColumnName',2,NULL,NULL,NULL,'0.3.12',NULL,NULL,NULL),(1124,'strColumnType',2,NULL,NULL,'null','0.3.12',NULL,NULL,NULL),(1125,'strColumnName',2,NULL,NULL,NULL,'0.3.12',NULL,NULL,NULL),(1126,'mixFieldData',6,NULL,NULL,NULL,'0.3.12',NULL,NULL,NULL),(1127,'objDb',9,NULL,NULL,'null','0.3.12',NULL,NULL,NULL),(1128,'objPgSql',9,NULL,NULL,NULL,'0.3.12',NULL,NULL,NULL),(1129,'objMostRecentResult',9,NULL,NULL,NULL,'0.3.12',NULL,NULL,NULL),(1130,'mixData',6,NULL,NULL,NULL,'0.3.12',NULL,NULL,NULL),(1131,'blnIncludeEquality',5,NULL,NULL,'false','0.3.12',NULL,NULL,NULL),(1132,'strLimitInfo',2,NULL,NULL,NULL,'0.3.12',NULL,NULL,NULL),(1133,'strLimitInfo',2,NULL,NULL,NULL,'0.3.12',NULL,NULL,NULL),(1134,'strSortByInfo',2,NULL,NULL,NULL,'0.3.12',NULL,NULL,NULL),(1135,'intDatabaseIndex',3,NULL,NULL,NULL,'0.3.12',NULL,NULL,NULL),(1136,'strQuery',2,NULL,NULL,NULL,'0.3.12',NULL,NULL,NULL),(1137,'strNonQuery',2,NULL,NULL,NULL,'0.3.12',NULL,NULL,NULL),(1138,'strTableName',2,NULL,NULL,NULL,'0.3.12',NULL,NULL,NULL),(1139,'strTableName',2,NULL,NULL,'null','0.3.12',NULL,NULL,NULL),(1140,'strColumnName',2,NULL,NULL,'null','0.3.12',NULL,NULL,NULL),(1141,'strKeyDefinition',2,NULL,NULL,NULL,'0.3.12',NULL,NULL,NULL),(1142,'strTableName',2,NULL,NULL,NULL,'0.3.12',NULL,NULL,NULL),(1143,'strTableName',2,NULL,NULL,NULL,'0.3.12',NULL,NULL,NULL),(1144,'AffectedRows',1,NULL,NULL,NULL,'0.3.12',NULL,NULL,NULL),(1145,'strMessage',2,NULL,NULL,NULL,'0.3.12',NULL,NULL,NULL),(1146,'intNumber',3,NULL,NULL,NULL,'0.3.12',NULL,NULL,NULL),(1147,'strQuery',2,NULL,NULL,NULL,'0.3.12',NULL,NULL,NULL),(1148,'objPgSqlResult',9,NULL,NULL,NULL,'0.3.12',NULL,NULL,NULL),(1149,'objDb',9,NULL,NULL,NULL,'0.3.12',NULL,NULL,NULL),(1150,'objResult',9,NULL,NULL,NULL,'0.3.12',NULL,NULL,NULL),(1151,'objDb',9,NULL,NULL,NULL,'0.3.12',NULL,NULL,NULL),(1152,'strColumnArray',2,NULL,1,NULL,'0.3.12',NULL,NULL,NULL),(1153,'strColumnArray',2,NULL,1,NULL,'0.3.12',NULL,NULL,NULL),(1154,'strColumnName',2,NULL,NULL,NULL,'0.3.12',NULL,NULL,NULL),(1155,'strColumnType',2,NULL,NULL,'null','0.3.12',NULL,NULL,NULL),(1156,'strColumnName',2,NULL,NULL,NULL,'0.3.12',NULL,NULL,NULL),(1157,'mixFieldData',6,NULL,NULL,NULL,'0.3.12',NULL,NULL,NULL),(1158,'objDb',9,NULL,NULL,'null','0.3.12',NULL,NULL,NULL),(1159,'objDb',9,NULL,NULL,NULL,'0.3.12',NULL,NULL,NULL),(1160,'intDatabaseIndex',3,NULL,NULL,NULL,'0.3.12',NULL,NULL,NULL),(1161,'strQuery',2,NULL,NULL,NULL,'0.3.12',NULL,NULL,NULL),(1162,'strNonQuery',2,NULL,NULL,NULL,'0.3.12',NULL,NULL,NULL),(1163,'strTableName',2,NULL,NULL,'null','0.3.12',NULL,NULL,NULL),(1164,'strColumnName',2,NULL,NULL,'null','0.3.12',NULL,NULL,NULL),(1165,'AffectedRows',1,NULL,NULL,NULL,'0.3.12',NULL,NULL,NULL),(1166,'objMySqlResult',9,NULL,NULL,NULL,'0.3.12',NULL,NULL,NULL),(1167,'objDb',9,NULL,NULL,NULL,'0.3.12',NULL,NULL,NULL),(1168,'objResult',9,NULL,NULL,NULL,'0.3.12',NULL,NULL,NULL),(1169,'objDb',9,NULL,NULL,NULL,'0.3.12',NULL,NULL,NULL),(1170,'mixFieldData',6,NULL,NULL,NULL,'0.3.12',NULL,NULL,NULL),(1171,'objDb',9,NULL,NULL,'null','0.3.12',NULL,NULL,NULL),(1172,'strKeyName',2,NULL,NULL,NULL,'0.3.12',NULL,NULL,NULL),(1173,'strTable',2,NULL,NULL,NULL,'0.3.12',NULL,NULL,NULL),(1174,'strColumn',2,NULL,NULL,NULL,'0.3.12',NULL,NULL,NULL),(1175,'strOppositeColumn',2,NULL,NULL,NULL,'0.3.12',NULL,NULL,NULL),(1176,'strOppositeVariableType',2,NULL,NULL,NULL,'0.3.12',NULL,NULL,NULL),(1177,'strOppositeVariableName',2,NULL,NULL,NULL,'0.3.12',NULL,NULL,NULL),(1178,'strOppositePropertyName',2,NULL,NULL,NULL,'0.3.12',NULL,NULL,NULL),(1179,'strOppositeObjectDescription',2,NULL,NULL,NULL,'0.3.12',NULL,NULL,NULL),(1180,'strAssociatedTable',2,NULL,NULL,NULL,'0.3.12',NULL,NULL,NULL),(1181,'strVariableName',2,NULL,NULL,NULL,'0.3.12',NULL,NULL,NULL),(1182,'strVariableType',2,NULL,NULL,NULL,'0.3.12',NULL,NULL,NULL),(1183,'strObjectDescription',2,NULL,NULL,NULL,'0.3.12',NULL,NULL,NULL),(1184,'strObjectDescriptionPlural',2,NULL,NULL,NULL,'0.3.12',NULL,NULL,NULL),(1185,'objColumnArray',9,NULL,1,NULL,'0.3.12',NULL,NULL,NULL),(1186,'KeyName',2,NULL,NULL,NULL,'0.3.12',NULL,NULL,NULL),(1187,'Table',2,NULL,NULL,NULL,'0.3.12',NULL,NULL,NULL),(1188,'Column',2,NULL,NULL,NULL,'0.3.12',NULL,NULL,NULL),(1189,'OppositeColumn',2,NULL,NULL,NULL,'0.3.12',NULL,NULL,NULL),(1190,'OppositeVariableType',2,NULL,NULL,NULL,'0.3.12',NULL,NULL,NULL),(1191,'OppositeVariableName',2,NULL,NULL,NULL,'0.3.12',NULL,NULL,NULL),(1192,'OppositePropertyName',2,NULL,NULL,NULL,'0.3.12',NULL,NULL,NULL),(1193,'OppositeObjectDescription',2,NULL,NULL,NULL,'0.3.12',NULL,NULL,NULL),(1194,'AssociatedTable',2,NULL,NULL,NULL,'0.3.12',NULL,NULL,NULL),(1195,'VariableName',2,NULL,NULL,NULL,'0.3.12',NULL,NULL,NULL),(1196,'VariableType',2,NULL,NULL,NULL,'0.3.12',NULL,NULL,NULL),(1197,'ObjectDescription',2,NULL,NULL,NULL,'0.3.12',NULL,NULL,NULL),(1198,'ObjectDescriptionPlural',2,NULL,NULL,NULL,'0.3.12',NULL,NULL,NULL),(1199,'ColumnArray',9,NULL,1,NULL,'0.3.12',NULL,NULL,NULL),(1200,'strKeyName',2,NULL,NULL,NULL,'0.3.12',NULL,NULL,NULL),(1201,'strTable',2,NULL,NULL,NULL,'0.3.12',NULL,NULL,NULL),(1202,'strColumn',2,NULL,NULL,NULL,'0.3.12',NULL,NULL,NULL),(1203,'blnNotNull',5,NULL,NULL,NULL,'0.3.12',NULL,NULL,NULL),(1204,'blnUnique',5,NULL,NULL,NULL,'0.3.12',NULL,NULL,NULL),(1205,'strVariableName',2,NULL,NULL,NULL,'0.3.12',NULL,NULL,NULL),(1206,'strVariableType',2,NULL,NULL,NULL,'0.3.12',NULL,NULL,NULL),(1207,'strPropertyName',2,NULL,NULL,NULL,'0.3.12',NULL,NULL,NULL),(1208,'strObjectDescription',2,NULL,NULL,NULL,'0.3.12',NULL,NULL,NULL),(1209,'strObjectDescriptionPlural',2,NULL,NULL,NULL,'0.3.12',NULL,NULL,NULL),(1210,'strObjectMemberVariable',2,NULL,NULL,NULL,'0.3.12',NULL,NULL,NULL),(1211,'strObjectPropertyName',2,NULL,NULL,NULL,'0.3.12',NULL,NULL,NULL),(1212,'KeyName',2,NULL,NULL,NULL,'0.3.12',NULL,NULL,NULL),(1213,'Table',2,NULL,NULL,NULL,'0.3.12',NULL,NULL,NULL),(1214,'Column',2,NULL,NULL,NULL,'0.3.12',NULL,NULL,NULL),(1215,'NotNull',5,NULL,NULL,NULL,'0.3.12',NULL,NULL,NULL),(1216,'Unique',5,NULL,NULL,NULL,'0.3.12',NULL,NULL,NULL),(1217,'VariableName',2,NULL,NULL,NULL,'0.3.12',NULL,NULL,NULL),(1218,'VariableType',2,NULL,NULL,NULL,'0.3.12',NULL,NULL,NULL),(1219,'PropertyName',2,NULL,NULL,NULL,'0.3.12',NULL,NULL,NULL),(1220,'ObjectDescription',2,NULL,NULL,NULL,'0.3.12',NULL,NULL,NULL),(1221,'ObjectDescriptionPlural',2,NULL,NULL,NULL,'0.3.12',NULL,NULL,NULL),(1222,'ObjectMemberVariable',2,NULL,NULL,NULL,'0.3.12',NULL,NULL,NULL),(1223,'ObjectPropertyName',2,NULL,NULL,NULL,'0.3.12',NULL,NULL,NULL),(1224,'PhpReservedWords',2,NULL,NULL,'\'new, null, break, return, switch, self, case, const, clone, continue, declare, default, echo, else, elseif, empty, exit, eval, if, try, throw, catch, public, private, protected, function, extends, fo','0.3.12',NULL,NULL,NULL),(1225,'TemplatesPath',2,NULL,NULL,'\'/codegen/templates/\'','0.3.12',NULL,NULL,NULL),(1226,'SubTemplatesPath',2,NULL,NULL,'\'/codegen/subtemplates/\'','0.3.12','0.3.43',NULL,NULL),(1227,'TemplatesPathCustom',2,NULL,NULL,'\'/codegen/templates/\'','0.3.12',NULL,NULL,NULL),(1228,'SubTemplatesPathCustom',2,NULL,NULL,'\'/codegen/subtemplates/\'','0.3.12','0.3.43',NULL,NULL),(1229,'DebugMode',2,NULL,NULL,'false','0.3.12',NULL,NULL,NULL),(1230,'strClassPrefix',2,NULL,NULL,NULL,'0.3.12',NULL,NULL,NULL),(1231,'strClassSuffix',2,NULL,NULL,NULL,'0.3.12',NULL,NULL,NULL),(1232,'strErrors',2,NULL,NULL,NULL,'0.3.12',NULL,NULL,NULL),(1233,'CodeGenArray',1,NULL,1,NULL,'0.3.12',NULL,NULL,NULL),(1234,'SettingsXmlArray',1,NULL,1,NULL,'0.3.12',NULL,NULL,NULL),(1235,'SettingsXml',1,NULL,NULL,NULL,'0.3.12',NULL,NULL,NULL),(1236,'SettingsFilePath',1,NULL,NULL,NULL,'0.3.12',NULL,NULL,NULL),(1237,'ApplicationName',1,NULL,NULL,NULL,'0.3.12',NULL,NULL,NULL),(1238,'TemplateEscapeBegin',1,NULL,NULL,NULL,'0.3.12',NULL,NULL,NULL),(1239,'TemplateEscapeBeginLength',1,NULL,NULL,NULL,'0.3.12',NULL,NULL,NULL),(1240,'TemplateEscapeEnd',1,NULL,NULL,NULL,'0.3.12',NULL,NULL,NULL),(1241,'TemplateEscapeEndLength',1,NULL,NULL,NULL,'0.3.12',NULL,NULL,NULL),(1242,'RootErrors',1,NULL,NULL,'\'\'','0.3.12',NULL,NULL,NULL),(1243,'strSettingsXmlFilePath',2,NULL,NULL,NULL,'0.3.12',NULL,NULL,NULL),(1244,'objNode',9,NULL,NULL,NULL,'0.3.12',NULL,NULL,NULL),(1245,'strTagName',2,NULL,NULL,NULL,'0.3.12',NULL,NULL,NULL),(1246,'strAttributeName',2,NULL,NULL,'null','0.3.12',NULL,NULL,NULL),(1247,'strType',2,NULL,NULL,'QType::String','0.3.12',NULL,NULL,NULL),(1248,'strTemplatePrefix',2,NULL,NULL,NULL,'0.3.12',NULL,NULL,NULL),(1249,'mixArgumentArray',6,NULL,1,NULL,'0.3.12',NULL,NULL,NULL),(2783,'strModuleName',2,NULL,NULL,NULL,'0.3.33',NULL,NULL,NULL),(1251,'mixArgumentArray',6,NULL,1,NULL,'0.3.12',NULL,NULL,NULL),(1252,'blnSave',5,NULL,NULL,'true','0.3.12',NULL,NULL,NULL),(1253,'strSubTemplateFilename',2,NULL,NULL,NULL,'0.3.12',NULL,NULL,NULL),(1254,'mixArgumentArray',6,NULL,1,NULL,'0.3.12',NULL,NULL,NULL),(1255,'strTemplate',2,NULL,NULL,NULL,'0.3.12',NULL,NULL,NULL),(1256,'mixArgumentArray',6,NULL,1,NULL,'0.3.12',NULL,NULL,NULL),(1257,'strTableName',2,NULL,NULL,NULL,'0.3.12',NULL,NULL,NULL),(1258,'objColumn',9,NULL,NULL,NULL,'0.3.12',NULL,NULL,NULL),(1259,'objColumn',9,NULL,NULL,NULL,'0.3.12',NULL,NULL,NULL),(1260,'objColumn',9,NULL,NULL,NULL,'0.3.12',NULL,NULL,NULL),(1261,'objColumn',9,NULL,NULL,NULL,'0.3.12',NULL,NULL,NULL),(1262,'objColumn',9,NULL,NULL,NULL,'0.3.12',NULL,NULL,NULL),(1263,'strTableName',2,NULL,NULL,NULL,'0.3.12',NULL,NULL,NULL),(1264,'strTableName',2,NULL,NULL,NULL,'0.3.12',NULL,NULL,NULL),(1265,'strTableName',2,NULL,NULL,NULL,'0.3.12',NULL,NULL,NULL),(1266,'objColumn',9,NULL,NULL,NULL,'0.3.12',NULL,NULL,NULL),(1267,'blnIncludeEquality',5,NULL,NULL,'false','0.3.12',NULL,NULL,NULL),(1268,'objColumnArray',9,NULL,1,NULL,'0.3.12',NULL,NULL,NULL),(1269,'strGlue',2,NULL,NULL,NULL,'0.3.12',NULL,NULL,NULL),(1270,'strPrefix',2,NULL,NULL,NULL,'0.3.12',NULL,NULL,NULL),(1271,'strSuffix',2,NULL,NULL,NULL,'0.3.12',NULL,NULL,NULL),(1272,'strProperty',2,NULL,NULL,NULL,'0.3.12',NULL,NULL,NULL),(1273,'objArrayToImplode',9,NULL,1,NULL,'0.3.12',NULL,NULL,NULL),(1274,'strName',2,NULL,NULL,NULL,'0.3.12',NULL,NULL,NULL),(1275,'objColumn',9,NULL,NULL,NULL,'0.3.12',NULL,NULL,NULL),(1276,'objReverseReference',9,NULL,NULL,NULL,'0.3.12',NULL,NULL,NULL),(1277,'objManyToManyReference',9,NULL,NULL,NULL,'0.3.12',NULL,NULL,NULL),(1278,'objColumn',9,NULL,NULL,NULL,'0.3.12',NULL,NULL,NULL),(1279,'strTableName',2,NULL,NULL,NULL,'0.3.12',NULL,NULL,NULL),(1280,'strColumnName',2,NULL,NULL,NULL,'0.3.12',NULL,NULL,NULL),(1281,'strReferencedTableName',2,NULL,NULL,NULL,'0.3.12',NULL,NULL,NULL),(1282,'strTableName',2,NULL,NULL,NULL,'0.3.12',NULL,NULL,NULL),(1283,'strColumnName',2,NULL,NULL,NULL,'0.3.12',NULL,NULL,NULL),(1284,'strReferencedTableName',2,NULL,NULL,NULL,'0.3.12',NULL,NULL,NULL),(1285,'strTableName',2,NULL,NULL,NULL,'0.3.12',NULL,NULL,NULL),(1286,'strColumnName',2,NULL,NULL,NULL,'0.3.12',NULL,NULL,NULL),(1287,'strReferencedTableName',2,NULL,NULL,NULL,'0.3.12',NULL,NULL,NULL),(1288,'blnPluralize',5,NULL,NULL,NULL,'0.3.12',NULL,NULL,NULL),(1289,'strAssociationTableName',2,NULL,NULL,NULL,'0.3.12',NULL,NULL,NULL),(1290,'strTableName',2,NULL,NULL,NULL,'0.3.12',NULL,NULL,NULL),(1291,'strReferencedTableName',2,NULL,NULL,NULL,'0.3.12',NULL,NULL,NULL),(1292,'blnPluralize',5,NULL,NULL,NULL,'0.3.12',NULL,NULL,NULL),(1293,'objForeignKeyArray',9,NULL,1,NULL,'0.3.12',NULL,NULL,NULL),(1294,'strDbType',2,NULL,NULL,NULL,'0.3.12',NULL,NULL,NULL),(1295,'strName',2,NULL,NULL,NULL,'0.3.12',NULL,NULL,NULL),(1296,'Errors',2,NULL,NULL,NULL,'0.3.12',NULL,NULL,NULL),(1297,'__exc_errno',1,NULL,NULL,NULL,'0.3.12',NULL,NULL,NULL),(1298,'__exc_errstr',1,NULL,NULL,NULL,'0.3.12',NULL,NULL,NULL),(1299,'__exc_errfile',1,NULL,NULL,NULL,'0.3.12',NULL,NULL,NULL),(1300,'__exc_errline',1,NULL,NULL,NULL,'0.3.12',NULL,NULL,NULL),(1301,'strKeyName',2,NULL,NULL,NULL,'0.3.12',NULL,NULL,NULL),(1302,'blnUnique',5,NULL,NULL,NULL,'0.3.12',NULL,NULL,NULL),(1303,'blnPrimaryKey',5,NULL,NULL,NULL,'0.3.12',NULL,NULL,NULL),(1304,'strColumnNameArray',2,NULL,1,NULL,'0.3.12',NULL,NULL,NULL),(1305,'KeyName',2,NULL,NULL,NULL,'0.3.12',NULL,NULL,NULL),(1306,'Unique',5,NULL,NULL,NULL,'0.3.12',NULL,NULL,NULL),(1307,'PrimaryKey',5,NULL,NULL,NULL,'0.3.12',NULL,NULL,NULL),(1308,'ColumnNameArray',2,NULL,1,NULL,'0.3.12',NULL,NULL,NULL),(1309,'strName',2,NULL,NULL,NULL,'0.3.12',NULL,NULL,NULL),(1310,'strClassName',2,NULL,NULL,NULL,'0.3.12',NULL,NULL,NULL),(1311,'strNameArray',2,NULL,1,NULL,'0.3.12',NULL,NULL,NULL),(1312,'strTokenArray',2,NULL,1,NULL,'0.3.12',NULL,NULL,NULL),(1313,'strName',2,NULL,NULL,NULL,'0.3.12',NULL,NULL,NULL),(1314,'Name',2,NULL,NULL,NULL,'0.3.12',NULL,NULL,NULL),(1315,'ClassName',2,NULL,NULL,NULL,'0.3.12',NULL,NULL,NULL),(1316,'NameArray',2,NULL,1,NULL,'0.3.12',NULL,NULL,NULL),(1317,'TokenArray',2,NULL,1,NULL,'0.3.12',NULL,NULL,NULL),(1318,'strKeyName',2,NULL,NULL,NULL,'0.3.12',NULL,NULL,NULL),(1319,'strTable',2,NULL,NULL,NULL,'0.3.12',NULL,NULL,NULL),(1320,'strColumn',2,NULL,NULL,NULL,'0.3.12',NULL,NULL,NULL),(1321,'strPropertyName',2,NULL,NULL,NULL,'0.3.12',NULL,NULL,NULL),(1322,'strVariableName',2,NULL,NULL,NULL,'0.3.12',NULL,NULL,NULL),(1323,'strVariableType',2,NULL,NULL,NULL,'0.3.12',NULL,NULL,NULL),(1324,'blnIsType',5,NULL,NULL,NULL,'0.3.12',NULL,NULL,NULL),(1325,'KeyName',2,NULL,NULL,NULL,'0.3.12',NULL,NULL,NULL),(1326,'Table',2,NULL,NULL,NULL,'0.3.12',NULL,NULL,NULL),(1327,'Column',2,NULL,NULL,NULL,'0.3.12',NULL,NULL,NULL),(1328,'PropertyName',2,NULL,NULL,NULL,'0.3.12',NULL,NULL,NULL),(1329,'VariableName',2,NULL,NULL,NULL,'0.3.12',NULL,NULL,NULL),(1330,'VariableType',2,NULL,NULL,NULL,'0.3.12',NULL,NULL,NULL),(1331,'IsType',5,NULL,NULL,NULL,'0.3.12',NULL,NULL,NULL),(1332,'objTableArray',9,NULL,1,NULL,'0.3.12',NULL,NULL,NULL),(1333,'strExcludedTableArray',2,NULL,1,NULL,'0.3.12',NULL,NULL,NULL),(1334,'objTypeTableArray',9,NULL,1,NULL,'0.3.12',NULL,NULL,NULL),(1335,'strAssociationTableNameArray',2,NULL,1,NULL,'0.3.12',NULL,NULL,NULL),(1336,'objDb',9,NULL,NULL,NULL,'0.3.12',NULL,NULL,NULL),(1337,'intDatabaseIndex',3,NULL,NULL,NULL,'0.3.12',NULL,NULL,NULL),(1338,'strTypeTableSuffix',2,NULL,NULL,NULL,'0.3.12',NULL,NULL,NULL),(1339,'intTypeTableSuffixLength',3,NULL,NULL,NULL,'0.3.12',NULL,NULL,NULL),(1340,'strAssociationTableSuffix',2,NULL,NULL,NULL,'0.3.12',NULL,NULL,NULL),(1341,'intAssociationTableSuffixLength',3,NULL,NULL,NULL,'0.3.12',NULL,NULL,NULL),(1342,'strStripTablePrefix',2,NULL,NULL,NULL,'0.3.12',NULL,NULL,NULL),(1343,'intStripTablePrefixLength',3,NULL,NULL,NULL,'0.3.12',NULL,NULL,NULL),(1344,'strExcludePattern',2,NULL,NULL,NULL,'0.3.12',NULL,NULL,NULL),(1345,'strExcludeListArray',2,NULL,1,NULL,'0.3.12',NULL,NULL,NULL),(1346,'strIncludePattern',2,NULL,NULL,NULL,'0.3.12',NULL,NULL,NULL),(1347,'strIncludeListArray',2,NULL,1,NULL,'0.3.12',NULL,NULL,NULL),(1348,'strAssociatedObjectPrefix',2,NULL,NULL,NULL,'0.3.12',NULL,NULL,NULL),(1349,'strAssociatedObjectSuffix',2,NULL,NULL,NULL,'0.3.12',NULL,NULL,NULL),(1350,'blnManualQuerySupport',5,NULL,NULL,'false','0.3.12',NULL,NULL,NULL),(1351,'strRelationships',2,NULL,NULL,NULL,'0.3.12',NULL,NULL,NULL),(1352,'blnRelationshipsIgnoreCase',5,NULL,NULL,NULL,'0.3.12',NULL,NULL,NULL),(1353,'strRelationshipsScriptPath',2,NULL,NULL,NULL,'0.3.12',NULL,NULL,NULL),(1354,'strRelationshipsScriptFormat',2,NULL,NULL,NULL,'0.3.12',NULL,NULL,NULL),(1355,'blnRelationshipsScriptIgnoreCase',5,NULL,NULL,NULL,'0.3.12',NULL,NULL,NULL),(1356,'strRelationshipLinesQcodo',2,NULL,NULL,'array','0.3.12',NULL,NULL,NULL),(1357,'strRelationshipLinesSql',2,NULL,NULL,'array','0.3.12',NULL,NULL,NULL),(1358,'strPatternTableName',2,NULL,NULL,'\'[[:alpha:]_][[:alnum:]_]*\'','0.3.12',NULL,NULL,NULL),(1359,'strPatternColumnName',2,NULL,NULL,'\'[[:alpha:]_][[:alnum:]_]*\'','0.3.12',NULL,NULL,NULL),(1360,'strPatternKeyName',2,NULL,NULL,'\'[[:alpha:]_][[:alnum:]_]*\'','0.3.12',NULL,NULL,NULL),(1361,'strTableName',2,NULL,NULL,NULL,'0.3.12',NULL,NULL,NULL),(1362,'strTableName',2,NULL,NULL,NULL,'0.3.12',NULL,NULL,NULL),(1363,'strColumnName',2,NULL,NULL,NULL,'0.3.12',NULL,NULL,NULL),(1364,'strTableName',2,NULL,NULL,NULL,'0.3.12',NULL,NULL,NULL),(1365,'strColumnName',2,NULL,NULL,NULL,'0.3.12',NULL,NULL,NULL),(1366,'objCodeGenArray',9,NULL,1,NULL,'0.3.12',NULL,NULL,NULL),(1367,'objSettingsXml',9,NULL,NULL,NULL,'0.3.12',NULL,NULL,NULL),(1368,'objTable',9,NULL,NULL,NULL,'0.3.12',NULL,NULL,NULL),(1369,'objTable',9,NULL,NULL,NULL,'0.3.12',NULL,NULL,NULL),(1370,'strColumnNameArray',2,NULL,1,NULL,'0.3.12',NULL,NULL,NULL),(1371,'objTable',9,NULL,NULL,NULL,'0.3.12',NULL,NULL,NULL),(1372,'objTypeTable',9,NULL,NULL,NULL,'0.3.12',NULL,NULL,NULL),(1373,'strTableName',2,NULL,NULL,NULL,'0.3.12',NULL,NULL,NULL),(1374,'objTypeTable',9,NULL,NULL,NULL,'0.3.12',NULL,NULL,NULL),(1375,'objTable',9,NULL,NULL,NULL,'0.3.12',NULL,NULL,NULL),(1376,'objField',9,NULL,NULL,NULL,'0.3.12',NULL,NULL,NULL),(1377,'objTable',9,NULL,NULL,NULL,'0.3.12',NULL,NULL,NULL),(1378,'strTableName',2,NULL,NULL,NULL,'0.3.12',NULL,NULL,NULL),(1379,'strTableName',2,NULL,NULL,NULL,'0.3.12',NULL,NULL,NULL),(1380,'strLine',2,NULL,NULL,NULL,'0.3.12',NULL,NULL,NULL),(1381,'strTableName',2,NULL,NULL,NULL,'0.3.12',NULL,NULL,NULL),(1382,'strLine',2,NULL,NULL,NULL,'0.3.12',NULL,NULL,NULL),(1383,'strLine',2,NULL,NULL,NULL,'0.3.12',NULL,NULL,NULL),(1384,'strFkName',2,NULL,NULL,NULL,'0.3.12',NULL,NULL,NULL),(1385,'strTableName',2,NULL,NULL,NULL,'0.3.12',NULL,NULL,NULL),(1386,'strColumnName',2,NULL,NULL,NULL,'0.3.12',NULL,NULL,NULL),(1387,'strReferencedTable',2,NULL,NULL,NULL,'0.3.12',NULL,NULL,NULL),(1388,'strReferencedColumn',2,NULL,NULL,NULL,'0.3.12',NULL,NULL,NULL),(1389,'strTableName',2,NULL,NULL,NULL,'0.3.12',NULL,NULL,NULL),(1390,'objForeignKeyArray',9,NULL,1,NULL,'0.3.12',NULL,NULL,NULL),(1391,'TableArray',9,NULL,1,NULL,'0.3.12',NULL,NULL,NULL),(1392,'TypeTableArray',9,NULL,1,NULL,'0.3.12',NULL,NULL,NULL),(1393,'DatabaseIndex',3,NULL,NULL,NULL,'0.3.12',NULL,NULL,NULL),(1394,'strValue',2,NULL,NULL,NULL,'0.3.12',NULL,NULL,NULL),(1395,'strType',2,NULL,NULL,NULL,'0.3.12',NULL,NULL,NULL),(1396,'strName',2,NULL,NULL,NULL,'0.3.12',NULL,NULL,NULL),(1397,'strName',2,NULL,NULL,NULL,'0.3.12',NULL,NULL,NULL),(1398,'strName',2,NULL,NULL,NULL,'0.3.12',NULL,NULL,NULL),(1399,'strName',2,NULL,NULL,NULL,'0.3.12',NULL,NULL,NULL),(1400,'blnPrimaryKey',5,NULL,NULL,NULL,'0.3.12',NULL,NULL,NULL),(1401,'strName',2,NULL,NULL,NULL,'0.3.12',NULL,NULL,NULL),(1402,'strPropertyName',2,NULL,NULL,NULL,'0.3.12',NULL,NULL,NULL),(1403,'strVariableName',2,NULL,NULL,NULL,'0.3.12',NULL,NULL,NULL),(1404,'strVariableType',2,NULL,NULL,NULL,'0.3.12',NULL,NULL,NULL),(1405,'strVariableTypeAsConstant',2,NULL,NULL,NULL,'0.3.12',NULL,NULL,NULL),(1406,'strDbType',2,NULL,NULL,NULL,'0.3.12',NULL,NULL,NULL),(1407,'intLength',3,NULL,NULL,NULL,'0.3.12',NULL,NULL,NULL),(1408,'blnNotNull',5,NULL,NULL,NULL,'0.3.12',NULL,NULL,NULL),(1409,'blnIdentity',5,NULL,NULL,NULL,'0.3.12',NULL,NULL,NULL),(1410,'blnIndexed',5,NULL,NULL,NULL,'0.3.12',NULL,NULL,NULL),(1411,'blnUnique',5,NULL,NULL,NULL,'0.3.12',NULL,NULL,NULL),(1412,'blnTimestamp',5,NULL,NULL,NULL,'0.3.12',NULL,NULL,NULL),(1413,'objReference',9,NULL,NULL,NULL,'0.3.12',NULL,NULL,NULL),(1414,'PrimaryKey',5,NULL,NULL,NULL,'0.3.12',NULL,NULL,NULL),(1415,'Name',2,NULL,NULL,NULL,'0.3.12',NULL,NULL,NULL),(1416,'PropertyName',2,NULL,NULL,NULL,'0.3.12',NULL,NULL,NULL),(1417,'VariableName',2,NULL,NULL,NULL,'0.3.12',NULL,NULL,NULL),(1418,'VariableType',2,NULL,NULL,NULL,'0.3.12',NULL,NULL,NULL),(1419,'VariableTypeAsConstant',2,NULL,NULL,NULL,'0.3.12',NULL,NULL,NULL),(1420,'DbType',2,NULL,NULL,NULL,'0.3.12',NULL,NULL,NULL),(1421,'Length',3,NULL,NULL,NULL,'0.3.12',NULL,NULL,NULL),(1422,'NotNull',5,NULL,NULL,NULL,'0.3.12',NULL,NULL,NULL),(1423,'Identity',5,NULL,NULL,NULL,'0.3.12',NULL,NULL,NULL),(1424,'Indexed',5,NULL,NULL,NULL,'0.3.12',NULL,NULL,NULL),(1425,'Unique',5,NULL,NULL,NULL,'0.3.12',NULL,NULL,NULL),(1426,'Timestamp',5,NULL,NULL,NULL,'0.3.12',NULL,NULL,NULL),(1427,'Reference',9,NULL,NULL,NULL,'0.3.12',NULL,NULL,NULL),(1428,'strServiceUrl',2,NULL,NULL,NULL,'0.3.12',NULL,NULL,NULL),(1429,'objSettingsXml',9,NULL,NULL,NULL,'0.3.12',NULL,NULL,NULL),(1430,'ServiceUrl',2,NULL,NULL,NULL,'0.3.12',NULL,NULL,NULL),(1431,'strName',2,NULL,NULL,NULL,'0.3.12',NULL,NULL,NULL),(1432,'strClassName',2,NULL,NULL,NULL,'0.3.12',NULL,NULL,NULL),(1433,'strClassNamePlural',2,NULL,NULL,NULL,'0.3.12',NULL,NULL,NULL),(1434,'objColumnArray',9,NULL,1,NULL,'0.3.12',NULL,NULL,NULL),(1435,'objReverseReferenceArray',9,NULL,1,NULL,'0.3.12',NULL,NULL,NULL),(1436,'objManyToManyReferenceArray',9,NULL,1,NULL,'0.3.12',NULL,NULL,NULL),(1437,'objIndexArray',9,NULL,1,NULL,'0.3.12',NULL,NULL,NULL),(1438,'strName',2,NULL,NULL,NULL,'0.3.12',NULL,NULL,NULL),(1439,'Name',2,NULL,NULL,NULL,'0.3.12',NULL,NULL,NULL),(1440,'ClassNamePlural',2,NULL,NULL,NULL,'0.3.12',NULL,NULL,NULL),(1441,'ClassName',2,NULL,NULL,NULL,'0.3.12',NULL,NULL,NULL),(1442,'ColumnArray',9,NULL,1,NULL,'0.3.12',NULL,NULL,NULL),(1443,'PrimaryKeyColumnArray',1,NULL,1,NULL,'0.3.12',NULL,NULL,NULL),(1444,'ReverseReferenceArray',9,NULL,1,NULL,'0.3.12',NULL,NULL,NULL),(1445,'ManyToManyReferenceArray',9,NULL,1,NULL,'0.3.12',NULL,NULL,NULL),(1446,'IndexArray',9,NULL,1,NULL,'0.3.12',NULL,NULL,NULL),(1447,'ReferenceCount',1,NULL,NULL,NULL,'0.3.12',NULL,NULL,NULL),(1448,'strSelectArray',2,NULL,1,NULL,'0.3.12',NULL,NULL,NULL),(1449,'strFromArray',2,NULL,1,NULL,'0.3.12',NULL,NULL,NULL),(1450,'strWhereArray',2,NULL,1,NULL,'0.3.12',NULL,NULL,NULL),(1451,'strClassName',2,NULL,NULL,'null','0.3.12',NULL,NULL,NULL),(1452,'strParentAlias',2,NULL,NULL,'null','0.3.12',NULL,NULL,NULL),(1453,'objExpansionMap',9,NULL,NULL,'null','0.3.12',NULL,NULL,NULL),(1454,'strItem',2,NULL,NULL,NULL,'0.3.12',NULL,NULL,NULL),(1455,'strItem',2,NULL,NULL,NULL,'0.3.12',NULL,NULL,NULL),(1456,'strItem',2,NULL,NULL,NULL,'0.3.12',NULL,NULL,NULL),(1457,'strPrefix',2,NULL,NULL,'\",\\n					\"','0.3.12',NULL,NULL,NULL),(1458,'strGlue',2,NULL,NULL,'\",\\n					\"','0.3.12',NULL,NULL,NULL),(1459,'strPrefix',2,NULL,NULL,'\'\'','0.3.12',NULL,NULL,NULL),(1460,'strGlue',2,NULL,NULL,'\"\\n					\"','0.3.12',NULL,NULL,NULL),(1461,'strPrefix',2,NULL,NULL,NULL,'0.3.12',NULL,NULL,NULL),(1462,'strGlue',2,NULL,NULL,NULL,'0.3.12',NULL,NULL,NULL),(1463,'objMcryptModule',9,NULL,NULL,NULL,'0.3.12',NULL,NULL,NULL),(1464,'blnBase64',5,NULL,NULL,NULL,'0.3.12',NULL,NULL,NULL),(1465,'strKey',2,NULL,NULL,NULL,'0.3.12',NULL,NULL,NULL),(1466,'strIv',2,NULL,NULL,NULL,'0.3.12',NULL,NULL,NULL),(1467,'Cipher',1,NULL,NULL,'MCRYPT_TRIPLEDES','0.3.12',NULL,NULL,NULL),(1468,'Mode',1,NULL,NULL,'MCRYPT_MODE_ECB','0.3.12',NULL,NULL,NULL),(1469,'RandomSource',1,NULL,NULL,'MCRYPT_RAND','0.3.12',NULL,NULL,NULL),(1470,'Base64',1,NULL,NULL,'true','0.3.12',NULL,NULL,NULL),(1471,'Key',1,NULL,NULL,'\"qc0Do!d3F@lT.k3Y\"','0.3.12',NULL,NULL,NULL),(1472,'strKey',2,NULL,NULL,'null','0.3.12',NULL,NULL,NULL),(1473,'blnBase64',5,NULL,NULL,'null','0.3.12',NULL,NULL,NULL),(1474,'strCipher',2,NULL,NULL,'null','0.3.12',NULL,NULL,NULL),(1475,'strMode',2,NULL,NULL,'null','0.3.12',NULL,NULL,NULL),(1476,'strData',2,NULL,NULL,NULL,'0.3.12',NULL,NULL,NULL),(1477,'strEncryptedData',2,NULL,NULL,NULL,'0.3.12',NULL,NULL,NULL),(1478,'strFile',2,NULL,NULL,NULL,'0.3.12',NULL,NULL,NULL),(1479,'strFile',2,NULL,NULL,NULL,'0.3.12',NULL,NULL,NULL),(1480,'ConnectionStringArray',1,NULL,1,NULL,'0.3.12','0.3.43',NULL,NULL),(1481,'BrowserType',1,NULL,NULL,'QBrowserType::Unsupported','0.3.12',NULL,NULL,NULL),(1482,'CacheControl',1,NULL,NULL,'\'private\'','0.3.12',NULL,NULL,NULL),(1483,'DocumentRoot',1,NULL,NULL,NULL,'0.3.12',NULL,NULL,NULL),(1484,'ProcessOutput',1,NULL,NULL,'true','0.3.12',NULL,NULL,NULL),(1485,'ScriptFilename',1,NULL,NULL,NULL,'0.3.12',NULL,NULL,NULL),(1486,'ScriptName',1,NULL,NULL,NULL,'0.3.12',NULL,NULL,NULL),(1487,'PathInfo',1,NULL,NULL,NULL,'0.3.12',NULL,NULL,NULL),(1488,'QueryString',1,NULL,NULL,NULL,'0.3.12',NULL,NULL,NULL),(1489,'RequestUri',1,NULL,NULL,NULL,'0.3.12',NULL,NULL,NULL),(1490,'ServerAddress',1,NULL,NULL,NULL,'0.3.12',NULL,NULL,NULL),(1491,'EncodingType',1,NULL,NULL,'\'UTF-8\'','0.3.12',NULL,NULL,NULL),(1492,'Database',1,NULL,NULL,NULL,'0.3.12',NULL,NULL,NULL),(1493,'CliMode',1,NULL,NULL,NULL,'0.3.12',NULL,NULL,NULL),(1494,'ClassFile',1,NULL,NULL,NULL,'0.3.12',NULL,NULL,NULL),(1495,'PreloadedClassFile',1,NULL,NULL,NULL,'0.3.12',NULL,NULL,NULL),(1496,'RequestMode',1,NULL,NULL,NULL,'0.3.12',NULL,NULL,NULL),(1497,'CountryCode',1,NULL,NULL,NULL,'0.3.12',NULL,NULL,NULL),(1498,'LanguageCode',1,NULL,NULL,NULL,'0.3.12',NULL,NULL,NULL),(1499,'LanguageObject',1,NULL,NULL,NULL,'0.3.12',NULL,NULL,NULL),(1500,'intStoredErrorLevel',3,NULL,NULL,'null','0.3.12',NULL,NULL,NULL),(1501,'AlertMessageArray',1,NULL,1,'array','0.3.12',NULL,NULL,NULL),(1502,'JavaScriptArray',1,NULL,1,'array','0.3.12',NULL,NULL,NULL),(1503,'JavaScriptArrayHighPriority',1,NULL,1,'array','0.3.12',NULL,NULL,NULL),(1504,'ErrorFlag',1,NULL,NULL,'false','0.3.12',NULL,NULL,NULL),(1505,'intBrowserType',3,NULL,NULL,NULL,'0.3.12',NULL,NULL,NULL),(1506,'strClassName',2,NULL,NULL,NULL,'0.3.12',NULL,NULL,NULL),(1507,'strName',2,NULL,NULL,NULL,'0.3.12',NULL,NULL,NULL),(1508,'intLevel',3,NULL,NULL,'null','0.3.12',NULL,NULL,NULL),(1509,'strPath',2,NULL,NULL,NULL,'0.3.12',NULL,NULL,NULL),(1510,'intMode',3,NULL,NULL,'null','0.3.12',NULL,NULL,NULL),(1511,'strLocation',2,NULL,NULL,NULL,'0.3.12',NULL,NULL,NULL),(1512,'strItem',2,NULL,NULL,NULL,'0.3.12',NULL,NULL,NULL),(1513,'intIndex',3,NULL,NULL,NULL,'0.3.12',NULL,NULL,NULL),(1514,'strMessage',2,NULL,NULL,NULL,'0.3.12',NULL,NULL,NULL),(1515,'strJavaScript',2,NULL,NULL,NULL,'0.3.12',NULL,NULL,NULL),(1516,'blnHighPriority',5,NULL,NULL,'false','0.3.12',NULL,NULL,NULL),(1517,'strBuffer',2,NULL,NULL,NULL,'0.3.12',NULL,NULL,NULL),(1518,'blnOutput',5,NULL,NULL,'true','0.3.12',NULL,NULL,NULL),(1519,'strToken',2,NULL,NULL,NULL,'0.3.12',NULL,NULL,NULL),(1520,'strText',2,NULL,NULL,NULL,'0.3.12',NULL,NULL,NULL),(1521,'Standard',2,NULL,NULL,'\'Standard\'','0.3.12',NULL,NULL,NULL),(1522,'Ajax',2,NULL,NULL,'\'Ajax\'','0.3.12',NULL,NULL,NULL),(1523,'InternetExplorer',2,NULL,NULL,'1','0.3.12',NULL,NULL,NULL),(1524,'Firefox',2,NULL,NULL,'8','0.3.12',NULL,NULL,NULL),(1525,'Safari',2,NULL,NULL,'128','0.3.12',NULL,NULL,NULL),(1526,'Macintosh',2,NULL,NULL,'1024','0.3.12',NULL,NULL,NULL),(1527,'Other',2,NULL,NULL,'16','0.3.12','0.3.43',NULL,NULL),(1528,'PoParseStateNone',2,NULL,0,'0','0.3.12',NULL,'Internal parsing state marker.',''),(1529,'PoParseStateMessageIdStart',2,NULL,0,'1','0.3.12',NULL,'Internal parsing state marker.',''),(1530,'PoParseStateMessageId',2,NULL,0,'2','0.3.12',NULL,'Internal parsing state marker.',''),(1531,'PoParseStateMessageStringStart',2,NULL,0,'3','0.3.12',NULL,'Internal parsing state marker.',''),(1532,'PoParseStateMessageString',2,NULL,0,'4','0.3.12',NULL,'Internal parsing state marker.',''),(1533,'strTranslationArray',2,NULL,1,'array','0.3.12',NULL,'The key/value list of translated items.',''),(1534,'strContent',2,NULL,0,NULL,'0.3.12',NULL,'The string to unescape.',''),(1535,'strPoData',2,NULL,0,NULL,'0.3.12',NULL,'The contents of the PO file.',''),(1536,'strToken',2,NULL,0,NULL,'0.3.12',NULL,'The key for the translation.',''),(1537,'strTranslatedText',2,NULL,0,NULL,'0.3.12',NULL,'The translated string.',''),(1538,'strToken',2,NULL,0,NULL,'0.3.12',NULL,'The token or \'key\' whose translated string value to retrieve.',''),(1539,'strTitle',2,NULL,NULL,NULL,'0.3.12',NULL,NULL,NULL),(1540,'strLink',2,NULL,NULL,NULL,'0.3.12',NULL,NULL,NULL),(1541,'strDescription',2,NULL,NULL,NULL,'0.3.12',NULL,NULL,NULL),(1542,'strLanguage',2,NULL,NULL,NULL,'0.3.12',NULL,NULL,NULL),(1543,'strCopyright',2,NULL,NULL,NULL,'0.3.12',NULL,NULL,NULL),(1544,'strManagingEditor',2,NULL,NULL,NULL,'0.3.12',NULL,NULL,NULL),(1545,'strWebMaster',2,NULL,NULL,NULL,'0.3.12',NULL,NULL,NULL),(1546,'dttPubDate',7,NULL,NULL,NULL,'0.3.12',NULL,NULL,NULL),(1547,'dttLastBuildDate',7,NULL,NULL,NULL,'0.3.12',NULL,NULL,NULL),(1548,'strGenerator',2,NULL,NULL,NULL,'0.3.12',NULL,NULL,NULL),(1549,'strDocs',2,NULL,NULL,'\'http://blogs.law.harvard.edu/tech/rss\'','0.3.12',NULL,NULL,NULL),(1550,'strTtl',2,NULL,NULL,NULL,'0.3.12',NULL,NULL,NULL),(1551,'objImage',9,NULL,NULL,NULL,'0.3.12',NULL,NULL,NULL),(1552,'objItemArray',9,NULL,1,'array','0.3.12',NULL,NULL,NULL),(1553,'strTitle',2,NULL,NULL,NULL,'0.3.12',NULL,NULL,NULL),(1554,'strLink',2,NULL,NULL,NULL,'0.3.12',NULL,NULL,NULL),(1555,'strDescription',2,NULL,NULL,NULL,'0.3.12',NULL,NULL,NULL),(1556,'objItem',9,NULL,NULL,NULL,'0.3.12',NULL,NULL,NULL),(1557,'Title',2,NULL,NULL,NULL,'0.3.12',NULL,NULL,NULL),(1558,'Link',2,NULL,NULL,NULL,'0.3.12',NULL,NULL,NULL),(1559,'Description',2,NULL,NULL,NULL,'0.3.12',NULL,NULL,NULL),(1560,'Language',2,NULL,NULL,NULL,'0.3.12',NULL,NULL,NULL),(1561,'Copyright',2,NULL,NULL,NULL,'0.3.12',NULL,NULL,NULL),(1562,'ManagingEditor',2,NULL,NULL,NULL,'0.3.12',NULL,NULL,NULL),(1563,'WebMaster',2,NULL,NULL,NULL,'0.3.12',NULL,NULL,NULL),(1564,'PubDate',7,NULL,NULL,NULL,'0.3.12',NULL,NULL,NULL),(1565,'LastBuildDate',7,NULL,NULL,NULL,'0.3.12',NULL,NULL,NULL),(1566,'Generator',2,NULL,NULL,NULL,'0.3.12',NULL,NULL,NULL),(1567,'Docs',2,NULL,NULL,'\'http://blogs.law.harvard.edu/tech/rss\'','0.3.12',NULL,NULL,NULL),(1568,'Ttl',2,NULL,NULL,NULL,'0.3.12',NULL,NULL,NULL),(1569,'Image',9,NULL,NULL,NULL,'0.3.12',NULL,NULL,NULL),(1570,'strUrl',2,NULL,NULL,NULL,'0.3.12',NULL,NULL,NULL),(1571,'strTitle',2,NULL,NULL,NULL,'0.3.12',NULL,NULL,NULL),(1572,'strLink',2,NULL,NULL,NULL,'0.3.12',NULL,NULL,NULL),(1573,'strUrl',2,NULL,NULL,NULL,'0.3.12',NULL,NULL,NULL),(1574,'strTitle',2,NULL,NULL,'null','0.3.12',NULL,NULL,NULL),(1575,'strLink',2,NULL,NULL,'null','0.3.12',NULL,NULL,NULL),(1576,'strTitle',2,NULL,NULL,NULL,'0.3.12',NULL,NULL,NULL),(1577,'strLink',2,NULL,NULL,NULL,'0.3.12',NULL,NULL,NULL),(1578,'strCategory',2,NULL,NULL,NULL,'0.3.12',NULL,NULL,NULL),(1579,'strDomain',2,NULL,NULL,NULL,'0.3.12',NULL,NULL,NULL),(1580,'strCategory',2,NULL,NULL,NULL,'0.3.12',NULL,NULL,NULL),(1581,'strDomain',2,NULL,NULL,'null','0.3.12',NULL,NULL,NULL),(1582,'strTitle',2,NULL,NULL,NULL,'0.3.12',NULL,NULL,NULL),(1583,'strLink',2,NULL,NULL,NULL,'0.3.12',NULL,NULL,NULL),(1584,'strDescription',2,NULL,NULL,NULL,'0.3.12',NULL,NULL,NULL),(1585,'strAuthor',2,NULL,NULL,NULL,'0.3.12',NULL,NULL,NULL),(1586,'objCategoryArray',9,NULL,1,'array','0.3.12',NULL,NULL,NULL),(1587,'strComments',2,NULL,NULL,NULL,'0.3.12',NULL,NULL,NULL),(1588,'strGuid',2,NULL,NULL,NULL,'0.3.12',NULL,NULL,NULL),(1589,'blnGuidPermaLink',5,NULL,NULL,NULL,'0.3.12',NULL,NULL,NULL),(1590,'dttPubDate',7,NULL,NULL,NULL,'0.3.12',NULL,NULL,NULL),(1591,'strTitle',2,NULL,NULL,NULL,'0.3.12',NULL,NULL,NULL),(1592,'strLink',2,NULL,NULL,NULL,'0.3.12',NULL,NULL,NULL),(1593,'strDescription',2,NULL,NULL,'null','0.3.12',NULL,NULL,NULL),(1594,'objCategory',9,NULL,NULL,NULL,'0.3.12',NULL,NULL,NULL),(1595,'Title',2,NULL,NULL,NULL,'0.3.12',NULL,NULL,NULL),(1596,'Link',2,NULL,NULL,NULL,'0.3.12',NULL,NULL,NULL),(1597,'Description',2,NULL,NULL,NULL,'0.3.12',NULL,NULL,NULL),(1598,'Author',2,NULL,NULL,NULL,'0.3.12',NULL,NULL,NULL),(1599,'Comments',2,NULL,NULL,NULL,'0.3.12',NULL,NULL,NULL),(1600,'Guid',2,NULL,NULL,NULL,'0.3.12',NULL,NULL,NULL),(1601,'GuidPermaLink',5,NULL,NULL,NULL,'0.3.12',NULL,NULL,NULL),(1602,'PubDate',7,NULL,NULL,NULL,'0.3.12',NULL,NULL,NULL),(1603,'strString',2,NULL,0,NULL,'0.3.12',NULL,'The string whose first character is to be returned.',''),(1604,'strString',2,NULL,0,NULL,'0.3.12',NULL,'The string whose last character is to be returned.',''),(1605,'strText',2,NULL,0,NULL,'0.3.12',NULL,'The string to truncate.',''),(1606,'intMaxLength',3,NULL,0,NULL,'0.3.12',NULL,'The maximum length of the string, including the length of the ellipses (3).',''),(1607,'strString',2,NULL,0,NULL,'0.3.12',NULL,'The string to escape.',''),(1608,'intDatabaseIndex',3,NULL,NULL,NULL,'0.3.12',NULL,NULL,NULL),(1609,'blnEnableProfiling',5,NULL,NULL,NULL,'0.3.12',NULL,NULL,NULL),(1610,'strProfileArray',2,NULL,1,NULL,'0.3.12',NULL,NULL,NULL),(1611,'strEscapeIdentifierBegin',2,NULL,NULL,'\'\"\'','0.3.12',NULL,NULL,NULL),(1612,'strEscapeIdentifierEnd',2,NULL,NULL,'\'\"\'','0.3.12',NULL,NULL,NULL),(1613,'intDatabaseIndex',3,NULL,NULL,NULL,'0.3.12',NULL,NULL,NULL),(1614,'strQuery',2,NULL,NULL,NULL,'0.3.12',NULL,NULL,NULL),(1615,'strNonQuery',2,NULL,NULL,NULL,'0.3.12',NULL,NULL,NULL),(1616,'strTableName',2,NULL,NULL,'null','0.3.12',NULL,NULL,NULL),(1617,'strColumnName',2,NULL,NULL,'null','0.3.12',NULL,NULL,NULL),(1618,'strTableName',2,NULL,NULL,NULL,'0.3.12',NULL,NULL,NULL),(1619,'strTableName',2,NULL,NULL,NULL,'0.3.12',NULL,NULL,NULL),(1620,'strTableName',2,NULL,NULL,NULL,'0.3.12',NULL,NULL,NULL),(1621,'strLimitInfo',2,NULL,NULL,NULL,'0.3.12',NULL,NULL,NULL),(1622,'strLimitInfo',2,NULL,NULL,NULL,'0.3.12',NULL,NULL,NULL),(1623,'strSortByInfo',2,NULL,NULL,NULL,'0.3.12',NULL,NULL,NULL),(1624,'intDatabaseIndex',3,NULL,NULL,NULL,'0.3.12',NULL,NULL,NULL),(1625,'strQuery',2,NULL,NULL,NULL,'0.3.12',NULL,NULL,NULL),(1626,'mixData',6,NULL,NULL,NULL,'0.3.12',NULL,NULL,NULL),(1627,'blnIncludeEquality',5,NULL,NULL,'false','0.3.12',NULL,NULL,NULL),(1628,'blnReverseEquality',5,NULL,NULL,'false','0.3.12',NULL,NULL,NULL),(1629,'strQuery',2,NULL,NULL,NULL,'0.3.12',NULL,NULL,NULL),(1630,'mixParameterArray',6,NULL,1,NULL,'0.3.12',NULL,NULL,NULL),(1631,'EscapeIdentifierBegin',2,NULL,NULL,'\'\"\'','0.3.12',NULL,NULL,NULL),(1632,'EscapeIdentifierEnd',2,NULL,NULL,'\'\"\'','0.3.12',NULL,NULL,NULL),(1633,'EnableProfiling',5,NULL,NULL,NULL,'0.3.12',NULL,NULL,NULL),(1634,'AffectedRows',1,NULL,NULL,NULL,'0.3.12',NULL,NULL,NULL),(1635,'strName',2,NULL,NULL,NULL,'0.3.12',NULL,NULL,NULL),(1636,'strOriginalName',2,NULL,NULL,NULL,'0.3.12',NULL,NULL,NULL),(1637,'strTable',2,NULL,NULL,NULL,'0.3.12',NULL,NULL,NULL),(1638,'strOriginalTable',2,NULL,NULL,NULL,'0.3.12',NULL,NULL,NULL),(1639,'strDefault',2,NULL,NULL,NULL,'0.3.12',NULL,NULL,NULL),(1640,'intMaxLength',3,NULL,NULL,NULL,'0.3.12',NULL,NULL,NULL),(1641,'blnIdentity',5,NULL,NULL,NULL,'0.3.12',NULL,NULL,NULL),(1642,'blnNotNull',5,NULL,NULL,NULL,'0.3.12',NULL,NULL,NULL),(1643,'blnPrimaryKey',5,NULL,NULL,NULL,'0.3.12',NULL,NULL,NULL),(1644,'blnUnique',5,NULL,NULL,NULL,'0.3.12',NULL,NULL,NULL),(1645,'blnTimestamp',5,NULL,NULL,NULL,'0.3.12',NULL,NULL,NULL),(1646,'strType',2,NULL,NULL,NULL,'0.3.12',NULL,NULL,NULL),(1647,'Name',2,NULL,NULL,NULL,'0.3.12',NULL,NULL,NULL),(1648,'OriginalName',2,NULL,NULL,NULL,'0.3.12',NULL,NULL,NULL),(1649,'Table',2,NULL,NULL,NULL,'0.3.12',NULL,NULL,NULL),(1650,'OriginalTable',2,NULL,NULL,NULL,'0.3.12',NULL,NULL,NULL),(1651,'Default',2,NULL,NULL,NULL,'0.3.12',NULL,NULL,NULL),(1652,'MaxLength',3,NULL,NULL,NULL,'0.3.12',NULL,NULL,NULL),(1653,'Identity',5,NULL,NULL,NULL,'0.3.12',NULL,NULL,NULL),(1654,'NotNull',5,NULL,NULL,NULL,'0.3.12',NULL,NULL,NULL),(1655,'PrimaryKey',5,NULL,NULL,NULL,'0.3.12',NULL,NULL,NULL),(1656,'Unique',5,NULL,NULL,NULL,'0.3.12',NULL,NULL,NULL),(1657,'Timestamp',5,NULL,NULL,NULL,'0.3.12',NULL,NULL,NULL),(1658,'Type',2,NULL,NULL,NULL,'0.3.12',NULL,NULL,NULL),(1659,'strColumnName',2,NULL,NULL,NULL,'0.3.12',NULL,NULL,NULL),(1660,'strColumnType',2,NULL,NULL,'null','0.3.12',NULL,NULL,NULL),(1661,'strColumnName',2,NULL,NULL,NULL,'0.3.12',NULL,NULL,NULL),(1662,'intErrorNumber',3,NULL,NULL,NULL,'0.3.12',NULL,NULL,NULL),(1663,'strQuery',2,NULL,NULL,NULL,'0.3.12',NULL,NULL,NULL),(1664,'ErrorNumber',3,NULL,NULL,NULL,'0.3.12',NULL,NULL,NULL),(1665,'Query',2,NULL,NULL,NULL,'0.3.12',NULL,NULL,NULL),(1666,'strKeyName',2,NULL,NULL,NULL,'0.3.12',NULL,NULL,NULL),(1667,'strColumnNameArray',2,NULL,1,NULL,'0.3.12',NULL,NULL,NULL),(1668,'strReferenceTableName',2,NULL,NULL,NULL,'0.3.12',NULL,NULL,NULL),(1669,'strReferenceColumnNameArray',2,NULL,1,NULL,'0.3.12',NULL,NULL,NULL),(1670,'strKeyName',2,NULL,NULL,NULL,'0.3.12',NULL,NULL,NULL),(1671,'strColumnNameArray',2,NULL,1,NULL,'0.3.12',NULL,NULL,NULL),(1672,'strReferenceTableName',2,NULL,NULL,NULL,'0.3.12',NULL,NULL,NULL),(1673,'strReferenceColumnNameArray',2,NULL,1,NULL,'0.3.12',NULL,NULL,NULL),(1674,'KeyName',2,NULL,NULL,NULL,'0.3.12',NULL,NULL,NULL),(1675,'ColumnNameArray',2,NULL,1,NULL,'0.3.12',NULL,NULL,NULL),(1676,'ReferenceTableName',2,NULL,NULL,NULL,'0.3.12',NULL,NULL,NULL),(1677,'ReferenceColumnNameArray',2,NULL,1,NULL,'0.3.12',NULL,NULL,NULL),(1678,'strKeyName',2,NULL,NULL,NULL,'0.3.12',NULL,NULL,NULL),(1679,'blnPrimaryKey',5,NULL,NULL,NULL,'0.3.12',NULL,NULL,NULL),(1680,'blnUnique',5,NULL,NULL,NULL,'0.3.12',NULL,NULL,NULL),(1681,'strColumnNameArray',2,NULL,1,NULL,'0.3.12',NULL,NULL,NULL),(1682,'strKeyName',2,NULL,NULL,NULL,'0.3.12',NULL,NULL,NULL),(1683,'blnPrimaryKey',5,NULL,NULL,NULL,'0.3.12',NULL,NULL,NULL),(1684,'blnUnique',5,NULL,NULL,NULL,'0.3.12',NULL,NULL,NULL),(1685,'strColumnNameArray',2,NULL,1,NULL,'0.3.12',NULL,NULL,NULL),(1686,'KeyName',2,NULL,NULL,NULL,'0.3.12',NULL,NULL,NULL),(1687,'PrimaryKey',5,NULL,NULL,NULL,'0.3.12',NULL,NULL,NULL),(1688,'Unique',5,NULL,NULL,NULL,'0.3.12',NULL,NULL,NULL),(1689,'ColumnNameArray',2,NULL,1,NULL,'0.3.12',NULL,NULL,NULL),(1690,'Blob',2,NULL,NULL,'\"Blob\"','0.3.12',NULL,NULL,NULL),(1691,'VarChar',2,NULL,NULL,'\"VarChar\"','0.3.12',NULL,NULL,NULL),(1692,'Char',2,NULL,NULL,'\"Char\"','0.3.12',NULL,NULL,NULL),(1693,'Integer',2,NULL,NULL,'\"Integer\"','0.3.12',NULL,NULL,NULL),(1694,'DateTime',2,NULL,NULL,'\"DateTime\"','0.3.12',NULL,NULL,NULL),(1695,'Date',2,NULL,NULL,'\"Date\"','0.3.12',NULL,NULL,NULL),(1696,'Time',2,NULL,NULL,'\"Time\"','0.3.12',NULL,NULL,NULL),(1697,'Float',2,NULL,NULL,'\"Float\"','0.3.12',NULL,NULL,NULL),(1698,'Bit',2,NULL,NULL,'\"Bit\"','0.3.12',NULL,NULL,NULL),(1699,'CachePath',1,NULL,NULL,NULL,'0.3.12',NULL,NULL,NULL),(1700,'strNamespace',2,NULL,NULL,NULL,'0.3.12',NULL,NULL,NULL),(1701,'strKey',2,NULL,NULL,NULL,'0.3.12',NULL,NULL,NULL),(1702,'strExtension',2,NULL,NULL,NULL,'0.3.12',NULL,NULL,NULL),(1703,'strCheckFilesArray',2,NULL,1,NULL,'0.3.12',NULL,NULL,NULL),(1704,'strNamespace',2,NULL,NULL,NULL,'0.3.12',NULL,NULL,NULL),(1705,'strKey',2,NULL,NULL,NULL,'0.3.12',NULL,NULL,NULL),(1706,'strExtension',2,NULL,NULL,'\'txt\'','0.3.12',NULL,NULL,NULL),(1707,'mixCheckFiles',6,NULL,NULL,'null','0.3.12',NULL,NULL,NULL),(1708,'strData',2,NULL,NULL,NULL,'0.3.12',NULL,NULL,NULL),(1709,'ServiceUrl',2,NULL,NULL,'\'http://release.qcodo.com/update_service/1_0.php/\'','0.3.12',NULL,NULL,NULL),(1710,'Interactive',2,NULL,NULL,'\'interactive\'','0.3.12',NULL,NULL,NULL),(1711,'Rename',2,NULL,NULL,'\'rename\'','0.3.12',NULL,NULL,NULL),(1712,'Force',2,NULL,NULL,'\'force\'','0.3.12',NULL,NULL,NULL),(1713,'ReportOnly',2,NULL,NULL,'\'report-only\'','0.3.12',NULL,NULL,NULL),(1714,'PrimaryInstance',1,NULL,NULL,NULL,'0.3.12',NULL,NULL,NULL),(1715,'CurrentFilePath',1,NULL,NULL,NULL,'0.3.12',NULL,NULL,NULL),(1716,'strVersion',2,NULL,NULL,NULL,'0.3.12',NULL,NULL,NULL),(1717,'strVersionType',2,NULL,NULL,NULL,'0.3.12',NULL,NULL,NULL),(1718,'intMajor',3,NULL,NULL,NULL,'0.3.12',NULL,NULL,NULL),(1719,'intMinor',3,NULL,NULL,NULL,'0.3.12',NULL,NULL,NULL),(1720,'intBuild',3,NULL,NULL,NULL,'0.3.12',NULL,NULL,NULL),(1721,'blnGzCompress',5,NULL,NULL,NULL,'0.3.12',NULL,NULL,NULL),(1722,'blnQuietMode',5,NULL,NULL,'false','0.3.12',NULL,NULL,NULL),(1723,'strServerManifest',2,NULL,NULL,'array','0.3.12',NULL,NULL,NULL),(1724,'objServerManifestDirectories',9,NULL,NULL,'array','0.3.12',NULL,NULL,NULL),(1725,'strLocalManifest',2,NULL,NULL,'array','0.3.12',NULL,NULL,NULL),(1726,'strTouchedFile',2,NULL,NULL,'array','0.3.12',NULL,NULL,NULL),(1727,'strAlertArray',2,NULL,1,'array','0.3.12',NULL,NULL,NULL),(1728,'strNoticeArray',2,NULL,1,'array','0.3.12',NULL,NULL,NULL),(1729,'blnNewManifestPrefixWarning',5,NULL,NULL,'false','0.3.12',NULL,NULL,NULL),(1730,'strIgnoreArray',2,NULL,1,'array','0.3.12',NULL,NULL,NULL),(1731,'strShouldUpdateArray',2,NULL,1,'array','0.3.12',NULL,NULL,NULL),(1732,'strSuggestFixArray',2,NULL,1,'array','0.3.12',NULL,NULL,NULL),(1733,'strSuggestCoreUpdateArray',2,NULL,1,'array','0.3.12',NULL,NULL,NULL),(1734,'strSuggestNonCoreUpdateArray',2,NULL,1,'array','0.3.12',NULL,NULL,NULL),(1735,'strShouldDownloadArray',2,NULL,1,'array','0.3.12',NULL,NULL,NULL),(1736,'strExtraArray',2,NULL,1,'array','0.3.12',NULL,NULL,NULL),(1737,'strDeprecatedArray',2,NULL,1,'array','0.3.12',NULL,NULL,NULL),(1738,'objStdIn',9,NULL,NULL,NULL,'0.3.12',NULL,NULL,NULL),(1739,'strVersion',2,NULL,NULL,NULL,'0.3.12',NULL,NULL,NULL),(1740,'strManifestFilePath',2,NULL,NULL,NULL,'0.3.12',NULL,NULL,NULL),(1741,'strManifestFilePath',2,NULL,NULL,NULL,'0.3.12',NULL,NULL,NULL),(1742,'strError',2,NULL,NULL,NULL,'0.3.12',NULL,NULL,NULL),(1743,'strArgument',2,NULL,NULL,NULL,'0.3.12',NULL,NULL,NULL),(1744,'strErrorMessage',2,NULL,NULL,NULL,'0.3.12',NULL,NULL,NULL),(1745,'strToken',2,NULL,NULL,NULL,'0.3.12',NULL,NULL,NULL),(1746,'strFile',2,NULL,NULL,NULL,'0.3.12',NULL,NULL,NULL),(1747,'strActualFilePath',2,NULL,NULL,NULL,'0.3.12',NULL,NULL,NULL),(1748,'strInteractionType',2,NULL,NULL,NULL,'0.3.12',NULL,NULL,NULL),(1749,'blnQuietMode',5,NULL,NULL,NULL,'0.3.12',NULL,NULL,NULL),(1750,'strFilePath',2,NULL,NULL,NULL,'0.3.12',NULL,NULL,NULL),(1751,'strFilePath',2,NULL,NULL,NULL,'0.3.12',NULL,NULL,NULL),(1752,'strPattern',2,NULL,NULL,NULL,'0.3.12',NULL,NULL,NULL),(1753,'strManifestFile',2,NULL,NULL,NULL,'0.3.12',NULL,NULL,NULL),(1754,'strActualFilePath',2,NULL,NULL,NULL,'0.3.12',NULL,NULL,NULL),(1755,'strActualFilePath',2,NULL,NULL,NULL,'0.3.12',NULL,NULL,NULL),(1756,'strAction',2,NULL,NULL,NULL,'0.3.12',NULL,NULL,NULL),(1757,'strPrompt',2,NULL,NULL,NULL,'0.3.12',NULL,NULL,NULL),(1758,'strValidLetterArray',2,NULL,1,NULL,'0.3.12',NULL,NULL,NULL),(1759,'strManifestFileString',2,NULL,NULL,NULL,'0.3.12',NULL,NULL,NULL),(1760,'strActualFilePath',2,NULL,NULL,NULL,'0.3.12',NULL,NULL,NULL),(1761,'strVerbPhrase',2,NULL,NULL,NULL,'0.3.12',NULL,NULL,NULL),(1762,'strAlertMessage',2,NULL,NULL,NULL,'0.3.12',NULL,NULL,NULL),(1763,'blnRename',5,NULL,NULL,'false','0.3.12',NULL,NULL,NULL),(1764,'strActualFilePath',2,NULL,NULL,NULL,'0.3.12',NULL,NULL,NULL),(1765,'strReason',2,NULL,NULL,NULL,'0.3.12',NULL,NULL,NULL),(1766,'strActualFilePath',2,NULL,NULL,NULL,'0.3.12',NULL,NULL,NULL),(1767,'strBaseSuffix',2,NULL,NULL,NULL,'0.3.12',NULL,NULL,NULL),(1768,'strReason',2,NULL,NULL,NULL,'0.3.12',NULL,NULL,NULL),(1769,'strToken',2,NULL,NULL,NULL,'0.3.12',NULL,NULL,NULL),(1770,'strFile',2,NULL,NULL,NULL,'0.3.12',NULL,NULL,NULL),(1771,'strActualFilePath',2,NULL,NULL,NULL,'0.3.12',NULL,NULL,NULL),(1772,'blnRename',5,NULL,NULL,'false','0.3.12',NULL,NULL,NULL),(1773,'strFilePath',2,NULL,NULL,NULL,'0.3.12',NULL,NULL,NULL),(1774,'strData',2,NULL,NULL,NULL,'0.3.12',NULL,NULL,NULL),(1775,'strActualFilePath',2,NULL,NULL,NULL,'0.3.12',NULL,NULL,NULL),(1776,'strActualFilePath',2,NULL,NULL,NULL,'0.3.12',NULL,NULL,NULL),(1777,'strSuffix',2,NULL,NULL,NULL,'0.3.12',NULL,NULL,NULL),(1778,'strName',2,NULL,NULL,NULL,'0.3.12',NULL,NULL,NULL),(1779,'strArray',2,NULL,1,NULL,'0.3.12',NULL,NULL,NULL),(1780,'strNote',2,NULL,NULL,'null','0.3.12',NULL,NULL,NULL),(1781,'strDirectory',2,NULL,NULL,NULL,'0.3.12',NULL,NULL,NULL),(1782,'strBaseDirectory',2,NULL,NULL,NULL,'0.3.12',NULL,NULL,NULL),(1783,'strToken',2,NULL,NULL,NULL,'0.3.12',NULL,NULL,NULL),(1784,'blnIsCore',5,NULL,NULL,NULL,'0.3.12',NULL,NULL,NULL),(1785,'blnHelp',5,NULL,NULL,'false','0.3.12',NULL,NULL,NULL),(1786,'Token',1,NULL,NULL,NULL,'0.3.12',NULL,NULL,NULL),(1787,'RelativeFlag',1,NULL,NULL,NULL,'0.3.12',NULL,NULL,NULL),(1788,'CoreFlag',1,NULL,NULL,NULL,'0.3.12',NULL,NULL,NULL),(1789,'intErrorNumber',3,NULL,NULL,NULL,'0.3.12',NULL,NULL,NULL),(1790,'strErrorString',2,NULL,NULL,NULL,'0.3.12',NULL,NULL,NULL),(1791,'strErrorFile',2,NULL,NULL,NULL,'0.3.12',NULL,NULL,NULL),(1792,'intErrorLine',3,NULL,NULL,NULL,'0.3.12',NULL,NULL,NULL),(1793,'intErrorNumber',3,NULL,NULL,NULL,'0.3.12',NULL,NULL,NULL),(1794,'strErrorString',2,NULL,NULL,NULL,'0.3.12',NULL,NULL,NULL),(1795,'strErrorFile',2,NULL,NULL,NULL,'0.3.12',NULL,NULL,NULL),(1796,'intErrorLine',3,NULL,NULL,NULL,'0.3.12',NULL,NULL,NULL),(1797,'intErrorNumber',3,NULL,NULL,NULL,'0.3.12',NULL,NULL,NULL),(1798,'strErrorString',2,NULL,NULL,NULL,'0.3.12',NULL,NULL,NULL),(1799,'strErrorFile',2,NULL,NULL,NULL,'0.3.12',NULL,NULL,NULL),(1800,'intErrorLine',3,NULL,NULL,NULL,'0.3.12',NULL,NULL,NULL),(1801,'strName',2,NULL,NULL,NULL,'0.3.12',NULL,NULL,NULL),(1802,'strType',2,NULL,NULL,NULL,'0.3.12',NULL,NULL,NULL),(1803,'blnArray',5,NULL,1,NULL,'0.3.12',NULL,NULL,NULL),(1804,'blnReference',5,NULL,NULL,NULL,'0.3.12',NULL,NULL,NULL),(1805,'strName',2,NULL,NULL,NULL,'0.3.12',NULL,NULL,NULL),(1806,'strType',2,NULL,NULL,NULL,'0.3.12',NULL,NULL,NULL),(1807,'blnArray',5,NULL,1,NULL,'0.3.12',NULL,NULL,NULL),(1808,'blnReference',5,NULL,NULL,NULL,'0.3.12',NULL,NULL,NULL),(1809,'strComplexTypesArray',2,NULL,1,NULL,'0.3.12',NULL,NULL,NULL),(1810,'strArgumentName',2,NULL,NULL,NULL,'0.3.12',NULL,NULL,NULL),(1811,'strArgumentName',2,NULL,NULL,NULL,'0.3.12',NULL,NULL,NULL),(1812,'Name',2,NULL,NULL,NULL,'0.3.12',NULL,NULL,NULL),(1813,'Type',2,NULL,NULL,NULL,'0.3.12',NULL,NULL,NULL),(1814,'Array',5,NULL,1,NULL,'0.3.12',NULL,NULL,NULL),(1815,'Reference',5,NULL,NULL,NULL,'0.3.12',NULL,NULL,NULL),(1816,'strName',2,NULL,NULL,NULL,'0.3.12',NULL,NULL,NULL),(1817,'objParameters',9,NULL,NULL,'array','0.3.12',NULL,NULL,NULL),(1818,'objReturnParameter',9,NULL,NULL,NULL,'0.3.12',NULL,NULL,NULL),(1819,'strName',2,NULL,NULL,NULL,'0.3.12',NULL,NULL,NULL),(1820,'objParameter',9,NULL,NULL,NULL,'0.3.12',NULL,NULL,NULL),(1821,'strName',2,NULL,NULL,NULL,'0.3.12',NULL,NULL,NULL),(1822,'strNamespace',2,NULL,NULL,NULL,'0.3.12',NULL,NULL,NULL),(1823,'strComplexTypesArray',2,NULL,1,NULL,'0.3.12',NULL,NULL,NULL),(1824,'Name',2,NULL,NULL,NULL,'0.3.12',NULL,NULL,NULL),(1825,'ReturnParameter',9,NULL,NULL,NULL,'0.3.12',NULL,NULL,NULL),(1826,'DefaultNamespace',1,NULL,NULL,'\'http://qcodo.defaultnamespace.com\'','0.3.12',NULL,NULL,NULL),(1827,'objMethodArray',9,NULL,1,'array','0.3.12',NULL,NULL,NULL),(1828,'strNamespace',2,NULL,NULL,NULL,'0.3.12',NULL,NULL,NULL),(1829,'strClassName',2,NULL,NULL,NULL,'0.3.12',NULL,NULL,NULL),(1830,'objSoapServer',9,NULL,NULL,NULL,'0.3.12',NULL,NULL,NULL),(1831,'strType',2,NULL,NULL,NULL,'0.3.12',NULL,NULL,NULL),(1832,'strArrayTypeName',2,NULL,1,NULL,'0.3.12',NULL,NULL,NULL),(1833,'strType',2,NULL,NULL,NULL,'0.3.12',NULL,NULL,NULL),(1834,'strComplexTypesArray',2,NULL,1,NULL,'0.3.12',NULL,NULL,NULL),(1835,'strClassName',2,NULL,NULL,NULL,'0.3.12',NULL,NULL,NULL),(1836,'strNamespace',2,NULL,NULL,'null','0.3.12',NULL,NULL,NULL),(1837,'strComplexTypesArray',2,NULL,1,NULL,'0.3.12',NULL,NULL,NULL),(1838,'objReflection',9,NULL,NULL,NULL,'0.3.12',NULL,NULL,NULL),(1839,'strClassName',2,NULL,NULL,NULL,'0.3.12',NULL,NULL,NULL),(1840,'strNamespace',2,NULL,NULL,NULL,'0.3.12',NULL,NULL,NULL),(1841,'ClassName',2,NULL,NULL,NULL,'0.3.12',NULL,NULL,NULL),(1842,'Namespace',2,NULL,NULL,NULL,'0.3.12',NULL,NULL,NULL),(1843,'intOffset',3,NULL,0,NULL,'0.3.12',NULL,'An integer offset indicating how far up the call stack the relevant caller is.',''),(1844,'strTraceArray',2,NULL,1,NULL,'0.3.12',NULL,'The stack trace as returned by the PHP function debug_backtrace().',''),(1845,'strMessage',2,NULL,0,NULL,'0.3.12',NULL,'The error message of the exception.',''),(1846,'strMessage',2,NULL,0,NULL,'0.3.12',NULL,'The error message of the exception.',''),(1847,'intOffset',3,NULL,0,'1','0.3.12',NULL,'The initial offset, or how far up the call stack to blame the exception.',''),(1848,'strMessage',2,NULL,0,NULL,'0.3.12',NULL,'The exception error message.',''),(1849,'intIndex',3,NULL,0,NULL,'0.3.12',NULL,'The out-of-range index.',''),(1850,'strMessage',2,NULL,0,NULL,'0.3.12',NULL,'The exception error message.',''),(1851,'strType',2,NULL,0,NULL,'0.3.12',NULL,'The type of accessor used (GET or SET).',''),(1852,'strClass',2,NULL,0,NULL,'0.3.12',NULL,'The class name whose property is invalid.',''),(1853,'strProperty',2,NULL,0,NULL,'0.3.12',NULL,'The invalid property name.',''),(1854,'strClass',2,NULL,0,NULL,'0.3.12',NULL,'The relevant class name from which the exception is raised.',''),(1855,'objParentNode',9,NULL,NULL,NULL,'0.3.12',NULL,NULL,NULL),(1856,'strType',2,NULL,NULL,NULL,'0.3.12',NULL,NULL,NULL),(1857,'strName',2,NULL,NULL,NULL,'0.3.12',NULL,NULL,NULL),(1858,'strRootTableName',2,NULL,NULL,NULL,'0.3.12',NULL,NULL,NULL),(1859,'strTableName',2,NULL,NULL,NULL,'0.3.12',NULL,NULL,NULL),(1860,'strPrimaryKey',2,NULL,NULL,NULL,'0.3.12',NULL,NULL,NULL),(1861,'strClassName',2,NULL,NULL,NULL,'0.3.12',NULL,NULL,NULL),(1862,'objBuilder',9,NULL,NULL,NULL,'0.3.12',NULL,NULL,NULL),(1863,'strBegin',2,NULL,NULL,NULL,'0.3.12',NULL,NULL,NULL),(1864,'strEnd',2,NULL,NULL,NULL,'0.3.12',NULL,NULL,NULL),(1865,'blnExpandSelection',5,NULL,NULL,NULL,'0.3.12',NULL,NULL,NULL),(1866,'_ParentNode',1,NULL,NULL,NULL,'0.3.12',NULL,NULL,NULL),(1867,'_Name',1,NULL,NULL,NULL,'0.3.12',NULL,NULL,NULL),(1868,'_Type',1,NULL,NULL,NULL,'0.3.12',NULL,NULL,NULL),(1869,'_RootTableName',1,NULL,NULL,NULL,'0.3.12',NULL,NULL,NULL),(1870,'_TableName',1,NULL,NULL,NULL,'0.3.12',NULL,NULL,NULL),(1871,'_PrimaryKey',1,NULL,NULL,NULL,'0.3.12',NULL,NULL,NULL),(1872,'_ClassName',1,NULL,NULL,NULL,'0.3.12',NULL,NULL,NULL),(1873,'_PrimaryKeyNode',1,NULL,NULL,NULL,'0.3.12',NULL,NULL,NULL),(1874,'strName',2,NULL,NULL,NULL,'0.3.12',NULL,NULL,NULL),(1875,'strType',2,NULL,NULL,NULL,'0.3.12',NULL,NULL,NULL),(1876,'objParentNode',9,NULL,NULL,'null','0.3.12',NULL,NULL,NULL),(1877,'mixValue',6,NULL,NULL,NULL,'0.3.12',NULL,NULL,NULL),(1878,'objBuilder',9,NULL,NULL,NULL,'0.3.12',NULL,NULL,NULL),(1879,'blnEqualityType',5,NULL,NULL,'null','0.3.12',NULL,NULL,NULL),(1880,'objBuilder',9,NULL,NULL,NULL,'0.3.12',NULL,NULL,NULL),(1881,'blnExpandSelection',5,NULL,NULL,'false','0.3.12',NULL,NULL,NULL),(1882,'objBuilder',9,NULL,NULL,NULL,'0.3.12',NULL,NULL,NULL),(1883,'strBegin',2,NULL,NULL,NULL,'0.3.12',NULL,NULL,NULL),(1884,'strEnd',2,NULL,NULL,NULL,'0.3.12',NULL,NULL,NULL),(1885,'blnExpandSelection',5,NULL,NULL,NULL,'0.3.12',NULL,NULL,NULL),(1886,'strForeignKey',2,NULL,NULL,NULL,'0.3.12',NULL,NULL,NULL),(1887,'objParentNode',9,NULL,NULL,NULL,'0.3.12',NULL,NULL,NULL),(1888,'strName',2,NULL,NULL,NULL,'0.3.12',NULL,NULL,NULL),(1889,'strType',2,NULL,NULL,NULL,'0.3.12',NULL,NULL,NULL),(1890,'strForeignKey',2,NULL,NULL,NULL,'0.3.12',NULL,NULL,NULL),(1891,'objBuilder',9,NULL,NULL,NULL,'0.3.12',NULL,NULL,NULL),(1892,'blnExpandSelection',5,NULL,NULL,'false','0.3.12',NULL,NULL,NULL),(1893,'objBuilder',9,NULL,NULL,NULL,'0.3.12',NULL,NULL,NULL),(1894,'strBegin',2,NULL,NULL,NULL,'0.3.12',NULL,NULL,NULL),(1895,'strEnd',2,NULL,NULL,NULL,'0.3.12',NULL,NULL,NULL),(1896,'blnExpandSelection',5,NULL,NULL,NULL,'0.3.12',NULL,NULL,NULL),(1897,'objParentNode',9,NULL,NULL,NULL,'0.3.12',NULL,NULL,NULL),(1898,'objBuilder',9,NULL,NULL,NULL,'0.3.12',NULL,NULL,NULL),(1899,'blnExpandSelection',5,NULL,NULL,'false','0.3.12',NULL,NULL,NULL),(1900,'objBuilder',9,NULL,NULL,NULL,'0.3.12',NULL,NULL,NULL),(1901,'strBegin',2,NULL,NULL,NULL,'0.3.12',NULL,NULL,NULL),(1902,'strEnd',2,NULL,NULL,NULL,'0.3.12',NULL,NULL,NULL),(1903,'blnExpandSelection',5,NULL,NULL,NULL,'0.3.12',NULL,NULL,NULL),(1904,'DelimiterCode',2,NULL,NULL,'3','0.3.12',NULL,NULL,NULL),(1905,'strName',2,NULL,NULL,NULL,'0.3.12',NULL,NULL,NULL),(1906,'blnEqualityType',5,NULL,NULL,'null','0.3.12',NULL,NULL,NULL),(1907,'strOperator',2,NULL,NULL,NULL,'0.3.12',NULL,NULL,NULL),(1908,'objBuilder',9,NULL,NULL,NULL,'0.3.12',NULL,NULL,NULL),(1909,'mixParameterArray',6,NULL,1,NULL,'0.3.12',NULL,NULL,NULL),(1910,'objBuilder',9,NULL,NULL,NULL,'0.3.12',NULL,NULL,NULL),(1911,'mixParameterArray',6,NULL,1,NULL,'0.3.12',NULL,NULL,NULL),(1912,'objBuilder',9,NULL,NULL,NULL,'0.3.12',NULL,NULL,NULL),(1913,'objConditionArray',9,NULL,1,NULL,'0.3.12',NULL,NULL,NULL),(1914,'mixParameterArray',6,NULL,1,NULL,'0.3.12',NULL,NULL,NULL),(1915,'mixParameterArray',6,NULL,1,NULL,'0.3.12',NULL,NULL,NULL),(1916,'objBuilder',9,NULL,NULL,NULL,'0.3.12',NULL,NULL,NULL),(1917,'strOperator',2,NULL,NULL,'\'OR\'','0.3.12',NULL,NULL,NULL),(1918,'strOperator',2,NULL,NULL,'\'AND\'','0.3.12',NULL,NULL,NULL),(1919,'objCondition',9,NULL,NULL,NULL,'0.3.12',NULL,NULL,NULL),(1920,'objCondition',9,NULL,NULL,NULL,'0.3.12',NULL,NULL,NULL),(1921,'objBuilder',9,NULL,NULL,NULL,'0.3.12',NULL,NULL,NULL),(1922,'objQueryNode',9,NULL,NULL,NULL,'0.3.12',NULL,NULL,NULL),(1923,'mixOperand',6,NULL,NULL,NULL,'0.3.12',NULL,NULL,NULL),(1924,'objQueryNode',9,NULL,NULL,NULL,'0.3.12',NULL,NULL,NULL),(1925,'mixOperand',6,NULL,NULL,NULL,'0.3.12',NULL,NULL,NULL),(1926,'objBuilder',9,NULL,NULL,NULL,'0.3.12',NULL,NULL,NULL),(1927,'objQueryNode',9,NULL,NULL,NULL,'0.3.12',NULL,NULL,NULL),(1928,'objBuilder',9,NULL,NULL,NULL,'0.3.12',NULL,NULL,NULL),(1929,'objQueryNode',9,NULL,NULL,NULL,'0.3.12',NULL,NULL,NULL),(1930,'objBuilder',9,NULL,NULL,NULL,'0.3.12',NULL,NULL,NULL),(1931,'objQueryNode',9,NULL,NULL,NULL,'0.3.12',NULL,NULL,NULL),(1932,'mixValuesArray',6,NULL,1,NULL,'0.3.12',NULL,NULL,NULL),(1933,'objBuilder',9,NULL,NULL,NULL,'0.3.12',NULL,NULL,NULL),(1934,'objQueryNode',9,NULL,NULL,NULL,'0.3.12',NULL,NULL,NULL),(1935,'strValue',2,NULL,NULL,NULL,'0.3.12',NULL,NULL,NULL),(1936,'objBuilder',9,NULL,NULL,NULL,'0.3.12',NULL,NULL,NULL),(1937,'strOperator',2,NULL,NULL,'\' = \'','0.3.12',NULL,NULL,NULL),(1938,'objBuilder',9,NULL,NULL,NULL,'0.3.12',NULL,NULL,NULL),(1939,'strOperator',2,NULL,NULL,'\' != \'','0.3.12',NULL,NULL,NULL),(1940,'objBuilder',9,NULL,NULL,NULL,'0.3.12',NULL,NULL,NULL),(1941,'strOperator',2,NULL,NULL,'\' > \'','0.3.12',NULL,NULL,NULL),(1942,'strOperator',2,NULL,NULL,'\' < \'','0.3.12',NULL,NULL,NULL),(1943,'strOperator',2,NULL,NULL,'\' >= \'','0.3.12',NULL,NULL,NULL),(1944,'strOperator',2,NULL,NULL,'\' <= \'','0.3.12',NULL,NULL,NULL),(1945,'objCondition',9,NULL,NULL,NULL,'0.3.12',NULL,NULL,NULL),(1946,'objQueryNode',9,NULL,NULL,NULL,'0.3.12',NULL,NULL,NULL),(1947,'mixValue',6,NULL,NULL,NULL,'0.3.12',NULL,NULL,NULL),(1948,'objQueryNode',9,NULL,NULL,NULL,'0.3.12',NULL,NULL,NULL),(1949,'mixValue',6,NULL,NULL,NULL,'0.3.12',NULL,NULL,NULL),(1950,'objQueryNode',9,NULL,NULL,NULL,'0.3.12',NULL,NULL,NULL),(1951,'mixValue',6,NULL,NULL,NULL,'0.3.12',NULL,NULL,NULL),(1952,'objQueryNode',9,NULL,NULL,NULL,'0.3.12',NULL,NULL,NULL),(1953,'mixValue',6,NULL,NULL,NULL,'0.3.12',NULL,NULL,NULL),(1954,'objQueryNode',9,NULL,NULL,NULL,'0.3.12',NULL,NULL,NULL),(1955,'mixValue',6,NULL,NULL,NULL,'0.3.12',NULL,NULL,NULL),(1956,'objQueryNode',9,NULL,NULL,NULL,'0.3.12',NULL,NULL,NULL),(1957,'mixValue',6,NULL,NULL,NULL,'0.3.12',NULL,NULL,NULL),(1958,'objQueryNode',9,NULL,NULL,NULL,'0.3.12',NULL,NULL,NULL),(1959,'objQueryNode',9,NULL,NULL,NULL,'0.3.12',NULL,NULL,NULL),(1960,'objQueryNode',9,NULL,NULL,NULL,'0.3.12',NULL,NULL,NULL),(1961,'mixValuesArray',6,NULL,1,NULL,'0.3.12',NULL,NULL,NULL),(1962,'objQueryNode',9,NULL,NULL,NULL,'0.3.12',NULL,NULL,NULL),(1963,'strValue',2,NULL,NULL,NULL,'0.3.12',NULL,NULL,NULL),(1964,'objQueryNode',9,NULL,NULL,NULL,'0.3.12',NULL,NULL,NULL),(1965,'strSymbol',2,NULL,NULL,NULL,'0.3.12',NULL,NULL,NULL),(1966,'mixValue',6,NULL,NULL,NULL,'0.3.12',NULL,NULL,NULL),(1967,'objNode',9,NULL,NULL,NULL,'0.3.12',NULL,NULL,NULL),(1968,'strAttributeName',2,NULL,NULL,NULL,'0.3.12',NULL,NULL,NULL),(1969,'objNode',9,NULL,NULL,NULL,'0.3.12',NULL,NULL,NULL),(1970,'strAttributeName',2,NULL,NULL,NULL,'0.3.12',NULL,NULL,NULL),(1971,'objNode',9,NULL,NULL,NULL,'0.3.12',NULL,NULL,NULL),(1972,'strAttributeName',2,NULL,NULL,NULL,'0.3.12',NULL,NULL,NULL),(1973,'objNode',9,NULL,NULL,NULL,'0.3.12',NULL,NULL,NULL),(1974,'strAttributeName',2,NULL,NULL,NULL,'0.3.12',NULL,NULL,NULL),(1975,'objNode',9,NULL,NULL,NULL,'0.3.12',NULL,NULL,NULL),(1976,'objNode',9,NULL,NULL,NULL,'0.3.12',NULL,NULL,NULL),(1977,'intMaxRowCount',3,NULL,NULL,NULL,'0.3.12',NULL,NULL,NULL),(1978,'intOffset',3,NULL,NULL,'0','0.3.12',NULL,NULL,NULL),(1979,'strName',2,NULL,NULL,NULL,'0.3.12',NULL,NULL,NULL),(1980,'objBuilder',9,NULL,NULL,NULL,'0.3.12',NULL,NULL,NULL),(1981,'objNodeArray',9,NULL,1,NULL,'0.3.12',NULL,NULL,NULL),(1982,'mixParameterArray',6,NULL,1,NULL,'0.3.12',NULL,NULL,NULL),(1983,'mixParameterArray',6,NULL,1,NULL,'0.3.12',NULL,NULL,NULL),(1984,'objBuilder',9,NULL,NULL,NULL,'0.3.12',NULL,NULL,NULL),(1985,'objBuilder',9,NULL,NULL,NULL,'0.3.12',NULL,NULL,NULL),(1986,'intMaxRowCount',3,NULL,NULL,NULL,'0.3.12',NULL,NULL,NULL),(1987,'intOffset',3,NULL,NULL,NULL,'0.3.12',NULL,NULL,NULL),(1988,'intMaxRowCount',3,NULL,NULL,NULL,'0.3.12',NULL,NULL,NULL),(1989,'intOffset',3,NULL,NULL,'0','0.3.12',NULL,NULL,NULL),(1990,'objBuilder',9,NULL,NULL,NULL,'0.3.12',NULL,NULL,NULL),(1991,'objNode',9,NULL,NULL,NULL,'0.3.12',NULL,NULL,NULL),(1992,'objNode',9,NULL,NULL,NULL,'0.3.12',NULL,NULL,NULL),(1993,'objBuilder',9,NULL,NULL,NULL,'0.3.12',NULL,NULL,NULL),(1994,'objNode',9,NULL,NULL,NULL,'0.3.12',NULL,NULL,NULL),(1995,'strAttributeName',2,NULL,NULL,NULL,'0.3.12',NULL,NULL,NULL),(1996,'strFunctionName',2,NULL,NULL,NULL,'0.3.12',NULL,NULL,NULL),(1997,'objNode',9,NULL,NULL,NULL,'0.3.12',NULL,NULL,NULL),(1998,'strAttributeName',2,NULL,NULL,NULL,'0.3.12',NULL,NULL,NULL),(1999,'objBuilder',9,NULL,NULL,NULL,'0.3.12',NULL,NULL,NULL),(2000,'strFunctionName',2,NULL,NULL,'\'COUNT\'','0.3.12',NULL,NULL,NULL),(2001,'strFunctionName',2,NULL,NULL,'\'MIN\'','0.3.12',NULL,NULL,NULL),(2002,'strFunctionName',2,NULL,NULL,'\'MAX\'','0.3.12',NULL,NULL,NULL),(2003,'strFunctionName',2,NULL,NULL,'\'AVG\'','0.3.12',NULL,NULL,NULL),(2004,'objNode',9,NULL,NULL,NULL,'0.3.12',NULL,NULL,NULL),(2005,'objNode',9,NULL,NULL,NULL,'0.3.12',NULL,NULL,NULL),(2006,'objBuilder',9,NULL,NULL,NULL,'0.3.12',NULL,NULL,NULL),(2007,'objNodeArray',9,NULL,1,NULL,'0.3.12',NULL,NULL,NULL),(2008,'mixParameterArray',6,NULL,1,NULL,'0.3.12',NULL,NULL,NULL),(2009,'mixParameterArray',6,NULL,1,NULL,'0.3.12',NULL,NULL,NULL),(2010,'objBuilder',9,NULL,NULL,NULL,'0.3.12',NULL,NULL,NULL),(2011,'strSelectArray',2,NULL,1,NULL,'0.3.12',NULL,NULL,NULL),(2012,'strFromArray',2,NULL,1,NULL,'0.3.12',NULL,NULL,NULL),(2013,'strJoinArray',2,NULL,1,NULL,'0.3.12',NULL,NULL,NULL),(2014,'strWhereArray',2,NULL,1,NULL,'0.3.12',NULL,NULL,NULL),(2015,'strOrderByArray',2,NULL,1,NULL,'0.3.12',NULL,NULL,NULL),(2016,'strGroupByArray',2,NULL,1,NULL,'0.3.12',NULL,NULL,NULL),(2017,'strLimitInfo',2,NULL,NULL,NULL,'0.3.12',NULL,NULL,NULL),(2018,'blnDistinctFlag',5,NULL,NULL,NULL,'0.3.12',NULL,NULL,NULL),(2019,'strExpandAsArrayNodes',2,NULL,1,NULL,'0.3.12',NULL,NULL,NULL),(2020,'blnCountOnlyFlag',5,NULL,NULL,NULL,'0.3.12',NULL,NULL,NULL),(2021,'objDatabase',9,NULL,NULL,NULL,'0.3.12',NULL,NULL,NULL),(2022,'strRootTableName',2,NULL,NULL,NULL,'0.3.12',NULL,NULL,NULL),(2994,'strFunctionName',2,NULL,NULL,NULL,'0.3.38',NULL,NULL,NULL),(2998,'strTableName',2,NULL,NULL,NULL,'0.3.38',NULL,NULL,NULL),(3005,'strName',2,NULL,NULL,NULL,'0.3.38',NULL,NULL,NULL),(2026,'strItem',2,NULL,NULL,NULL,'0.3.12',NULL,NULL,NULL),(2027,'strItem',2,NULL,NULL,NULL,'0.3.12',NULL,NULL,NULL),(2028,'strItem',2,NULL,NULL,NULL,'0.3.12',NULL,NULL,NULL),(2029,'strLimitInfo',2,NULL,NULL,NULL,'0.3.12',NULL,NULL,NULL),(2030,'objNode',9,NULL,NULL,NULL,'0.3.12',NULL,NULL,NULL),(2031,'objDatabase',9,NULL,NULL,NULL,'0.3.12',NULL,NULL,NULL),(2032,'strRootTableName',2,NULL,NULL,NULL,'0.3.12',NULL,NULL,NULL),(2033,'Database',9,NULL,NULL,NULL,'0.3.12',NULL,NULL,NULL),(2034,'RootTableName',2,NULL,NULL,NULL,'0.3.12',NULL,NULL,NULL),(2035,'ExpandAsArrayNodes',2,NULL,1,NULL,'0.3.12',NULL,NULL,NULL),(2036,'strMessage',2,NULL,0,NULL,'0.3.12',NULL,'The error message of the exception.',''),(2037,'intOffset',3,NULL,0,'2','0.3.12',NULL,'The call stack offset.',''),(2038,'String',2,NULL,NULL,'\'string\'','0.3.12',NULL,NULL,NULL),(2039,'Integer',2,NULL,NULL,'\'integer\'','0.3.12',NULL,NULL,NULL),(2040,'Float',2,NULL,NULL,'\'double\'','0.3.12',NULL,NULL,NULL),(2041,'Boolean',2,NULL,NULL,'\'boolean\'','0.3.12',NULL,NULL,NULL),(2042,'Object',2,NULL,NULL,'\'object\'','0.3.12',NULL,NULL,NULL),(2043,'ArrayType',2,NULL,NULL,'\'array\'','0.3.12',NULL,NULL,NULL),(2044,'DateTime',2,NULL,NULL,'\'QDateTime\'','0.3.12',NULL,NULL,NULL),(2045,'Resource',2,NULL,NULL,'\'resource\'','0.3.12',NULL,NULL,NULL),(2046,'objItem',9,NULL,NULL,NULL,'0.3.12',NULL,NULL,NULL),(2047,'strType',2,NULL,NULL,NULL,'0.3.12',NULL,NULL,NULL),(2048,'mixItem',6,NULL,NULL,NULL,'0.3.12',NULL,NULL,NULL),(2049,'strType',2,NULL,NULL,NULL,'0.3.12',NULL,NULL,NULL),(2050,'arrItem',1,NULL,NULL,NULL,'0.3.12',NULL,NULL,NULL),(2051,'strType',2,NULL,NULL,NULL,'0.3.12',NULL,NULL,NULL),(2052,'mixItem',6,NULL,NULL,NULL,'0.3.12',NULL,NULL,NULL),(2053,'strType',2,NULL,NULL,NULL,'0.3.12',NULL,NULL,NULL),(2054,'strType',2,NULL,NULL,NULL,'0.3.12',NULL,NULL,NULL),(2055,'strType',2,NULL,NULL,NULL,'0.3.12',NULL,NULL,NULL),(2056,'strType',2,NULL,NULL,NULL,'0.3.12',NULL,NULL,NULL),(2057,'Now',2,NULL,NULL,'\'now\'','0.3.12',NULL,NULL,NULL),(2058,'FormatIso',2,NULL,NULL,'\'YYYY-MM-DD hhhh:mm:ss\'','0.3.12',NULL,NULL,NULL),(2059,'FormatIsoCompressed',2,NULL,NULL,'\'YYYYMMDDhhhhmmss\'','0.3.12',NULL,NULL,NULL),(2060,'FormatDisplayDate',2,NULL,NULL,'\'MMM DD YYYY\'','0.3.12',NULL,NULL,NULL),(2061,'FormatDisplayDateFull',2,NULL,NULL,'\'DDD, MMMM D, YYYY\'','0.3.12',NULL,NULL,NULL),(2062,'FormatDisplayDateTime',2,NULL,NULL,'\'MMM DD YYYY hh:mm zz\'','0.3.12',NULL,NULL,NULL),(2063,'FormatDisplayDateTimeFull',2,NULL,NULL,'\'DDDD, MMMM D, YYYY, h:mm:ss zz\'','0.3.12',NULL,NULL,NULL),(2064,'FormatDisplayTime',2,NULL,NULL,'\'hh:mm:ss zz\'','0.3.12',NULL,NULL,NULL),(2065,'FormatRfc822',2,NULL,NULL,'\'DDD, DD MMM YYYY hhhh:mm:ss ttt\'','0.3.12',NULL,NULL,NULL),(2066,'FormatSoap',2,NULL,NULL,'\'YYYY-MM-DDThhhh:mm:ss\'','0.3.12',NULL,NULL,NULL),(2067,'intMonth',3,NULL,NULL,NULL,'0.3.12','0.3.43',NULL,NULL),(2068,'intDay',3,NULL,NULL,NULL,'0.3.12','0.3.43',NULL,NULL),(2069,'intYear',3,NULL,NULL,NULL,'0.3.12','0.3.43',NULL,NULL),(2070,'intHour',3,NULL,NULL,NULL,'0.3.12','0.3.43',NULL,NULL),(2071,'intMinute',3,NULL,NULL,NULL,'0.3.12','0.3.43',NULL,NULL),(2072,'intSecond',3,NULL,NULL,NULL,'0.3.12','0.3.43',NULL,NULL),(2073,'DefaultFormat',1,NULL,NULL,'QDateTime::FormatDisplayDate','0.3.12',NULL,NULL,NULL),(2074,'mixValue',6,NULL,NULL,'null','0.3.12',NULL,NULL,NULL),(2075,'strFormat',2,NULL,NULL,'null','0.3.12',NULL,NULL,NULL),(2076,'strFormat',2,NULL,NULL,'null','0.3.12',NULL,NULL,NULL),(2077,'strFormat',2,NULL,NULL,NULL,'0.3.12',NULL,NULL,NULL),(2078,'dttArray',7,NULL,1,NULL,'0.3.12',NULL,NULL,NULL),(2079,'Month',3,NULL,NULL,NULL,'0.3.12',NULL,NULL,NULL),(2080,'Day',3,NULL,NULL,NULL,'0.3.12',NULL,NULL,NULL),(2081,'Year',3,NULL,NULL,NULL,'0.3.12',NULL,NULL,NULL),(2082,'Hour',3,NULL,NULL,NULL,'0.3.12',NULL,NULL,NULL),(2083,'Minute',3,NULL,NULL,NULL,'0.3.12',NULL,NULL,NULL),(2084,'Second',3,NULL,NULL,NULL,'0.3.12',NULL,NULL,NULL),(2085,'Timestamp',1,NULL,NULL,NULL,'0.3.12',NULL,NULL,NULL),(2086,'mixOverrideArray',6,NULL,1,NULL,'0.3.12',NULL,'Name-value pair or name-value pair list. Either a string like Property=Value or an array like array(Property=>Value).',''),(2087,'objArray',9,NULL,1,'array','0.3.12',NULL,NULL,NULL),(2088,'mixValue',6,NULL,NULL,NULL,'0.3.12',NULL,NULL,NULL),(2089,'mixValue',6,NULL,NULL,NULL,'0.3.12',NULL,NULL,NULL),(2090,'intIndex',3,NULL,NULL,NULL,'0.3.12',NULL,NULL,NULL),(2091,'SmtpServer',1,NULL,0,'\'localhost\'','0.3.12',NULL,'The hostname or IP address of the server.',''),(2092,'SmtpPort',1,NULL,0,'25','0.3.12',NULL,'The port of SMTP service on the server',''),(2093,'OriginatingServerIp',1,NULL,0,NULL,'0.3.12',NULL,'IP address of the originating server.',''),(2094,'TestMode',1,NULL,0,'false','0.3.12',NULL,'Whether or not to run in test mode.',''),(2095,'TestModeDirectory',1,NULL,0,'\'/tmp\'','0.3.12',NULL,'The directory to which testMode e-mail files are to be written.',''),(2096,'AuthPlain',1,NULL,0,'false','0.3.12',NULL,'Whether or not to use SMTP\'s AUTH PLAIN',''),(2097,'AuthLogin',1,NULL,0,'false','0.3.12',NULL,'Whether or not SMTP\'s AUTH LOGIN should be used',''),(2098,'SmtpUsername',1,NULL,0,'\'\'','0.3.12',NULL,'SMTP username to use for AUTH PLAIN or LOGIN',''),(2099,'SmtpPassword',1,NULL,0,'\'\'','0.3.12',NULL,'SMTP password for AUTH PLAIN or LOGIN',''),(2100,'strAddresses',2,NULL,0,NULL,'0.3.12',NULL,'An arbitrary string list containing e-mail addresses',''),(2101,'objMessage',9,223,0,NULL,'0.3.12',NULL,'The message to be sent',''),(2102,'strFrom',2,NULL,0,NULL,'0.3.12',NULL,'Sender address',''),(2103,'strTo',2,NULL,0,NULL,'0.3.12',NULL,'Message recipient address',''),(2104,'strSubject',2,NULL,0,NULL,'0.3.12',NULL,'The message subject',''),(2105,'strBody',2,NULL,0,NULL,'0.3.12',NULL,'Message body.',''),(2106,'strHtmlBody',2,NULL,0,NULL,'0.3.12',NULL,'Message contents in html',''),(2107,'strCc',2,NULL,0,NULL,'0.3.12',NULL,'CC recipient address',''),(2108,'strBcc',2,NULL,0,NULL,'0.3.12',NULL,'Blind copy recipient address',''),(2109,'strHeaderArray',2,NULL,1,'array','0.3.12',NULL,'Array of header key-value pairs',''),(2110,'strName',2,NULL,0,NULL,'0.3.12',NULL,'Header name',''),(2111,'strValue',2,NULL,0,NULL,'0.3.12',NULL,'Header value',''),(2112,'strName',2,NULL,0,NULL,'0.3.12',NULL,'The header name',''),(2113,'strName',2,NULL,0,NULL,'0.3.12',NULL,'Header name',''),(2114,'strValue',2,NULL,0,NULL,'0.3.12',NULL,'Header value',''),(2115,'strFrom',2,NULL,0,'null','0.3.12',NULL,'Sender address',''),(2116,'strTo',2,NULL,0,'null','0.3.12',NULL,'Recipient address',''),(2117,'strSubject',2,NULL,0,'null','0.3.12',NULL,'Message subject',''),(2118,'strBody',2,NULL,0,'null','0.3.12',NULL,'Message body',''),(2119,'From',2,NULL,0,NULL,'0.3.12',NULL,'Sender address',''),(2120,'To',2,NULL,0,NULL,'0.3.12',NULL,'Message recipient address',''),(2121,'Subject',2,NULL,0,NULL,'0.3.12',NULL,'The message subject',''),(2122,'Body',2,NULL,0,NULL,'0.3.12',NULL,'Message body.',''),(2123,'HtmlBody',2,NULL,0,NULL,'0.3.12',NULL,'Message contents in html',''),(2124,'Cc',2,NULL,0,NULL,'0.3.12',NULL,'CC recipient address',''),(2125,'Bcc',2,NULL,0,NULL,'0.3.12',NULL,'Blind copy recipient address',''),(2126,'HeaderArray',2,NULL,1,'array','0.3.12',NULL,'Array of header key-value pairs',''),(2127,'strName',2,NULL,NULL,NULL,'0.3.12',NULL,NULL,NULL),(2128,'blnValidateTrimmed',5,NULL,NULL,'false','0.3.14',NULL,NULL,NULL),(2129,'ValidateTrimmed',5,NULL,NULL,'false','0.3.14',NULL,NULL,NULL),(2130,'objItemStyle',9,31,0,NULL,'0.3.14',NULL,'',''),(2131,'strOverrideParameters',2,NULL,NULL,'null','0.3.14',NULL,NULL,NULL),(2132,'blnIncludeCustom',5,NULL,NULL,'true','0.3.14',NULL,NULL,NULL),(2133,'blnIncludeAction',5,NULL,NULL,'true','0.3.14',NULL,NULL,NULL),(2134,'ItemStyle',9,31,0,NULL,'0.3.14',NULL,'',''),(2135,'strTemporaryCssClass',2,NULL,NULL,'null','0.3.14',NULL,NULL,NULL),(2136,'blnOverride',5,NULL,NULL,'false','0.3.14',NULL,NULL,NULL),(2137,'strTemporaryCssClass',2,NULL,NULL,'null','0.3.14',NULL,NULL,NULL),(2138,'blnOverride',5,NULL,NULL,'false','0.3.14',NULL,NULL,NULL),(2139,'objControl',9,NULL,NULL,NULL,'0.3.14',NULL,NULL,NULL),(2140,'strOverrideParameters',2,NULL,NULL,'null','0.3.14',NULL,NULL,NULL),(2141,'strActionParameter',2,NULL,NULL,'null','0.3.14',NULL,NULL,NULL),(2142,'blnDisplayOutput',5,NULL,NULL,'true','0.3.14',NULL,NULL,NULL),(2143,'strActionParameter',2,NULL,0,'null','0.3.14',NULL,'',''),(2144,'blnDisplayOutput',5,NULL,0,'true','0.3.14',NULL,'',''),(2145,'objItemStyle',9,NULL,NULL,'null','0.3.14',NULL,NULL,NULL),(2146,'objItem',9,NULL,NULL,NULL,'0.3.14',NULL,NULL,NULL),(2147,'intIndex',3,NULL,NULL,NULL,'0.3.14',NULL,NULL,NULL),(2148,'ItemStyle',9,NULL,NULL,'null','0.3.14',NULL,NULL,NULL),(2149,'intSeconds',3,NULL,NULL,NULL,'0.3.14',NULL,NULL,NULL),(2150,'intSecondsPerYear',3,NULL,NULL,'31556926','0.3.14','0.3.43',NULL,NULL),(2151,'intSecondsPerMonth',3,NULL,NULL,'2592000','0.3.14','0.3.43',NULL,NULL),(2152,'intSecondsPerDay',3,NULL,NULL,'86400','0.3.14','0.3.43',NULL,NULL),(2153,'intSecondsPerHour',3,NULL,NULL,'3600','0.3.14','0.3.43',NULL,NULL),(2154,'intSecondsPerMinute',3,NULL,NULL,'60','0.3.14','0.3.43',NULL,NULL),(2155,'intSeconds',3,NULL,NULL,'0','0.3.14',NULL,NULL,NULL),(2156,'dtsSpan',1,NULL,NULL,NULL,'0.3.14',NULL,NULL,NULL),(2157,'dttFrom',7,NULL,NULL,NULL,'0.3.14',NULL,NULL,NULL),(2158,'dttTo',7,NULL,NULL,NULL,'0.3.14',NULL,NULL,NULL),(2159,'intSeconds',3,NULL,NULL,NULL,'0.3.14',NULL,NULL,NULL),(2160,'intMinutes',3,NULL,NULL,NULL,'0.3.14',NULL,NULL,NULL),(2161,'intHours',3,NULL,NULL,NULL,'0.3.14',NULL,NULL,NULL),(2162,'intDays',3,NULL,NULL,NULL,'0.3.14',NULL,NULL,NULL),(2163,'intMonths',3,NULL,NULL,NULL,'0.3.14',NULL,NULL,NULL),(2164,'dtsSpan',1,NULL,NULL,NULL,'0.3.14',NULL,NULL,NULL),(2165,'dtsSpan',1,NULL,NULL,NULL,'0.3.14',NULL,NULL,NULL),(2166,'Months',1,NULL,NULL,NULL,'0.3.14',NULL,NULL,NULL),(2167,'Days',1,NULL,NULL,NULL,'0.3.14',NULL,NULL,NULL),(2168,'Year',1,NULL,NULL,NULL,'0.3.14',NULL,NULL,NULL),(2169,'Hours',1,NULL,NULL,NULL,'0.3.14',NULL,NULL,NULL),(2170,'Minutes',1,NULL,NULL,NULL,'0.3.14',NULL,NULL,NULL),(2171,'Seconds',3,NULL,NULL,NULL,'0.3.14',NULL,NULL,NULL),(2172,'Timearray',1,NULL,1,NULL,'0.3.14',NULL,NULL,NULL),(2195,'dttCompare',7,NULL,NULL,NULL,'0.3.14',NULL,NULL,NULL),(2193,'dttCompare',7,NULL,NULL,NULL,'0.3.14',NULL,NULL,NULL),(3141,'dttCompare',7,NULL,NULL,NULL,'0.3.43',NULL,NULL,NULL),(2176,'dttDateTime',7,NULL,NULL,NULL,'0.3.14',NULL,NULL,NULL),(2177,'dtsSpan',1,NULL,NULL,NULL,'0.3.14',NULL,NULL,NULL),(2178,'dtsSpan',1,NULL,NULL,NULL,'0.3.14',NULL,NULL,NULL),(2179,'Age',1,NULL,NULL,NULL,'0.3.14',NULL,NULL,NULL),(2180,'blnDateNull',5,NULL,NULL,'true','0.3.14',NULL,NULL,NULL),(2181,'blnTimeNull',5,NULL,NULL,'true','0.3.14',NULL,NULL,NULL),(2206,'strSerializedData',2,NULL,NULL,NULL,'0.3.15',NULL,NULL,NULL),(2214,'intTimestamp',3,NULL,NULL,NULL,'0.3.16',NULL,NULL,NULL),(2182,'blnTimeValue',5,NULL,NULL,'true','0.3.14',NULL,NULL,NULL),(2184,'strFormat',2,NULL,NULL,NULL,'0.3.14',NULL,NULL,NULL),(2185,'intHour',3,NULL,NULL,NULL,'0.3.14',NULL,NULL,NULL),(2186,'intMinute',3,NULL,NULL,NULL,'0.3.14',NULL,NULL,NULL),(2187,'intSecond',3,NULL,NULL,NULL,'0.3.14',NULL,NULL,NULL),(2188,'intYear',3,NULL,NULL,NULL,'0.3.14',NULL,NULL,NULL),(2189,'intMonth',3,NULL,NULL,NULL,'0.3.14',NULL,NULL,NULL),(2190,'intDay',3,NULL,NULL,NULL,'0.3.14',NULL,NULL,NULL),(2588,'objQueryNode',9,NULL,NULL,NULL,'0.3.26',NULL,NULL,NULL),(3142,'dttCompare',7,NULL,NULL,NULL,'0.3.43',NULL,NULL,NULL),(2274,'strItemGroup',2,NULL,NULL,'null','0.3.20',NULL,NULL,NULL),(2220,'blnOnPage',5,NULL,NULL,'false','0.3.17',NULL,NULL,NULL),(2221,'OnPage',5,NULL,NULL,'false','0.3.17',NULL,NULL,NULL),(2236,'strControlId',2,NULL,NULL,'null','0.3.18',NULL,NULL,NULL),(2237,'objControl',9,NULL,NULL,NULL,'0.3.18',NULL,NULL,NULL),(2238,'objControl',9,NULL,NULL,NULL,'0.3.18',NULL,NULL,NULL),(2239,'strControlId',2,NULL,NULL,'null','0.3.18',NULL,NULL,NULL),(2240,'objControl',9,NULL,NULL,NULL,'0.3.18',NULL,NULL,NULL),(2241,'objControl',9,NULL,NULL,NULL,'0.3.18',NULL,NULL,NULL),(2242,'strIncludedJavaScriptFileArray',2,NULL,1,'array','0.3.18',NULL,NULL,NULL),(2243,'strFormAttributeArray',2,NULL,1,'array','0.3.18',NULL,NULL,NULL),(2244,'strControlId',2,NULL,NULL,NULL,'0.3.18',NULL,NULL,NULL),(2245,'strPosition',2,NULL,NULL,'QPosition::Absolute','0.3.18',NULL,NULL,NULL),(2246,'strJavaScripts',2,NULL,NULL,'\'_core/control_dialog.js\'','0.3.18',NULL,NULL,NULL),(2247,'strMatteColor',2,NULL,NULL,'\'#000000\'','0.3.18',NULL,NULL,NULL),(2248,'intMatteOpacity',3,NULL,NULL,'50','0.3.18',NULL,NULL,NULL),(2249,'blnMatteClickable',5,NULL,NULL,'true','0.3.18',NULL,NULL,NULL),(2250,'MatteColor',2,NULL,NULL,'\'#000000\'','0.3.18',NULL,NULL,NULL),(2251,'MatteOpacity',3,NULL,NULL,'50','0.3.18',NULL,NULL,NULL),(2252,'MatteClickable',5,NULL,NULL,'true','0.3.18',NULL,NULL,NULL),(2275,'strItemGroup',2,NULL,NULL,'null','0.3.20',NULL,NULL,NULL),(2276,'ItemGroup',2,NULL,NULL,'null','0.3.20',NULL,NULL,NULL),(2277,'strItemGroup',2,NULL,NULL,'null','0.3.20',NULL,NULL,NULL),(2278,'blnHtmlEntities',5,NULL,NULL,'true','0.3.20',NULL,NULL,NULL),(2279,'HtmlEntities',5,NULL,NULL,'true','0.3.20',NULL,NULL,NULL),(2280,'blnHtmlEntities',5,NULL,NULL,'true','0.3.20',NULL,NULL,NULL),(2281,'HtmlEntities',5,NULL,NULL,'true','0.3.20',NULL,NULL,NULL),(2282,'blnHtmlEntities',5,NULL,NULL,'true','0.3.20',NULL,NULL,NULL),(2283,'HtmlEntities',5,NULL,NULL,'true','0.3.20',NULL,NULL,NULL),(2284,'blnHtmlEntities',5,NULL,NULL,'true','0.3.20',NULL,NULL,NULL),(2285,'HtmlEntities',5,NULL,NULL,'true','0.3.20',NULL,NULL,NULL),(2286,'InternetExplorer_6_0',2,NULL,NULL,'2','0.3.20',NULL,NULL,NULL),(2287,'InternetExplorer_7_0',2,NULL,NULL,'4','0.3.20',NULL,NULL,NULL),(2288,'Firefox_1_0',2,NULL,NULL,'16','0.3.20',NULL,NULL,NULL),(2289,'Firefox_1_5',2,NULL,NULL,'32','0.3.20',NULL,NULL,NULL),(2290,'Firefox_2_0',2,NULL,NULL,'64','0.3.20',NULL,NULL,NULL),(2291,'Safari_2_0',2,NULL,NULL,'256','0.3.20',NULL,NULL,NULL),(2292,'Safari_3_0',2,NULL,NULL,'512','0.3.20',NULL,NULL,NULL),(2293,'Unsupported',2,NULL,NULL,'2048','0.3.20',NULL,NULL,NULL),(2586,'mixValuesArray',6,NULL,1,NULL,'0.3.26',NULL,NULL,NULL),(2308,'strSingleJavaScriptFileOverride',2,NULL,NULL,'null','0.3.21','0.3.43',NULL,NULL),(2309,'strBuffer',2,NULL,NULL,NULL,'0.3.21',NULL,NULL,NULL),(2310,'strFromColor',2,NULL,NULL,'\'#ffff66\'','0.3.21',NULL,NULL,NULL),(2311,'strToColor',2,NULL,NULL,'\'#ffffff\'','0.3.21',NULL,NULL,NULL),(2312,'blnAnyKeyCloses',5,NULL,NULL,'false','0.3.21',NULL,NULL,NULL),(2313,'AnyKeyCloses',5,NULL,NULL,'false','0.3.21',NULL,NULL,NULL),(2314,'intErrorNumber',3,NULL,NULL,NULL,'0.3.21',NULL,NULL,NULL),(2315,'strErrorString',2,NULL,NULL,NULL,'0.3.21',NULL,NULL,NULL),(2316,'strErrorFile',2,NULL,NULL,NULL,'0.3.21',NULL,NULL,NULL),(2317,'intErrorLine',3,NULL,NULL,NULL,'0.3.21',NULL,NULL,NULL),(2490,'strFileAssetType',2,NULL,NULL,NULL,'0.3.22','0.3.43',NULL,NULL),(2455,'intSeconds',3,NULL,NULL,NULL,'0.3.22',NULL,NULL,NULL),(2792,'strNodeLabelArray',2,NULL,1,NULL,'0.3.33',NULL,NULL,NULL),(2353,'strCacheFolder',2,NULL,NULL,'null','0.3.22',NULL,NULL,NULL),(2354,'strTemporaryUploadPath',2,NULL,NULL,'\'/tmp\'','0.3.22',NULL,NULL,NULL),(2355,'objParentObject',9,NULL,NULL,NULL,'0.3.22',NULL,NULL,NULL),(2356,'strControlId',2,NULL,NULL,'null','0.3.22',NULL,NULL,NULL),(2357,'imgFileIcon',1,NULL,NULL,NULL,'0.3.22',NULL,NULL,NULL),(2358,'btnDelete',1,NULL,NULL,NULL,'0.3.22',NULL,NULL,NULL),(2359,'btnUpload',1,NULL,NULL,NULL,'0.3.22',NULL,NULL,NULL),(2360,'dlgFileAsset',1,NULL,NULL,NULL,'0.3.22',NULL,NULL,NULL),(2361,'strAcceptibleMimeArray',2,NULL,1,NULL,'0.3.22',NULL,NULL,NULL),(2362,'strUnacceptableMessage',2,NULL,NULL,NULL,'0.3.22',NULL,NULL,NULL),(2363,'intFileAssetType',3,NULL,NULL,NULL,'0.3.22',NULL,NULL,NULL),(2364,'strFile',2,NULL,NULL,NULL,'0.3.22',NULL,NULL,NULL),(2365,'strFileName',2,NULL,NULL,NULL,'0.3.22',NULL,NULL,NULL),(2366,'blnClickToView',5,NULL,NULL,NULL,'0.3.22',NULL,NULL,NULL),(2367,'strTemporaryUploadPath',2,NULL,NULL,NULL,'0.3.22',NULL,NULL,NULL),(2368,'Image',2,NULL,0,'1','0.3.22',NULL,'An image file',''),(2369,'Pdf',2,NULL,0,'2','0.3.22',NULL,'A pdf file',''),(2370,'lblMessage',1,NULL,NULL,NULL,'0.3.22',NULL,NULL,NULL),(2371,'flcFileAsset',1,NULL,NULL,NULL,'0.3.22',NULL,NULL,NULL),(2372,'lblError',1,NULL,NULL,NULL,'0.3.22',NULL,NULL,NULL),(2373,'btnUpload',1,NULL,NULL,NULL,'0.3.22',NULL,NULL,NULL),(2374,'btnCancel',1,NULL,NULL,NULL,'0.3.22',NULL,NULL,NULL),(2375,'objSpinner',9,NULL,NULL,NULL,'0.3.22',NULL,NULL,NULL),(2376,'strFileUploadCallback',2,NULL,NULL,NULL,'0.3.22',NULL,NULL,NULL),(2377,'objParentObject',9,NULL,NULL,NULL,'0.3.22',NULL,NULL,NULL),(2779,'strCssClass',2,NULL,NULL,'\'dialogbox\'','0.3.33',NULL,NULL,NULL),(2379,'strControlId',2,NULL,NULL,'null','0.3.22',NULL,NULL,NULL),(2380,'strFormId',2,NULL,NULL,NULL,'0.3.22',NULL,NULL,NULL),(2381,'strControlId',2,NULL,NULL,NULL,'0.3.22',NULL,NULL,NULL),(2382,'strParameter',2,NULL,NULL,NULL,'0.3.22',NULL,NULL,NULL),(2383,'strErrorMessage',2,NULL,NULL,NULL,'0.3.22',NULL,NULL,NULL),(2384,'strPreviousRequestMode',2,NULL,NULL,'false','0.3.22',NULL,NULL,NULL),(2385,'strHtmlIncludeFilePath',2,NULL,NULL,NULL,'0.3.22',NULL,NULL,NULL),(2386,'strCssClass',2,NULL,NULL,NULL,'0.3.22',NULL,NULL,NULL),(2388,'CssClass',2,NULL,NULL,NULL,'0.3.22',NULL,NULL,NULL),(2389,'strBackColor',2,NULL,NULL,'\'ffffff\'','0.3.22',NULL,NULL,NULL),(2390,'blnScaleCanvasDown',5,NULL,NULL,'false','0.3.22',NULL,NULL,NULL),(2391,'blnScaleImageUp',5,NULL,NULL,'true','0.3.22',NULL,NULL,NULL),(2392,'strImageType',2,NULL,NULL,'null','0.3.22',NULL,NULL,NULL),(2393,'intQuality',3,NULL,NULL,'100','0.3.22',NULL,NULL,NULL),(2394,'strImagePath',2,NULL,NULL,NULL,'0.3.22',NULL,NULL,NULL),(2395,'strAlternateText',2,NULL,NULL,NULL,'0.3.22',NULL,NULL,NULL),(2396,'strCacheFolder',2,NULL,NULL,'null','0.3.22',NULL,NULL,NULL),(2397,'strCacheFilename',2,NULL,NULL,'null','0.3.22',NULL,NULL,NULL),(2398,'strSourceImageType',2,NULL,NULL,'null','0.3.22',NULL,NULL,NULL),(2399,'strCachedActualFilePath',2,NULL,NULL,'null','0.3.22',NULL,NULL,NULL),(2400,'objParentObject',9,NULL,NULL,NULL,'0.3.22',NULL,NULL,NULL),(2401,'strControlId',2,NULL,NULL,'null','0.3.22',NULL,NULL,NULL),(2402,'blnDisplayOutput',5,NULL,NULL,'true','0.3.22',NULL,NULL,NULL),(2403,'strPath',2,NULL,NULL,NULL,'0.3.22',NULL,NULL,NULL),(2404,'strPath',2,NULL,NULL,'null','0.3.22',NULL,NULL,NULL),(2405,'ScaleCanvasDown',5,NULL,NULL,'false','0.3.22',NULL,NULL,NULL),(2406,'ScaleImageUp',5,NULL,NULL,'true','0.3.22',NULL,NULL,NULL),(2407,'ImageType',2,NULL,NULL,'null','0.3.22',NULL,NULL,NULL),(2408,'Quality',3,NULL,NULL,'100','0.3.22',NULL,NULL,NULL),(2409,'CacheFolder',2,NULL,NULL,'null','0.3.22',NULL,NULL,NULL),(2410,'CacheFilename',2,NULL,NULL,'null','0.3.22',NULL,NULL,NULL),(2411,'ImagePath',2,NULL,NULL,NULL,'0.3.22',NULL,NULL,NULL),(2412,'AlternateText',2,NULL,NULL,NULL,'0.3.22',NULL,NULL,NULL),(2413,'jpeg',1,NULL,NULL,NULL,'0.3.22',NULL,NULL,NULL),(2414,'jpg',1,NULL,NULL,NULL,'0.3.22',NULL,NULL,NULL),(2415,'png',1,NULL,NULL,NULL,'0.3.22',NULL,NULL,NULL),(2416,'gif',1,NULL,NULL,NULL,'0.3.22',NULL,NULL,NULL),(2417,'BackColor',2,NULL,NULL,'\'ffffff\'','0.3.22',NULL,NULL,NULL),(2418,'Width',1,NULL,NULL,NULL,'0.3.22',NULL,NULL,NULL),(2419,'Height',1,NULL,NULL,NULL,'0.3.22',NULL,NULL,NULL),(2420,'objColumn',9,NULL,NULL,NULL,'0.3.22',NULL,NULL,NULL),(2421,'blnBackButtonFlag',5,NULL,NULL,NULL,'0.3.22',NULL,NULL,NULL),(2422,'blnBackButtonFlag',5,NULL,NULL,NULL,'0.3.22',NULL,NULL,NULL),(2423,'blnBackButtonFlag',5,NULL,NULL,NULL,'0.3.22',NULL,NULL,NULL),(2424,'Adapter',2,NULL,NULL,'\'MySql Improved Database Adapter for MySQL 5\'','0.3.22',NULL,NULL,NULL),(2425,'strQuery',2,NULL,NULL,NULL,'0.3.22',NULL,NULL,NULL),(2426,'Adapter',2,NULL,NULL,'\'MySql Improved Database Adapter for MySQL 4\'','0.3.22',NULL,NULL,NULL),(2427,'Adapter',2,NULL,NULL,'\'Microsoft SQL Server Database Adapter\'','0.3.22',NULL,NULL,NULL),(2428,'Adapter',2,NULL,NULL,'\'PostgreSQL Database Adapter\'','0.3.22',NULL,NULL,NULL),(2429,'Adapter',2,NULL,NULL,'\'MySql Legacy Database Adapter for MySQL 4\'','0.3.22',NULL,NULL,NULL),(2430,'mixDefault',6,NULL,NULL,NULL,'0.3.22',NULL,NULL,NULL),(2431,'Default',6,NULL,NULL,NULL,'0.3.22',NULL,NULL,NULL),(2432,'SecondsPerYear',2,NULL,NULL,'31556926','0.3.22',NULL,NULL,NULL),(2433,'SecondsPerMonth',2,NULL,NULL,'2592000','0.3.22',NULL,NULL,NULL),(2434,'SecondsPerDay',2,NULL,NULL,'86400','0.3.22',NULL,NULL,NULL),(2435,'SecondsPerHour',2,NULL,NULL,'3600','0.3.22',NULL,NULL,NULL),(2436,'SecondsPerMinute',2,NULL,NULL,'60','0.3.22',NULL,NULL,NULL),(2437,'Years',1,NULL,NULL,NULL,'0.3.22',NULL,NULL,NULL),(2438,'Adapter',2,NULL,NULL,'\'Generic Database Adapter (Abstract)\'','0.3.22',NULL,NULL,NULL),(2439,'objConfigArray',9,NULL,1,NULL,'0.3.22',NULL,NULL,NULL),(2440,'blnConnectedFlag',5,NULL,NULL,'false','0.3.22',NULL,NULL,NULL),(2441,'objConfigArray',9,NULL,1,NULL,'0.3.22',NULL,NULL,NULL),(2442,'Adapter',1,NULL,NULL,NULL,'0.3.22',NULL,NULL,NULL),(2443,'Server',1,NULL,NULL,NULL,'0.3.22',NULL,NULL,NULL),(2444,'Port',1,NULL,NULL,NULL,'0.3.22',NULL,NULL,NULL),(2445,'Database',1,NULL,NULL,NULL,'0.3.22',NULL,NULL,NULL),(2446,'Username',1,NULL,NULL,NULL,'0.3.22',NULL,NULL,NULL),(2447,'Password',1,NULL,NULL,NULL,'0.3.22',NULL,NULL,NULL),(2482,'strFile',2,NULL,NULL,NULL,'0.3.22',NULL,NULL,NULL),(2587,'objBuilder',9,NULL,NULL,NULL,'0.3.26',NULL,NULL,NULL),(2456,'intMinutes',3,NULL,NULL,NULL,'0.3.22',NULL,NULL,NULL),(2457,'intHours',3,NULL,NULL,NULL,'0.3.22',NULL,NULL,NULL),(2458,'intDays',3,NULL,NULL,NULL,'0.3.22',NULL,NULL,NULL),(2459,'intMonths',3,NULL,NULL,NULL,'0.3.22',NULL,NULL,NULL),(2460,'intYears',3,NULL,NULL,NULL,'0.3.22',NULL,NULL,NULL),(2461,'mixValue',6,NULL,NULL,NULL,'0.3.22',NULL,NULL,NULL),(2462,'EncodingType',1,NULL,0,'null','0.3.22',NULL,'Encoding type',''),(2463,'objParentObject',9,NULL,NULL,NULL,'0.3.22',NULL,NULL,NULL),(2464,'strControlId',2,NULL,NULL,'null','0.3.22',NULL,NULL,NULL),(2465,'File',2,NULL,NULL,NULL,'0.3.22',NULL,NULL,NULL),(2466,'FileName',2,NULL,NULL,NULL,'0.3.22',NULL,NULL,NULL),(2467,'UnacceptableMessage',2,NULL,NULL,NULL,'0.3.22',NULL,NULL,NULL),(2468,'FileAssetType',3,NULL,NULL,NULL,'0.3.22',NULL,NULL,NULL),(2469,'TemporaryUploadPath',2,NULL,NULL,NULL,'0.3.22',NULL,NULL,NULL),(2470,'ClickToView',5,NULL,NULL,NULL,'0.3.22',NULL,NULL,NULL),(2471,'DialogBoxCssClass',1,NULL,NULL,NULL,'0.3.22',NULL,NULL,NULL),(2472,'UploadText',1,NULL,NULL,NULL,'0.3.22',NULL,NULL,NULL),(2473,'CancelText',1,NULL,NULL,NULL,'0.3.22',NULL,NULL,NULL),(2474,'DialogBoxHtml',1,NULL,NULL,NULL,'0.3.22',NULL,NULL,NULL),(2523,'strIconFilePathArray',2,NULL,1,'array','0.3.24',NULL,NULL,NULL),(2499,'intFileAssetType',3,NULL,NULL,NULL,'0.3.22',NULL,NULL,NULL),(2514,'PageCount',1,NULL,NULL,NULL,'0.3.23',NULL,NULL,NULL),(2561,'strAlternateText',2,NULL,NULL,NULL,'0.3.25',NULL,NULL,NULL),(2959,'blnProcessed',5,NULL,NULL,NULL,'0.3.38',NULL,NULL,NULL),(2515,'strTableName',2,NULL,NULL,NULL,'0.3.23',NULL,NULL,NULL),(2590,'objBuilder',9,NULL,NULL,NULL,'0.3.26',NULL,NULL,NULL),(2531,'\'__URL_REWRITE__\'',2,NULL,NULL,'\'none\'','0.3.25',NULL,NULL,NULL),(2753,'\'__DATA_META_CONTROLS__\'',2,NULL,NULL,'__INCLUDES__\'/data_meta_controls\'','0.3.33',NULL,NULL,NULL),(2532,'strString',2,NULL,NULL,NULL,'0.3.25',NULL,NULL,NULL),(2533,'blnHtmlEntities',5,NULL,NULL,'true','0.3.25',NULL,NULL,NULL),(2534,'Document',2,NULL,NULL,'3','0.3.25',NULL,NULL,NULL),(2535,'strQuery',2,NULL,NULL,NULL,'0.3.25',NULL,NULL,NULL),(2536,'Offset',3,NULL,NULL,NULL,'0.3.25',NULL,NULL,NULL),(2537,'BackTrace',1,NULL,NULL,NULL,'0.3.25',NULL,NULL,NULL),(2538,'Query',2,NULL,NULL,NULL,'0.3.25',NULL,NULL,NULL),(2539,'blnReverseEquality',5,NULL,NULL,'false','0.3.25',NULL,NULL,NULL),(2589,'strValue',2,NULL,NULL,NULL,'0.3.26',NULL,NULL,NULL),(2562,'strCacheFolder',2,NULL,NULL,'null','0.3.25',NULL,NULL,NULL),(2563,'strCacheFilename',2,NULL,NULL,'null','0.3.25',NULL,NULL,NULL),(2564,'strCachedActualFilePath',2,NULL,NULL,'null','0.3.25',NULL,NULL,NULL),(2565,'strControlClassName',2,NULL,NULL,'\'QImageBase\'','0.3.25',NULL,NULL,NULL),(2566,'objParentObject',9,NULL,NULL,NULL,'0.3.25',NULL,NULL,NULL),(2567,'strControlId',2,NULL,NULL,'null','0.3.25',NULL,NULL,NULL),(2568,'blnDisplayOutput',5,NULL,NULL,'true','0.3.25',NULL,NULL,NULL),(2569,'strPath',2,NULL,NULL,'null','0.3.25',NULL,NULL,NULL),(2570,'objFinalImage',9,NULL,NULL,NULL,'0.3.25',NULL,NULL,NULL),(2571,'strPath',2,NULL,NULL,NULL,'0.3.25',NULL,NULL,NULL),(2572,'CacheFolder',2,NULL,NULL,'null','0.3.25',NULL,NULL,NULL),(2573,'CacheFilename',2,NULL,NULL,'null','0.3.25',NULL,NULL,NULL),(2574,'AlternateText',2,NULL,NULL,NULL,'0.3.25',NULL,NULL,NULL),(2616,'strFilePath',2,NULL,NULL,NULL,'0.3.26',NULL,NULL,NULL),(2585,'objQueryNode',9,NULL,NULL,NULL,'0.3.26',NULL,NULL,NULL),(2591,'mixOperandTwo',6,NULL,NULL,NULL,'0.3.26',NULL,NULL,NULL),(2592,'objQueryNode',9,NULL,NULL,NULL,'0.3.26',NULL,NULL,NULL),(2593,'strMinValue',2,NULL,NULL,NULL,'0.3.26',NULL,NULL,NULL),(2594,'strMaxValue',2,NULL,NULL,NULL,'0.3.26',NULL,NULL,NULL),(2595,'objBuilder',9,NULL,NULL,NULL,'0.3.26',NULL,NULL,NULL),(2596,'mixOperandTwo',6,NULL,NULL,NULL,'0.3.26',NULL,NULL,NULL),(2597,'objQueryNode',9,NULL,NULL,NULL,'0.3.26',NULL,NULL,NULL),(2598,'strMinValue',2,NULL,NULL,NULL,'0.3.26',NULL,NULL,NULL),(2599,'strMaxValue',2,NULL,NULL,NULL,'0.3.26',NULL,NULL,NULL),(2600,'objBuilder',9,NULL,NULL,NULL,'0.3.26',NULL,NULL,NULL),(2601,'objQueryNode',9,NULL,NULL,NULL,'0.3.26',NULL,NULL,NULL),(2602,'mixValuesArray',6,NULL,1,NULL,'0.3.26',NULL,NULL,NULL),(2603,'objQueryNode',9,NULL,NULL,NULL,'0.3.26',NULL,NULL,NULL),(2604,'strValue',2,NULL,NULL,NULL,'0.3.26',NULL,NULL,NULL),(2605,'objQueryNode',9,NULL,NULL,NULL,'0.3.26',NULL,NULL,NULL),(2606,'strMinValue',2,NULL,NULL,NULL,'0.3.26',NULL,NULL,NULL),(2607,'strMaxValue',2,NULL,NULL,NULL,'0.3.26',NULL,NULL,NULL),(2608,'objQueryNode',9,NULL,NULL,NULL,'0.3.26',NULL,NULL,NULL),(2609,'strMinValue',2,NULL,NULL,NULL,'0.3.26',NULL,NULL,NULL),(2610,'strMaxValue',2,NULL,NULL,NULL,'0.3.26',NULL,NULL,NULL),(2611,'mixValueTwo',6,NULL,NULL,'null','0.3.26',NULL,NULL,NULL),(2816,'dttMinimum',7,NULL,NULL,'null','0.3.34',NULL,NULL,NULL),(2684,'strFunctionName',2,NULL,NULL,'\'SUM\'','0.3.29',NULL,NULL,NULL),(2617,'strMimeType',2,NULL,NULL,NULL,'0.3.26',NULL,NULL,NULL),(2618,'strFileName',2,NULL,NULL,NULL,'0.3.26',NULL,NULL,NULL),(2619,'strEncodedFileData',2,NULL,NULL,NULL,'0.3.26',NULL,NULL,NULL),(2620,'strFilePath',2,NULL,NULL,NULL,'0.3.26',NULL,NULL,NULL),(2621,'strSpecifiedMimeType',2,NULL,NULL,'null','0.3.26',NULL,NULL,NULL),(2622,'strSpecifiedFileName',2,NULL,NULL,'null','0.3.26',NULL,NULL,NULL),(2623,'FilePath',2,NULL,NULL,NULL,'0.3.26',NULL,NULL,NULL),(2624,'MimeType',2,NULL,NULL,NULL,'0.3.26',NULL,NULL,NULL),(2625,'FileName',2,NULL,NULL,NULL,'0.3.26',NULL,NULL,NULL),(2626,'EncodedFileData',2,NULL,NULL,NULL,'0.3.26',NULL,NULL,NULL),(2627,'objFileArray',9,NULL,1,'array','0.3.26',NULL,NULL,NULL),(2628,'objFile',9,NULL,NULL,NULL,'0.3.26',NULL,NULL,NULL),(2629,'strFilePath',2,NULL,NULL,NULL,'0.3.26',NULL,NULL,NULL),(2630,'strSpecifiedMimeType',2,NULL,NULL,'null','0.3.26',NULL,NULL,NULL),(2631,'strSpecifiedFileName',2,NULL,NULL,'null','0.3.26',NULL,NULL,NULL),(2632,'strFileName',2,NULL,NULL,NULL,'0.3.26',NULL,NULL,NULL),(2633,'FileArray',9,NULL,1,'array','0.3.26',NULL,NULL,NULL),(2634,'HasFiles',1,NULL,NULL,NULL,'0.3.26',NULL,NULL,NULL),(2635,'_Default',2,NULL,NULL,'\'application/octet-stream\'','0.3.26',NULL,NULL,NULL),(2636,'Executable',2,NULL,NULL,'\'application/octet-stream\'','0.3.26',NULL,NULL,NULL),(2637,'Gif',2,NULL,NULL,'\'image/gif\'','0.3.26',NULL,NULL,NULL),(2638,'Html',2,NULL,NULL,'\'text/html\'','0.3.26',NULL,NULL,NULL),(2639,'Jpeg',2,NULL,NULL,'\'image/jpeg\'','0.3.26',NULL,NULL,NULL),(2640,'Mp3',2,NULL,NULL,'\'audio/mpeg\'','0.3.26',NULL,NULL,NULL),(2641,'MpegVideo',2,NULL,NULL,'\'video/mpeg\'','0.3.26',NULL,NULL,NULL),(2642,'MsExcel',2,NULL,NULL,'\'application/vnd.ms-excel\'','0.3.26',NULL,NULL,NULL),(2643,'MsPowerpoint',2,NULL,NULL,'\'application/vnd.ms-powerpoint\'','0.3.26',NULL,NULL,NULL),(2644,'MsWord',2,NULL,NULL,'\'application/vnd.ms-word\'','0.3.26',NULL,NULL,NULL),(2645,'Pdf',2,NULL,NULL,'\'application/pdf\'','0.3.26',NULL,NULL,NULL),(2646,'PlainText',2,NULL,NULL,'\'text/plain\'','0.3.26',NULL,NULL,NULL),(2647,'Png',2,NULL,NULL,'\'image/png\'','0.3.26',NULL,NULL,NULL),(2648,'RichText',2,NULL,NULL,'\'text/richtext\'','0.3.26',NULL,NULL,NULL),(2649,'Quicktime',2,NULL,NULL,'\'video/quicktime\'','0.3.26',NULL,NULL,NULL),(2650,'Xml',2,NULL,NULL,'\'text/xml\'','0.3.26',NULL,NULL,NULL),(2651,'Zip',2,NULL,NULL,'\'application/zip\'','0.3.26',NULL,NULL,NULL),(2652,'MimeTypeFor',1,NULL,NULL,'array \'doc\'=>QMimeType::MsWord,\'exe\'=>QMimeType::Executable,\'gif\'=>QMimeType::Gif,\'htm\'=>QMimeType::Html,\'html\'=>QMimeType::Html,\'jpeg\'=>QMimeType::Jpeg,\'jpg\'=>QMimeType::Jpeg,\'mov\'=>QMimeType::Quickt','0.3.26',NULL,NULL,NULL),(2653,'MagicDatabaseFilePath',1,NULL,NULL,'null','0.3.26',NULL,NULL,NULL),(2654,'strFilePath',2,NULL,NULL,NULL,'0.3.26',NULL,NULL,NULL),(2655,'strFilename',2,NULL,NULL,NULL,'0.3.26',NULL,NULL,NULL),(2670,'strIgnoreJavaScriptFileArray',2,NULL,1,'array','0.3.29',NULL,NULL,NULL),(2682,'objNode',9,NULL,NULL,NULL,'0.3.29',NULL,NULL,NULL),(2671,'strIgnoreStyleSheetFileArray',2,NULL,1,'array','0.3.29',NULL,NULL,NULL),(2672,'strIgnoreJavaScriptFileArray',2,NULL,1,'array','0.3.29',NULL,NULL,NULL),(2673,'strIncludedStyleSheetFileArray',2,NULL,1,'array','0.3.29',NULL,NULL,NULL),(2674,'strIgnoreStyleSheetFileArray',2,NULL,1,'array','0.3.29',NULL,NULL,NULL),(2675,'strJavaScriptFileList',2,NULL,NULL,NULL,'0.3.29',NULL,NULL,NULL),(2676,'strStyleSheetFileList',2,NULL,NULL,NULL,'0.3.29',NULL,NULL,NULL),(2677,'strStyleSheets',2,NULL,NULL,'null','0.3.29',NULL,NULL,NULL),(2678,'StyleSheets',2,NULL,NULL,'null','0.3.29',NULL,NULL,NULL),(2929,'strFormat',2,NULL,NULL,'null','0.3.37',NULL,NULL,NULL),(2714,'strImageType',2,NULL,NULL,'QIMageType::Png','0.3.30',NULL,NULL,NULL),(2793,'intIndex',3,NULL,NULL,NULL,'0.3.33',NULL,NULL,NULL),(2794,'strPropertyName',2,NULL,NULL,'null','0.3.33',NULL,NULL,NULL),(2715,'intJpegQuality',3,NULL,NULL,'100','0.3.30',NULL,NULL,NULL),(2716,'strImagickTempFilePath',2,NULL,NULL,'\'/tmp\'','0.3.30',NULL,NULL,NULL),(2717,'objFinalImage',9,NULL,NULL,NULL,'0.3.30',NULL,NULL,NULL),(2718,'strPath',2,NULL,NULL,NULL,'0.3.30',NULL,NULL,NULL),(2719,'ImageType',2,NULL,NULL,'QIMageType::Png','0.3.30',NULL,NULL,NULL),(2720,'JpegQuality',3,NULL,NULL,'100','0.3.30',NULL,NULL,NULL),(2942,'\'__DATAGEN_META_CONTROLS__\'',2,NULL,NULL,'__INCLUDES__\'/data_meta_controls/generated\'','0.3.38',NULL,NULL,NULL),(2790,'_PropertyName',1,NULL,NULL,NULL,'0.3.33',NULL,NULL,NULL),(2791,'strPropertyName',2,NULL,NULL,NULL,'0.3.33',NULL,NULL,NULL),(2754,'intCellSpacing',3,NULL,NULL,'0','0.3.33',NULL,NULL,NULL),(2755,'intCellPadding',3,NULL,NULL,'0','0.3.33',NULL,NULL,NULL),(2756,'strCssClass',2,NULL,NULL,'\'paginator\'','0.3.33',NULL,NULL,NULL),(2757,'mixImageStandard',6,NULL,NULL,NULL,'0.3.33',NULL,NULL,NULL),(2758,'mixImageHover',6,NULL,NULL,NULL,'0.3.33',NULL,NULL,NULL),(2759,'strLinkUrl',2,NULL,NULL,NULL,'0.3.33',NULL,NULL,NULL),(2760,'strCustomLinkStyleArray',2,NULL,1,'array','0.3.33',NULL,NULL,NULL),(2761,'strAltText',2,NULL,NULL,NULL,'0.3.33',NULL,NULL,NULL),(2762,'strJavaScripts',2,NULL,NULL,'\'_core/control_rollover.js\'','0.3.33',NULL,NULL,NULL),(2763,'strName',2,NULL,NULL,NULL,'0.3.33',NULL,NULL,NULL),(2764,'strValue',2,NULL,NULL,NULL,'0.3.33',NULL,NULL,NULL),(2765,'strName',2,NULL,NULL,NULL,'0.3.33',NULL,NULL,NULL),(2766,'strName',2,NULL,NULL,NULL,'0.3.33',NULL,NULL,NULL),(2767,'ImageStandard',6,NULL,NULL,NULL,'0.3.33',NULL,NULL,NULL),(2768,'ImageHover',6,NULL,NULL,NULL,'0.3.33',NULL,NULL,NULL),(2769,'AltText',2,NULL,NULL,NULL,'0.3.33',NULL,NULL,NULL),(2770,'LinkUrl',2,NULL,NULL,NULL,'0.3.33',NULL,NULL,NULL),(2771,'strCssClass',2,NULL,NULL,'\'datetimepicker\'','0.3.33',NULL,NULL,NULL),(2772,'CreateOrEdit',2,NULL,NULL,'1','0.3.33',NULL,NULL,NULL),(2773,'CreateOnRecordNotFound',2,NULL,NULL,'2','0.3.33',NULL,NULL,NULL),(2774,'EditOnly',2,NULL,NULL,'3','0.3.33',NULL,NULL,NULL),(2775,'PathInfo',2,NULL,NULL,'1','0.3.33',NULL,NULL,NULL),(2776,'QueryString',2,NULL,NULL,'2','0.3.33',NULL,NULL,NULL),(2777,'PostData',2,NULL,NULL,'3','0.3.33',NULL,NULL,NULL),(2778,'strFileUploadCallback',2,NULL,NULL,NULL,'0.3.33',NULL,NULL,NULL),(2780,'strModuleName',2,NULL,NULL,NULL,'0.3.33',NULL,NULL,NULL),(2781,'strFilename',2,NULL,NULL,NULL,'0.3.33',NULL,NULL,NULL),(2782,'blnOverrideFlag',5,NULL,NULL,NULL,'0.3.33',NULL,NULL,NULL),(2784,'strModuleName',2,NULL,NULL,NULL,'0.3.33',NULL,NULL,NULL),(2785,'strName',2,NULL,NULL,NULL,'0.3.33',NULL,NULL,NULL),(3090,'objPaginatedControl',9,NULL,NULL,NULL,'0.3.41',NULL,NULL,NULL),(2885,'strCssClassName',2,NULL,NULL,NULL,'0.3.35',NULL,NULL,NULL),(3014,'intExample',3,NULL,NULL,NULL,'0.3.39',NULL,NULL,NULL),(2895,'strFormat',2,NULL,NULL,'\'%s\'','0.3.35',NULL,NULL,NULL),(3098,'objParentBuilder',9,NULL,NULL,NULL,'0.3.41',NULL,NULL,NULL),(2817,'dttMaximum',7,NULL,NULL,'null','0.3.34',NULL,NULL,NULL),(2818,'strLabelForInvalid',2,NULL,NULL,'\'For example, \"Mar 20, 4:30pm\" or \"Mar 20\"\'','0.3.34',NULL,NULL,NULL),(2819,'strText',2,NULL,NULL,NULL,'0.3.34',NULL,NULL,NULL),(2820,'Maximum',7,NULL,NULL,'null','0.3.34',NULL,NULL,NULL),(2821,'Minimum',7,NULL,NULL,'null','0.3.34',NULL,NULL,NULL),(2822,'DateTime',1,NULL,NULL,NULL,'0.3.34',NULL,NULL,NULL),(2823,'LabelForInvalid',2,NULL,NULL,'\'For example, \"Mar 20, 4:30pm\" or \"Mar 20\"\'','0.3.34',NULL,NULL,NULL),(2824,'EventName',2,NULL,NULL,'\'onblur\'','0.3.34',NULL,NULL,NULL),(2825,'EventName',2,NULL,NULL,'\'onchange\'','0.3.34',NULL,NULL,NULL),(2826,'EventName',2,NULL,NULL,'\'onclick\'','0.3.34',NULL,NULL,NULL),(2827,'EventName',2,NULL,NULL,'\'ondblclick\'','0.3.34',NULL,NULL,NULL),(2828,'EventName',2,NULL,NULL,'\'ondragdrop\'','0.3.34',NULL,NULL,NULL),(2829,'EventName',2,NULL,NULL,'\'onfocus\'','0.3.34',NULL,NULL,NULL),(2830,'EventName',2,NULL,NULL,'\'onkeydown\'','0.3.34',NULL,NULL,NULL),(2831,'EventName',2,NULL,NULL,'\'onkeypress\'','0.3.34',NULL,NULL,NULL),(2832,'EventName',2,NULL,NULL,'\'onkeyup\'','0.3.34',NULL,NULL,NULL),(2833,'EventName',2,NULL,NULL,'\'onmousedown\'','0.3.34',NULL,NULL,NULL),(2834,'EventName',2,NULL,NULL,'\'onmousemove\'','0.3.34',NULL,NULL,NULL),(2835,'EventName',2,NULL,NULL,'\'onmouseout\'','0.3.34',NULL,NULL,NULL),(2836,'EventName',2,NULL,NULL,'\'onmouseover\'','0.3.34',NULL,NULL,NULL),(2837,'EventName',2,NULL,NULL,'\'onmouseup\'','0.3.34',NULL,NULL,NULL),(2838,'EventName',2,NULL,NULL,'\'onqcodomove\'','0.3.34',NULL,NULL,NULL),(2839,'EventName',2,NULL,NULL,'\'onqcodoresize\'','0.3.34',NULL,NULL,NULL),(2840,'EventName',2,NULL,NULL,'\'onselect\'','0.3.34',NULL,NULL,NULL),(2841,'mixCausesValidationOverride',6,NULL,NULL,NULL,'0.3.34',NULL,NULL,NULL),(2842,'mixCausesValidationOverride',6,NULL,NULL,'null','0.3.34',NULL,NULL,NULL),(2843,'CausesValidationOverride',6,NULL,NULL,NULL,'0.3.34',NULL,NULL,NULL),(2844,'mixCausesValidationOverride',6,NULL,NULL,NULL,'0.3.34',NULL,NULL,NULL),(2845,'mixCausesValidationOverride',6,NULL,NULL,'null','0.3.34',NULL,NULL,NULL),(2846,'CausesValidationOverride',6,NULL,NULL,NULL,'0.3.34',NULL,NULL,NULL),(2847,'mixCausesValidationOverride',6,NULL,NULL,'null','0.3.34',NULL,NULL,NULL),(2848,'mixCausesValidationOverride',6,NULL,NULL,'null','0.3.34',NULL,NULL,NULL),(2849,'strControlId',2,NULL,NULL,'null','0.3.34',NULL,NULL,NULL),(2850,'objControl',9,NULL,NULL,NULL,'0.3.34',NULL,NULL,NULL),(2851,'objControl',9,NULL,NULL,NULL,'0.3.34',NULL,NULL,NULL),(2852,'strEventName',2,NULL,NULL,NULL,'0.3.34',NULL,NULL,NULL),(2896,'Format',2,NULL,NULL,'\'%s\'','0.3.35',NULL,NULL,NULL),(3097,'strJoinConditionArray',2,NULL,1,NULL,'0.3.41',NULL,NULL,NULL),(2930,'Format',2,NULL,NULL,'null','0.3.37',NULL,NULL,NULL),(2931,'objColumn',9,NULL,NULL,NULL,'0.3.37',NULL,NULL,NULL),(2932,'objReverseReference',9,NULL,NULL,NULL,'0.3.37',NULL,NULL,NULL),(2933,'objManyToManyReference',9,NULL,NULL,NULL,'0.3.37',NULL,NULL,NULL),(2958,'objJoinCondition',9,NULL,NULL,'null','0.3.38',NULL,NULL,NULL),(2957,'objJoinCondition',9,NULL,NULL,'null','0.3.38',NULL,NULL,NULL),(2943,'objPersistentControlArray',9,NULL,1,'array','0.3.38',NULL,NULL,NULL),(2944,'objControl',9,NULL,NULL,NULL,'0.3.38',NULL,NULL,NULL),(2945,'strClassName',2,NULL,NULL,NULL,'0.3.38',NULL,NULL,NULL),(2946,'objParentObject',9,NULL,NULL,NULL,'0.3.38',NULL,NULL,NULL),(2947,'strControlId',2,NULL,NULL,NULL,'0.3.38',NULL,NULL,NULL),(2948,'strName',2,NULL,NULL,NULL,'0.3.38',NULL,NULL,NULL),(2949,'objColumn',9,NULL,NULL,NULL,'0.3.38',NULL,NULL,NULL),(2950,'strExtraFieldNamesArray',2,NULL,1,NULL,'0.3.38',NULL,NULL,NULL),(2951,'arrExtraPropertyArray',1,NULL,1,NULL,'0.3.38',NULL,NULL,NULL),(2952,'ExtraPropertyArray',1,NULL,1,NULL,'0.3.38',NULL,NULL,NULL),(2953,'ExtraFieldNamesArray',2,NULL,1,NULL,'0.3.38',NULL,NULL,NULL),(2962,'blnProcessOnce',5,NULL,NULL,'false','0.3.38',NULL,NULL,NULL),(2963,'strSql',2,NULL,NULL,NULL,'0.3.38',NULL,NULL,NULL),(2964,'objParentQueryNodes',9,NULL,NULL,'null','0.3.38',NULL,NULL,NULL),(2965,'strName',2,NULL,NULL,NULL,'0.3.38',NULL,NULL,NULL),(2966,'objSubQueryDefinition',9,NULL,NULL,'null','0.3.38',NULL,NULL,NULL),(2967,'objJoinCondition',9,NULL,NULL,'null','0.3.38',NULL,NULL,NULL),(2968,'strFunctionName',2,NULL,NULL,'\'COUNT\'','0.3.38',NULL,NULL,NULL),(2969,'strSql',2,NULL,NULL,NULL,'0.3.38',NULL,NULL,NULL),(2970,'objParentQueryNodes',9,NULL,NULL,NULL,'0.3.38',NULL,NULL,NULL),(2971,'strSql',2,NULL,NULL,NULL,'0.3.38',NULL,NULL,NULL),(2972,'objParentQueryNodes',9,NULL,NULL,'null','0.3.38',NULL,NULL,NULL),(2973,'objBuilder',9,NULL,NULL,NULL,'0.3.38',NULL,NULL,NULL),(2974,'strName',2,NULL,NULL,NULL,'0.3.38',NULL,NULL,NULL),(2975,'objSubQueryDefinition',9,NULL,NULL,NULL,'0.3.38',NULL,NULL,NULL),(2976,'strName',2,NULL,NULL,NULL,'0.3.38',NULL,NULL,NULL),(2977,'objSubQueryDefinition',9,NULL,NULL,'null','0.3.38',NULL,NULL,NULL),(2978,'objBuilder',9,NULL,NULL,NULL,'0.3.38',NULL,NULL,NULL),(2979,'objNode',9,NULL,NULL,NULL,'0.3.38',NULL,NULL,NULL),(2980,'objNode',9,NULL,NULL,NULL,'0.3.38',NULL,NULL,NULL),(2981,'objBuilder',9,NULL,NULL,NULL,'0.3.38',NULL,NULL,NULL),(2982,'objJoinCondition',9,NULL,NULL,NULL,'0.3.38',NULL,NULL,NULL),(2983,'objJoinCondition',9,NULL,NULL,'null','0.3.38',NULL,NULL,NULL),(2984,'strColumnAliasArray',2,NULL,1,NULL,'0.3.38',NULL,NULL,NULL),(2985,'intColumnAliasCount',3,NULL,NULL,'0','0.3.38',NULL,NULL,NULL),(2986,'strTableAliasArray',2,NULL,1,NULL,'0.3.38',NULL,NULL,NULL),(2987,'intTableAliasCount',3,NULL,NULL,'0','0.3.38',NULL,NULL,NULL),(2988,'objVirtualNodeArray',9,NULL,1,NULL,'0.3.38',NULL,NULL,NULL),(2989,'strEscapeIdentifierBegin',2,NULL,NULL,NULL,'0.3.38',NULL,NULL,NULL),(2990,'strEscapeIdentifierEnd',2,NULL,NULL,NULL,'0.3.38',NULL,NULL,NULL),(2991,'strTableName',2,NULL,NULL,NULL,'0.3.38',NULL,NULL,NULL),(2992,'strColumnName',2,NULL,NULL,NULL,'0.3.38',NULL,NULL,NULL),(2993,'strFullAlias',2,NULL,NULL,NULL,'0.3.38',NULL,NULL,NULL),(2995,'strColumnName',2,NULL,NULL,NULL,'0.3.38',NULL,NULL,NULL),(2996,'strFullAlias',2,NULL,NULL,NULL,'0.3.38',NULL,NULL,NULL),(2997,'strTableName',2,NULL,NULL,NULL,'0.3.38',NULL,NULL,NULL),(2999,'strJoinTableName',2,NULL,NULL,NULL,'0.3.38',NULL,NULL,NULL),(3000,'strJoinTableAlias',2,NULL,NULL,NULL,'0.3.38',NULL,NULL,NULL),(3001,'strTableName',2,NULL,NULL,NULL,'0.3.38',NULL,NULL,NULL),(3002,'strColumnName',2,NULL,NULL,NULL,'0.3.38',NULL,NULL,NULL),(3003,'strLinkedColumnName',2,NULL,NULL,NULL,'0.3.38',NULL,NULL,NULL),(3004,'objJoinCondition',9,NULL,NULL,'null','0.3.38',NULL,NULL,NULL),(3006,'objNode',9,NULL,NULL,NULL,'0.3.38',NULL,NULL,NULL),(3007,'strName',2,NULL,NULL,NULL,'0.3.38',NULL,NULL,NULL),(3008,'ColumnAliasArray',2,NULL,1,NULL,'0.3.38',NULL,NULL,NULL),(3110,'objJoinCondition',9,NULL,NULL,NULL,'0.3.42',NULL,NULL,NULL),(3095,'objJoinCondition',9,NULL,NULL,'null','0.3.41',NULL,NULL,NULL),(3096,'objBuilder',9,NULL,NULL,NULL,'0.3.41',NULL,NULL,NULL),(3015,'strFoo',2,NULL,NULL,NULL,'0.3.39',NULL,NULL,NULL),(3016,'objParentObject',9,NULL,NULL,NULL,'0.3.39',NULL,NULL,NULL),(3017,'strControlId',2,NULL,NULL,'null','0.3.39',NULL,NULL,NULL),(3018,'Example',3,NULL,NULL,NULL,'0.3.39',NULL,NULL,NULL),(3019,'Foo',2,NULL,NULL,NULL,'0.3.39',NULL,NULL,NULL),(3020,'calLinkedControl',1,NULL,NULL,NULL,'0.3.39',NULL,NULL,NULL),(3021,'dtxLinkedControl',1,NULL,NULL,NULL,'0.3.39',NULL,NULL,NULL),(3022,'strCalendarImageSource',2,NULL,NULL,NULL,'0.3.39',NULL,NULL,NULL),(3023,'strCssClass',2,NULL,NULL,'\'calendar\'','0.3.39',NULL,NULL,NULL),(3024,'objEvent',9,NULL,NULL,NULL,'0.3.39',NULL,NULL,NULL),(3025,'objAction',9,NULL,NULL,NULL,'0.3.39',NULL,NULL,NULL),(3026,'objParentObject',9,NULL,NULL,NULL,'0.3.39',NULL,NULL,NULL),(3027,'dtxLinkedControl',1,NULL,NULL,NULL,'0.3.39',NULL,NULL,NULL),(3028,'strControlId',2,NULL,NULL,'null','0.3.39',NULL,NULL,NULL),(3029,'CalendarImageSource',2,NULL,NULL,NULL,'0.3.39',NULL,NULL,NULL),(3030,'strControlId',2,NULL,NULL,'null','0.3.39',NULL,NULL,NULL),(3031,'objControl',9,NULL,NULL,NULL,'0.3.39',NULL,NULL,NULL),(3032,'objControl',9,NULL,NULL,NULL,'0.3.39',NULL,NULL,NULL),(3033,'strControlId',2,NULL,NULL,'null','0.3.39',NULL,NULL,NULL),(3034,'calControl',1,NULL,NULL,NULL,'0.3.39',NULL,NULL,NULL),(3035,'objControl',9,NULL,NULL,NULL,'0.3.39',NULL,NULL,NULL),(3036,'strControlId',2,NULL,NULL,'null','0.3.39',NULL,NULL,NULL),(3037,'calControl',1,NULL,NULL,NULL,'0.3.39',NULL,NULL,NULL),(3038,'objControl',9,NULL,NULL,NULL,'0.3.39',NULL,NULL,NULL),(3039,'intTimestamp',3,NULL,NULL,'null','0.3.39',NULL,NULL,NULL),(3040,'strCalendarType',2,NULL,NULL,'QCalendarType::DateOnly','0.3.39',NULL,NULL,NULL),(3041,'strJavaScripts',2,NULL,NULL,'\'_core/calendar_popup.js\'','0.3.39',NULL,NULL,NULL),(3042,'DateTime',1,NULL,NULL,NULL,'0.3.39',NULL,NULL,NULL),(3043,'CalendarType',2,NULL,NULL,'QCalendarType::DateOnly','0.3.39',NULL,NULL,NULL),(3044,'UNMATCHED',2,NULL,NULL,'\"__UNMATCHED__\"','0.3.39',NULL,NULL,NULL),(3045,'DefaultMode',2,NULL,NULL,'\"default_mode\"','0.3.39',NULL,NULL,NULL),(3046,'objRegexMode',9,NULL,NULL,'array','0.3.39',NULL,NULL,NULL),(3047,'objModeHandlers',9,NULL,NULL,'array','0.3.39',NULL,NULL,NULL),(3048,'objTokenModeMap',9,NULL,NULL,'array','0.3.39',NULL,NULL,NULL),(3049,'objTokens',9,NULL,NULL,'array','0.3.39',NULL,NULL,NULL),(3050,'objModeStack',9,NULL,NULL,NULL,'0.3.39',NULL,NULL,NULL),(3051,'strStartMode',2,NULL,NULL,'QLexer::DefaultMode','0.3.39',NULL,NULL,NULL),(3052,'strPattern',2,NULL,NULL,NULL,'0.3.39',NULL,NULL,NULL),(3053,'strTokenName',2,NULL,NULL,NULL,'0.3.39',NULL,NULL,NULL),(3054,'strMode',2,NULL,NULL,'QLexer::DefaultMode','0.3.39',NULL,NULL,NULL),(3055,'strPattern',2,NULL,NULL,NULL,'0.3.39',NULL,NULL,NULL),(3056,'strTokenName',2,NULL,NULL,NULL,'0.3.39',NULL,NULL,NULL),(3057,'strMode',2,NULL,NULL,'QLexer::DefaultMode','0.3.39',NULL,NULL,NULL),(3058,'strNewMode',2,NULL,NULL,NULL,'0.3.39',NULL,NULL,NULL),(3059,'strPattern',2,NULL,NULL,NULL,'0.3.39',NULL,NULL,NULL),(3060,'strTokenName',2,NULL,NULL,NULL,'0.3.39',NULL,NULL,NULL),(3061,'strMode',2,NULL,NULL,NULL,'0.3.39',NULL,NULL,NULL),(3062,'strNewMode',2,NULL,NULL,'QLexer::DefaultMode','0.3.39',NULL,NULL,NULL),(3063,'strRaw',2,NULL,NULL,NULL,'0.3.39',NULL,NULL,NULL),(3064,'strRaw',2,NULL,NULL,NULL,'0.3.39',NULL,NULL,NULL),(3065,'RegexBookend',2,NULL,NULL,'\"/\"','0.3.39',NULL,NULL,NULL),(3066,'objPatterns',9,NULL,NULL,'array','0.3.39',NULL,NULL,NULL),(3067,'objLabels',9,NULL,NULL,'array','0.3.39',NULL,NULL,NULL),(3068,'strRegex',2,NULL,NULL,NULL,'0.3.39',NULL,NULL,NULL),(3069,'strPattern',2,NULL,NULL,NULL,'0.3.39',NULL,NULL,NULL),(3070,'strLabel',2,NULL,NULL,'true','0.3.39',NULL,NULL,NULL),(3071,'strPattern',2,NULL,NULL,NULL,'0.3.39',NULL,NULL,NULL),(3072,'strSubject',2,NULL,NULL,NULL,'0.3.39',NULL,NULL,NULL),(3073,'strMatch',2,NULL,NULL,NULL,'0.3.39',NULL,NULL,NULL),(3099,'objBuilder',9,NULL,NULL,NULL,'0.3.41',NULL,NULL,NULL),(3094,'objJoinCondition',9,NULL,NULL,'null','0.3.41',NULL,NULL,NULL),(3140,'dttCompare',7,NULL,NULL,NULL,'0.3.43',NULL,NULL,NULL),(3109,'strJoinTableAlias',2,NULL,NULL,NULL,'0.3.42',NULL,NULL,NULL),(3108,'strJoinTableName',2,NULL,NULL,NULL,'0.3.42',NULL,NULL,NULL),(3111,'strSql',2,NULL,NULL,NULL,'0.3.42',NULL,NULL,NULL),(3138,'objTimeZone',9,NULL,NULL,'null','0.3.43',NULL,NULL,NULL),(3125,'\'ERROR_LOG_PATH\'',2,NULL,NULL,'__INCLUDES__\'/error_log\'','0.3.43',NULL,NULL,NULL),(3126,'AnimatedGif',2,NULL,NULL,'\'AnimatedGif\'','0.3.43',NULL,NULL,NULL),(3139,'objTimeZone',9,NULL,NULL,'null','0.3.43',NULL,NULL,NULL);
UNLOCK TABLES;
/*!40000 ALTER TABLE `variable` ENABLE KEYS */;

--
-- Table structure for table `variable_group`
--

DROP TABLE IF EXISTS `variable_group`;
CREATE TABLE `variable_group` (
  `id` int(10) unsigned NOT NULL auto_increment,
  `name` varchar(50) default NULL,
  `order_number` int(11) default NULL,
  PRIMARY KEY  (`id`)
) ENGINE=MyISAM DEFAULT CHARSET=latin1;

--
-- Dumping data for table `variable_group`
--


/*!40000 ALTER TABLE `variable_group` DISABLE KEYS */;
LOCK TABLES `variable_group` WRITE;
INSERT INTO `variable_group` VALUES (1,'Unclassified',7),(2,'Appearance',1),(3,'Behavior',2),(4,'Internal',3),(5,'Layout',4),(6,'Miscellaneous',5),(7,'Settings',6);
UNLOCK TABLES;
/*!40000 ALTER TABLE `variable_group` ENABLE KEYS */;

--
-- Table structure for table `variable_type`
--

DROP TABLE IF EXISTS `variable_type`;
CREATE TABLE `variable_type` (
  `id` int(10) unsigned NOT NULL auto_increment,
  `name` varchar(50) NOT NULL default '',
  PRIMARY KEY  (`id`),
  UNIQUE KEY `name` (`name`)
) ENGINE=MyISAM DEFAULT CHARSET=latin1;

--
-- Dumping data for table `variable_type`
--


/*!40000 ALTER TABLE `variable_type` DISABLE KEYS */;
LOCK TABLES `variable_type` WRITE;
INSERT INTO `variable_type` VALUES (1,'Unknown'),(2,'String'),(3,'Integer'),(4,'Float'),(5,'Boolean'),(6,'Mixed'),(7,'QDateTime'),(8,'Resource'),(9,'Object');
UNLOCK TABLES;
/*!40000 ALTER TABLE `variable_type` ENABLE KEYS */;

/*!40101 SET SQL_MODE=@OLD_SQL_MODE */;
/*!40014 SET FOREIGN_KEY_CHECKS=@OLD_FOREIGN_KEY_CHECKS */;
/*!40014 SET UNIQUE_CHECKS=@OLD_UNIQUE_CHECKS */;
/*!40101 SET CHARACTER_SET_CLIENT=@OLD_CHARACTER_SET_CLIENT */;
/*!40101 SET CHARACTER_SET_RESULTS=@OLD_CHARACTER_SET_RESULTS */;
/*!40101 SET COLLATION_CONNECTION=@OLD_COLLATION_CONNECTION */;
/*!40111 SET SQL_NOTES=@OLD_SQL_NOTES */;

